"ID","Event","Abstract","Type","APAC","Year","Date","Start","End","Speaker","Affiliation","Title","Slides","Video","Abstract_Sanitzed","Missing_Content"
"rinpharma_1","2018 Conference",NA,"Workshop",NA,"2018",2018-08-15,"08:00:00","09:15:00","Marianna Foos","Biogen","Keeping things Peachy when Shiny gets Hairy",NA,NA,NA,"Unfortunately we do not currently have an abstract, copy of the slides or link to the video to this presentation"
"rinpharma_2","2018 Conference",NA,"Workshop",NA,"2018",2018-08-15,"08:00:00","09:15:00","Adrian Waddell","Roche","Analyzing Clinical Trials Data with R",NA,NA,NA,"Unfortunately we do not currently have an abstract, copy of the slides or link to the video to this presentation"
"rinpharma_3","2018 Conference",NA,"Workshop",NA,"2018",2018-08-15,"08:00:00","09:15:00","Daniel Lee","Generable","Stan for Pharma",NA,NA,NA,"Unfortunately we do not currently have an abstract, copy of the slides or link to the video to this presentation"
"rinpharma_4","2018 Conference",NA,"Workshop",NA,"2018",2018-08-15,"08:00:00","09:15:00","Devin Pastoor","Metrum Research Group","Moving Fast Without Breaking Things: Navigating the R Ecosystem in an Enterprise Environment",NA,NA,NA,"Unfortunately we do not currently have an abstract, copy of the slides or link to the video to this presentation"
"rinpharma_5","2018 Conference",NA,"Remarks",NA,"2018",2018-08-15,"09:15:00","09:25:00","Richard McCullough","Harvard University","Opening Remarks",NA,NA,NA,"Unfortunately we do not currently have an abstract, copy of the slides or link to the video to this presentation"
"rinpharma_6","2018 Conference","Lilliam will be presenting a perspective on what the office of computational science is doing to support regulatory review for safety assessments. She will explore the concept of collaborations and sharing to support process and transparency, along with a perspective with the use of R.","Keynote",NA,"2018",2018-08-15,"09:25:00","10:10:00","Lilliam Rosario","FDA","Modernizing the new drug regulatory program in FDA/CDER: Can Collaborations and Sharing Help?",NA,NA,"Lilliam will be presenting a perspective on what the office of computational science is doing to support regulatory review for safety assessments. She will explore the concept of collaborations and sharing to support process and transparency, along with a perspective with the use of R.",NA
"rinpharma_7","2018 Conference","The United States Food and Drug Administration (FDA) uses a variety of statistical software packages for review and research. This presentation will focus on the uses of R in the Center for Drug Evaluation and Research (CDER), including graphics for labels, Bayesian designs and analyses, simulations, machine learning, data quality and data integrity efforts, as well as interactive visualizations using R Shiny. Some of the challenges with using R will be discussed, as well as advantages of using R to collaborate with colleagues in industry and academe through Cooperative Research and Development Agreements (CRADAs), Broad Agency Agreements (BAAs), and working groups associated with professional societies (ASA, DIA, PhUSE).","Talk",NA,"2018",2018-08-15,"10:10:00","10:30:00","Paul Schuette","FDA","Using R in a regulatory environment: some FDA perspectives",NA,NA,"The United States Food and Drug Administration (FDA) uses a variety of statistical software packages for review and research. This presentation will focus on the uses of R in the Center for Drug Evaluation and Research (CDER), including graphics for labels, Bayesian designs and analyses, simulations, machine learning, data quality and data integrity efforts, as well as interactive visualizations using R Shiny. Some of the challenges with using R will be discussed, as well as advantages of using R to collaborate with colleagues in industry and academe through Cooperative Research and Development Agreements (CRADAs), Broad Agency Agreements (BAAs), and working groups associated with professional societies (ASA, DIA, PhUSE).",NA
"rinpharma_8","2018 Conference","The Data Science team in Pfizer’s Vaccine Research and Development division (VRD) creates and maintains validated applications used during high-throughput clinical testing that enable advanced analytic and reporting requirements. SAS has long been the de-facto standard for analyzing data in a regulated GxP environment. Web deployment of these applications has been the best approach, and Pfizer VRD has developed several mid-tier applications in Java that submit batch SAS processes on a High Performance Computing grid. Pfizer VRD’s high level approach is the same across different assay platforms: data are pulled from a combination of electronic files and Oracle databases and analyzed, results are written back to an Oracle database, and electronic output files are made in various formats (e.g. PDF). The regulated nature of Pfizer VRD’s work and the difficulty in deploying R-based applications over the web have previously been an impediment to the use of R, but new tools such as RStudio’s Shiny Server Pro have helped us overcome those challenges. This presentation focuses on a comparison of the architecture used to deploy our SAS applications and the infrastructure required to deploy R-based applications to meet GxP requirements. Real life examples will be provided to illustrate the usefulness of this platform in a regulated laboratory environment.","Talk",NA,"2018",2018-08-15,"10:30:00","10:40:00","Boyd Gonnerman | John Sims | Frank DePierro  | Peter Giardina","Pfizer | Pfizer | Pfizer | Pfizer","Using R in a GxP Environment",NA,NA,"The Data Science team in Pfizer’s Vaccine Research and Development division (VRD) creates and maintains validated applications used during high-throughput clinical testing that enable advanced analytic and reporting requirements. SAS has long been the de-facto standard for analyzing data in a regulated GxP environment. Web deployment of these applications has been the best approach, and Pfizer VRD has developed several mid-tier applications in Java that submit batch SAS processes on a High Performance Computing grid. Pfizer VRD’s high level approach is the same across different assay platforms data are pulled from a combination of electronic files and Oracle databases and analyzed, results are written back to an Oracle database, and electronic output files are made in various formats (e.g. PDF). The regulated nature of Pfizer VRD’s work and the difficulty in deploying R-based applications over the web have previously been an impediment to the use of R, but new tools such as RStudio’s Shiny Server Pro have helped us overcome those challenges. This presentation focuses on a comparison of the architecture used to deploy our SAS applications and the infrastructure required to deploy R-based applications to meet GxP requirements. Real life examples will be provided to illustrate the usefulness of this platform in a regulated laboratory environment.",NA
"rinpharma_9","2018 Conference","The success of a bacterial drug discovery program can be no greater than the phylogenetic diversity and capacity of those bacteria in the library to produce specialized metabolites (SM). However, the methods used to create bacterial strain libraries have seen little innovation in nearly 80 years. Current practice relies entirely on colony morphology and/or 16S rRNA gene sequencing analysis to decide which isolated strains to retain for addition to a drug discovery library. However, these practices create inefficient libraries plagued with a high degree of taxonomic and chemical redundancy by relying on physical characteristics that have limited correlation with strains’ SM, the foundation of drug discovery. Therefore, the development of a platform to rapidly prioritize unknown bacterial strains based on phylogeny and SM would greatly increase the efficiency of the front-end of microbial drug discovery. Our lab has recently developed such a platform, called IDBac, which uses in situ matrix-assisted laser desorption/ionization time-of-flight mass spectrometry (MALDI-TOF MS) to analyze protein and specialized metabolite spectra of single bacterial colonies. Utilizing R and Shiny, alongside state-of-the-art packages and techniques in MALDI processing and data visualization, we created a stand-alone executable program for MALDI-TOF MS bacterial analysis. Using unsupervised learning methods and visualizations we have demonstrated IDBac’s capabilities by creating protein and specialized metabolite MS profiles, generating protein MS hierarchical groupings that accurately mirrored phylogenetic groupings and further distinguishing isolates based on inter- and intra-species differences in specialized metabolite production. With the ease of use of modern MALDI instrumentation and interactive, intuitive data exploration, IDBac can rapidly profile up to 384 bacteria in 4 hours. To our knowledge, IDBac is the first attempt to couple in situ MS analyses of protein content and specialized metabolite production and will enable laboratories with access to a MALDI-TOF MS the ability to rapidly create more efficient libraries for their drug discovery programs.","Talk",NA,"2018",2018-08-15,"10:40:00","10:50:00","Chase Clark","University of Illinois","IDBac: A New Paradigm in Developing Microbial Libraries for Drug Discovery","https://github.com/rinpharma/2018_presentations/blob/master/talks_folder/2018-Clark-IDBac.pdf",NA,"The success of a bacterial drug discovery program can be no greater than the phylogenetic diversity and capacity of those bacteria in the library to produce specialized metabolites (SM). However, the methods used to create bacterial strain libraries have seen little innovation in nearly 80 years. Current practice relies entirely on colony morphology and/or 16S rRNA gene sequencing analysis to decide which isolated strains to retain for addition to a drug discovery library. However, these practices create inefficient libraries plagued with a high degree of taxonomic and chemical redundancy by relying on physical characteristics that have limited correlation with strains’ SM, the foundation of drug discovery. Therefore, the development of a platform to rapidly prioritize unknown bacterial strains based on phylogeny and SM would greatly increase the efficiency of the front-end of microbial drug discovery. Our lab has recently developed such a platform, called IDBac, which uses in situ matrix-assisted laser desorption/ionization time-of-flight mass spectrometry (MALDI-TOF MS) to analyze protein and specialized metabolite spectra of single bacterial colonies. Utilizing R and Shiny, alongside state-of-the-art packages and techniques in MALDI processing and data visualization, we created a stand-alone executable program for MALDI-TOF MS bacterial analysis. Using unsupervised learning methods and visualizations we have demonstrated IDBac’s capabilities by creating protein and specialized metabolite MS profiles, generating protein MS hierarchical groupings that accurately mirrored phylogenetic groupings and further distinguishing isolates based on inter- and intra-species differences in specialized metabolite production. With the ease of use of modern MALDI instrumentation and interactive, intuitive data exploration, IDBac can rapidly profile up to 384 bacteria in 4 hours. To our knowledge, IDBac is the first attempt to couple in situ MS analyses of protein content and specialized metabolite production and will enable laboratories with access to a MALDI-TOF MS the ability to rapidly create more efficient libraries for their drug discovery programs.",NA
"rinpharma_10","2018 Conference",NA,"Schedule only",NA,"2018",2018-08-15,"10:50:00","11:10:00",NA,NA,"Coffee",NA,NA,NA,"Unfortunately we do not currently have an abstract, copy of the slides or link to the video to this presentation"
"rinpharma_11","2018 Conference","bioWARP (biostatistical Web-Applications and R Procedures) is a Shiny application enabling employees at Roche Diagnostics to create validated reports for regulatory authorities submissions. bioWARP enables people using advanced statistical methods, who cannot program R. It builds a connection to the validated R-packages developed at Roche with an easy to use and elegant user interface. Its modular environment can host an unlimited number of such interfaces. bioWARP now consists of tools for reporting reference ranges, equality by linear regression, precision by variance component analysis and homogeneity by inhouse developed equivalence tests . bioWARP's most important feature is the ability to move all statistical evaluations right into PDF reports. These are validated and can directly be used for submission to regulatory authorities. bioWARP is called the “largest shiny application in the world” by us as it already consists of 16 tools, has over 100.000 lines of code, >500 buttons and interaction items and is growing and growing and growing.","Talk",NA,"2018",2018-08-15,"11:10:00","11:30:00","Sebastian Wolf","Roche","The largest Shiny application in the world. Roche.Diagnostics.bioWARP",NA,NA,"bioWARP (biostatistical Web-Applications and R Procedures) is a Shiny application enabling employees at Roche Diagnostics to create validated reports for regulatory authorities submissions. bioWARP enables people using advanced statistical methods, who cannot program R. It builds a connection to the validated R-packages developed at Roche with an easy to use and elegant user interface. Its modular environment can host an unlimited number of such interfaces. bioWARP now consists of tools for reporting reference ranges, equality by linear regression, precision by variance component analysis and homogeneity by inhouse developed equivalence tests . bioWARP's most important feature is the ability to move all statistical evaluations right into PDF reports. These are validated and can directly be used for submission to regulatory authorities. bioWARP is called the “largest shiny application in the world” by us as it already consists of 16 tools, has over 100.000 lines of code, >500 buttons and interaction items and is growing and growing and growing.",NA
"rinpharma_12","2018 Conference","R is pretty good in backwards compatibility but still reproducing analysis even given script and data can be a challenge as packages, R, and math libraries keep evolving. www.rocker-project.org offers among other things version-stable R in docker (Rocker) images. A small example will be presented how this allows on any docker runtime environment to execute analysis with highest reproducibility. Such environments are part of all major commercial cloud providers but also allow on-premises installations.","Talk",NA,"2018",2018-08-15,"11:30:00","11:40:00","Reinhold Koch","Roche","R reproducibility by containers and cloud","https://github.com/rinpharma/2018_presentations/blob/master/talks_folder/2018-Koch_Reproducibility_by_Containers_and_Cloud.pdf",NA,"R is pretty good in backwards compatibility but still reproducing analysis even given script and data can be a challenge as packages, R, and math libraries keep evolving. www.rocker-project.org offers among other things version-stable R in docker (Rocker) images. A small example will be presented how this allows on any docker runtime environment to execute analysis with highest reproducibility. Such environments are part of all major commercial cloud providers but also allow on-premises installations.",NA
"rinpharma_13","2018 Conference","Safety and efficacy data in clinical trials are mostly analyzed separately. However, especially the treatment of life-threatening disease such as cancer requires a good understanding of benefit and associated risks to make an informed therapy decision for an individual patient. Recently approved immunotherapeutic drugs in oncology are associated with potential side effects such as immune-related hypothyroidism, rash and colitis. There is some biological reasoning that the occurrence of immune-related adverse events and corresponding management may compromise the drug response. On the other hand, it has been observed that patients responding to treatment might face a higher likelihood of adverse drug reactions. A multi-state model is able to explore these hypotheses and offers the opportunity of insights into potential associations while addressing some of the methodological challenges. For example, the necessity of a time-dependent approach to accommodate the fact that safety and efficacy events can occur throughout the treatment. Moreover, longer treatment duration can impact simultaneously the likelihood of efficacy as well as safety events, i.e., introducing immortal time bias. The multistate model is able to unfold this spurious correlation. We present an approach for analysis and exemplify the methodology with simulated data.","Talk",NA,"2018",2018-08-15,"11:40:00","12:10:00","Juliane Manitz","EDM Serono","Multi-state Model for the Analysis of an Association between Safety and Efficacy Events","https://github.com/rinpharma/2018_presentations/blob/master/talks_folder/2018-Manitz-Association_between_Safety_and_Efficacy_Events.pdf",NA,"Safety and efficacy data in clinical trials are mostly analyzed separately. However, especially the treatment of life-threatening disease such as cancer requires a good understanding of benefit and associated risks to make an informed therapy decision for an individual patient. Recently approved immunotherapeutic drugs in oncology are associated with potential side effects such as immune-related hypothyroidism, rash and colitis. There is some biological reasoning that the occurrence of immune-related adverse events and corresponding management may compromise the drug response. On the other hand, it has been observed that patients responding to treatment might face a higher likelihood of adverse drug reactions. A multi-state model is able to explore these hypotheses and offers the opportunity of insights into potential associations while addressing some of the methodological challenges. For example, the necessity of a time-dependent approach to accommodate the fact that safety and efficacy events can occur throughout the treatment. Moreover, longer treatment duration can impact simultaneously the likelihood of efficacy as well as safety events, i.e., introducing immortal time bias. The multistate model is able to unfold this spurious correlation. We present an approach for analysis and exemplify the methodology with simulated data.",NA
"rinpharma_14","2018 Conference",NA,"Schedule only",NA,"2018",2018-08-15,"12:10:00","13:30:00",NA,NA,"Lunch",NA,NA,NA,"Unfortunately we do not currently have an abstract, copy of the slides or link to the video to this presentation"
"rinpharma_15","2018 Conference","In this talk, I will speak about my personal journey of learning R and transforming from a clinical study statistical programmer to a SAS/R bilingual, as well as my journey of leading the R initiative in Amgen’s Global Statistical Programming Department and Amgen R meetup, working with IS, statistician, quality, LMS and external partners. I will conclude by talking about the areas of challenge and the direction of R for statistical programming in a regulated environment and proposals for R in Pharma collaboration.","Talk",NA,"2018",2018-08-15,"13:30:00","13:50:00","Bella Feng","Amgen","Becoming bilingual in SAS and R",NA,NA,"In this talk, I will speak about my personal journey of learning R and transforming from a clinical study statistical programmer to a SAS/R bilingual, as well as my journey of leading the R initiative in Amgen’s Global Statistical Programming Department and Amgen R meetup, working with IS, statistician, quality, LMS and external partners. I will conclude by talking about the areas of challenge and the direction of R for statistical programming in a regulated environment and proposals for R in Pharma collaboration.",NA
"rinpharma_16","2018 Conference","A physiologically-based mathematical model was developed as a series of ordinary differential equations to describe compositional changes (in fat and fat-free mass, FM & FFM) due to metabolizable energy exchanges in babies from birth to 2 years in low-to-middle income countries.1 The objective of this work was to identify potential biomarkers for future intervention studies, identify when to intervene to protect and/or rescue growth in individuals suffering from malnutrition, and to identify which of these individuals would be more or less likely to respond to a nutritional intervention. A translation of this model (155 parameters and 26 compartments) using R and the open-source mrgsolve package2 provided an efficient platform for multi-parameter optimization, as required during additional model development and for subsequent simulations. For comparison, a 8.62 seconds simulation with viral and bacterial infections (no interventions) in the R/mrgsolve implementation required 226 seconds in Matlab. Model translation to R also enabled simulations with a Shiny App, allowing users to simulate individual infant phenotypes and infection events and visualize growth and energy levels over time, relative to healthy (WHO) standards. The model currently also includes a relatively simple implementation of persistent antibiotic therapy with a potential for inclusion of drug exposure-related effects, i.e. - through a pharmacokinetic (PK) model, to describe effects of antiviral or antibiotic therapy. The challenge to this development is the scarcity of available data describing this therapy in malnourished children that would be needed for model calibration. Further development of the model includes linking to other systems models such Mother-fetus energy exchange or PBPK mother-fetus models, to enable simulations of growth beginning at gestation.","Talk",NA,"2018",2018-08-15,"13:50:00","14:00:00","Rena J. Eudy-Byrne","Metrum Research Group","The Use of R in the Development of Physiological Model for Healthy Growth","https://github.com/rinpharma/2018_presentations/blob/master/talks_folder/2018-Byrne-Physiological_Model_for_Healthy_Growth.html",NA,"A physiologically-based mathematical model was developed as a series of ordinary differential equations to describe compositional changes (in fat and fat-free mass, FM & FFM) due to metabolizable energy exchanges in babies from birth to 2 years in low-to-middle income countries.1 The objective of this work was to identify potential biomarkers for future intervention studies, identify when to intervene to protect and/or rescue growth in individuals suffering from malnutrition, and to identify which of these individuals would be more or less likely to respond to a nutritional intervention. A translation of this model (155 parameters and 26 compartments) using R and the open-source mrgsolve package2 provided an efficient platform for multi-parameter optimization, as required during additional model development and for subsequent simulations. For comparison, a 8.62 seconds simulation with viral and bacterial infections (no interventions) in the R/mrgsolve implementation required 226 seconds in Matlab. Model translation to R also enabled simulations with a Shiny App, allowing users to simulate individual infant phenotypes and infection events and visualize growth and energy levels over time, relative to healthy (WHO) standards. The model currently also includes a relatively simple implementation of persistent antibiotic therapy with a potential for inclusion of drug exposure-related effects, i.e. - through a pharmacokinetic (PK) model, to describe effects of antiviral or antibiotic therapy. The challenge to this development is the scarcity of available data describing this therapy in malnourished children that would be needed for model calibration. Further development of the model includes linking to other systems models such Mother-fetus energy exchange or PBPK mother-fetus models, to enable simulations of growth beginning at gestation.",NA
"rinpharma_17","2018 Conference","Next-generation sequencing (NGS), phage display technology and high throughput capacities enables biologists in drug discovery to characterize antibodies (Abs) based on their HCDR3 sequences and further group them into families before moving to hit-to-lead stage of drug discovery and development. This enables diversification of Ab portfolio and insures back up options if Ab candidate fails. However, there was no method or software available in-house to support Ab discovery with capacities to apply biophysical rules to classify the sequences. Shiny app ""Group My Abs"" was developed to apply biophysical properties for Ab characterization to the NGS data. Several Multiple Sequence Alignment algorithms implemented in the app enable sequence comparability. A method was developed to evaluate differences between comparable sequences and subsequently classify sequences into families. The app provides custom-made and interactive data visualization, enables refined Ab classification in a mathematical manner, considerably increases efficiency and insures reproducibility. This all decreases bias and enables informative decision making during the hit-to-lead stage in biologics drug discovery.","Talk",NA,"2018",2018-08-15,"14:00:00","14:10:00","Volha Tryputsen","Janssen","Antibody Characterization Using Next Generation Sequencing made easier with Group My Abs shiny app","https://github.com/rinpharma/2018_presentations/blob/master/talks_folder/2018-Tryputsen-Antibody_Characterization_NGS_Group_My_Abs.pdf",NA,"Next-generation sequencing (NGS), phage display technology and high throughput capacities enables biologists in drug discovery to characterize antibodies (Abs) based on their HCDR3 sequences and further group them into families before moving to hit-to-lead stage of drug discovery and development. This enables diversification of Ab portfolio and insures back up options if Ab candidate fails. However, there was no method or software available in-house to support Ab discovery with capacities to apply biophysical rules to classify the sequences. Shiny app ""Group My Abs"" was developed to apply biophysical properties for Ab characterization to the NGS data. Several Multiple Sequence Alignment algorithms implemented in the app enable sequence comparability. A method was developed to evaluate differences between comparable sequences and subsequently classify sequences into families. The app provides custom-made and interactive data visualization, enables refined Ab classification in a mathematical manner, considerably increases efficiency and insures reproducibility. This all decreases bias and enables informative decision making during the hit-to-lead stage in biologics drug discovery.",NA
"rinpharma_18","2018 Conference","The dramatic increase of R in the computational, analytics, and data science areas has led to some innovative techniques in recent years for interactive analytics. This rate of change presents challenges for IT organizations to keep up and to maintain their software stacks for scientists for regulated and non-regulated environments. Techniques and Best Practices for managing updates and use cases will be presented from an R-Admin's perspective using a combination of opensource and professional tools.","Talk",NA,"2018",2018-08-15,"14:10:00","14:20:00","Ed Lauzier","Merck","Managing R and Associated Tools in Large Environments - an R-Admin’s Perspective",NA,NA,"The dramatic increase of R in the computational, analytics, and data science areas has led to some innovative techniques in recent years for interactive analytics. This rate of change presents challenges for IT organizations to keep up and to maintain their software stacks for scientists for regulated and non-regulated environments. Techniques and Best Practices for managing updates and use cases will be presented from an R-Admin's perspective using a combination of opensource and professional tools.",NA
"rinpharma_19","2018 Conference",NA,"Schedule only",NA,"2018",2018-08-15,"14:20:00","14:50:00",NA,NA,"Break",NA,NA,NA,"Unfortunately we do not currently have an abstract, copy of the slides or link to the video to this presentation"
"rinpharma_20","2018 Conference","The tidyverse (tidyverse.org) is an opinionated collection of R packages designed for data science. All packages share an underlying design philosophy, grammar, and data structures. The packages primarily consist of tools for data ingest, manipulation, and visualization. In the last year or so, Rstudio and others have been creating a set of packages focused on the modeling process. In this talk, we will introduce the tidyverse and illustrate these new tools whose goals are to: simplify the modeling process, encourage empirical validation and good methodology, and to enable a wider variety of approaches.","Keynote",NA,"2018",2018-08-15,"14:50:00","15:35:00","Max Kuhn","RStudio","Modeling in the tidyverse","http://appliedpredictivemodeling.com/blog/rpharma18",NA,"The tidyverse (tidyverse.org) is an opinionated collection of R packages designed for data science. All packages share an underlying design philosophy, grammar, and data structures. The packages primarily consist of tools for data ingest, manipulation, and visualization. In the last year or so, Rstudio and others have been creating a set of packages focused on the modeling process. In this talk, we will introduce the tidyverse and illustrate these new tools whose goals are to simplify the modeling process, encourage empirical validation and good methodology, and to enable a wider variety of approaches.",NA
"rinpharma_21","2018 Conference","R has become a prominent data science tool, empowered by a fast-growing modern R eco-system. At Novartis, Shiny and markdown have gained a lot of popularity in analyzing, visualizing and reporting of clinical trial data. Traditional report analysis plan (RAP) process was designed to create static table, figure and listings. In this talk, I will use ShinyRAP (a shiny app) to illustrate a novel framework/workflow of planning and executing of both pre-specified and ad-hoc analyses, as well as building dynamic/interactive reports through R/Shiny/Markdown. The app features efficient and organized programming through meta-data and shiny modules, and dynamic display of results via multi-select, grouping and searching, etc. Although motivated from a clinical trial data context, this framework can also be used for other types of data.","Talk",NA,"2018",2018-08-15,"15:35:00","15:55:00","Xiao Ni","Novartis","ShinyRAP - a framework for analysis and building interactive/dynamic reports using Shiny/Markdown",NA,NA,"R has become a prominent data science tool, empowered by a fast-growing modern R eco-system. At Novartis, Shiny and markdown have gained a lot of popularity in analyzing, visualizing and reporting of clinical trial data. Traditional report analysis plan (RAP) process was designed to create static table, figure and listings. In this talk, I will use ShinyRAP (a shiny app) to illustrate a novel framework/workflow of planning and executing of both pre-specified and ad-hoc analyses, as well as building dynamic/interactive reports through R/Shiny/Markdown. The app features efficient and organized programming through meta-data and shiny modules, and dynamic display of results via multi-select, grouping and searching, etc. Although motivated from a clinical trial data context, this framework can also be used for other types of data.",NA
"rinpharma_22","2018 Conference","Decision analysis balancing both data analytics and human gut feeling is critical in designing efficient routes to synthesize new, complex small molecules. This challenge is faced by any organization seeking to deliver modern pharmaceutical compounds to patients in a prompt manner. In this presentation, we highlight the incorporation of data science approaches using R to develop metrics that aid in the development process: current complexity, risk quantification, and process efficiency forecasting. Current complexity is a metric established from human insights that assesses a molecule’s complexity in the context of capability, tracking the ‘current’ complexity of a given molecule over time and enabling the quantitative assessment of a new route or process. Risk quantification utilizes a Bayesian framework to quantify risk from real data and operational patterns, at both the project and portfolio level, for assessing the delivery risk of early candidate nomination assets in areas such as FTE resource modeling. Process efficiency can be estimated with a predictive analytics framework capable of quantifying the probable efficiency of a proposed synthesis or benchmarking the outcome performance of the developed process, thereby minimizing the environmental impact of pharmaceutical production. These strategies have been effectively used to aid the decision-making processes for pharmaceutical R&D.","Talk",NA,"2018",2018-08-15,"15:55:00","16:05:00","Jun Li","Bristol Myers Squibb","Data-Driven Strategies for Synthetic Route Design and Operational Modeling within Pharmaceutical Development",NA,NA,"Decision analysis balancing both data analytics and human gut feeling is critical in designing efficient routes to synthesize new, complex small molecules. This challenge is faced by any organization seeking to deliver modern pharmaceutical compounds to patients in a prompt manner. In this presentation, we highlight the incorporation of data science approaches using R to develop metrics that aid in the development process current complexity, risk quantification, and process efficiency forecasting. Current complexity is a metric established from human insights that assesses a molecule’s complexity in the context of capability, tracking the ‘current’ complexity of a given molecule over time and enabling the quantitative assessment of a new route or process. Risk quantification utilizes a Bayesian framework to quantify risk from real data and operational patterns, at both the project and portfolio level, for assessing the delivery risk of early candidate nomination assets in areas such as FTE resource modeling. Process efficiency can be estimated with a predictive analytics framework capable of quantifying the probable efficiency of a proposed synthesis or benchmarking the outcome performance of the developed process, thereby minimizing the environmental impact of pharmaceutical production. These strategies have been effectively used to aid the decision-making processes for pharmaceutical R&D.",NA
"rinpharma_23","2018 Conference","Cohort studies of treatments developed from healthcare claims often have hundreds of thousands of patients and up to several thousand measured covariates. Therefore, new causal inference methods that combine ideas from machine learning and causal inference may improve analysis of these studies by taking advantage of the wealth of information measured in claims. In order to evaluate the performance of these methods as applied to claims-based studies, we use a combination of real data examples and plasmode simulation, implemented in R package ‘plasmode’, which creates realistic simulated datasets based on a real cohort study. In this talk, I will give an overview of our progress so far and what is left to be done.","Talk",NA,"2018",2018-08-15,"16:05:00","16:15:00","Jessica Myers Franklin","Harvard University","Evaluating the performance of advanced causal inference methods applied to healthcare claims data",NA,NA,"Cohort studies of treatments developed from healthcare claims often have hundreds of thousands of patients and up to several thousand measured covariates. Therefore, new causal inference methods that combine ideas from machine learning and causal inference may improve analysis of these studies by taking advantage of the wealth of information measured in claims. In order to evaluate the performance of these methods as applied to claims-based studies, we use a combination of real data examples and plasmode simulation, implemented in R package ‘plasmode’, which creates realistic simulated datasets based on a real cohort study. In this talk, I will give an overview of our progress so far and what is left to be done.",NA
"rinpharma_24","2018 Conference","Failure to thoroughly review discrepancies and deviations in drug manufacturing is consistently one of the top citations in FDA inspectional observations. Learn how a leading biotechnology organization successfully replaced an inefficient, manual inspection process with a genealogy visualization and inspection solution to optimize drug manufacturing quality control. This session will cover implementation approaches and lessons learned in data mapping, technology selection, visualization development, and predictive model generation.","Talk",NA,"2018",2018-08-15,"16:15:00","16:25:00","Tanya Cashorali","CB Analytics","Optimization of raw materials genealogy in drug manufacturing with R, Shiny and d3","https://github.com/rinpharma/2018_presentations/blob/master/talks_folder/2018-Cashorali-Optimization_of_raw_materials_genealogy_in_drug_manufacturing.pdf",NA,"Failure to thoroughly review discrepancies and deviations in drug manufacturing is consistently one of the top citations in FDA inspectional observations. Learn how a leading biotechnology organization successfully replaced an inefficient, manual inspection process with a genealogy visualization and inspection solution to optimize drug manufacturing quality control. This session will cover implementation approaches and lessons learned in data mapping, technology selection, visualization development, and predictive model generation.",NA
"rinpharma_25","2018 Conference","REAP (R-Shiny Exploratory Analysis Platform) was developed by the Modeling and Simulation group within the Clinical Pharmacology department at Genentech, Inc., to support exploratory analyses of clinical data. REAP is a web-based, user-friendly, tool providing standard methods and outputs for conducting typical analyses within a clinical pharmacology group. With REAP, a clinical pharmacologist or pharmacometrician can perform Exposure-Response, dose linearity, and concentration-corrected QT analyses, PKPD simulations, NONMEM data quality checks, and PK graphic analyses without writing code. Results can be used to enhance scientific understanding of the relationship between exposure, response, and the PK characteristics of the molecule. In this talk, I will demonstrate how REAP can be used to perform dose linearity and Exposure-Response analyses.","Talk",NA,"2018",2018-08-15,"16:25:00","16:35:00","Qi Liu","Genentech","REAP - R-Shiny Exploratory Analysis Platform in Clinical Pharmacology","https://github.com/rinpharma/2018_presentations/blob/master/talks_folder/2018-Li-Synthetic_Route_Design_and_Operational_Modeling.pptx",NA,"REAP (R-Shiny Exploratory Analysis Platform) was developed by the Modeling and Simulation group within the Clinical Pharmacology department at Genentech, Inc., to support exploratory analyses of clinical data. REAP is a web-based, user-friendly, tool providing standard methods and outputs for conducting typical analyses within a clinical pharmacology group. With REAP, a clinical pharmacologist or pharmacometrician can perform Exposure-Response, dose linearity, and concentration-corrected QT analyses, PKPD simulations, NONMEM data quality checks, and PK graphic analyses without writing code. Results can be used to enhance scientific understanding of the relationship between exposure, response, and the PK characteristics of the molecule. In this talk, I will demonstrate how REAP can be used to perform dose linearity and Exposure-Response analyses.",NA
"rinpharma_26","2018 Conference","The rOpenSci project is a non-profit initiative founded as a grassroots effort in 2011. We have evolved into a truly global community of researchers and data scientists who are R users and developers from a wide range of disciplines. rOpenSci advocates for a culture of open and reproducible research. We do this by creating technical infrastructure in the form of carefully vetted, staff- and community-contributed R software tools that lower barriers to working with scientific data sources on the web. We have developed a highly successful model for peer review of scientific software that provides transparent, constructive and collegial review of R packages. Our community is our best asset. We are building social infrastructure in the form of a welcoming and diverse community. rOpenSci.org hosts blog posts by authors and reviewers of onboarded packages to share both functionality and lessons learned; we promote these on social media to bring their work to a wider audience. Our discussion forum, community calls and annual hackathon-flavored unconference are designed to share best practices and to build a trust network for the often challenging discussions about doing research more reproducibly.","Talk",NA,"2018",2018-08-15,"16:35:00","17:05:00","Stefanie Butland","rOpenSci","rOpenSci - enabling open and reproducible research","https://github.com/rinpharma/2018_presentations/blob/master/talks_folder/2018-Butland-rOpenSci_Enabling_Open_and_Reproducible_Research.pdf",NA,"The rOpenSci project is a non-profit initiative founded as a grassroots effort in 2011. We have evolved into a truly global community of researchers and data scientists who are R users and developers from a wide range of disciplines. rOpenSci advocates for a culture of open and reproducible research. We do this by creating technical infrastructure in the form of carefully vetted, staff- and community-contributed R software tools that lower barriers to working with scientific data sources on the web. We have developed a highly successful model for peer review of scientific software that provides transparent, constructive and collegial review of R packages. Our community is our best asset. We are building social infrastructure in the form of a welcoming and diverse community. rOpenSci.org hosts blog posts by authors and reviewers of onboarded packages to share both functionality and lessons learned; we promote these on social media to bring their work to a wider audience. Our discussion forum, community calls and annual hackathon-flavored unconference are designed to share best practices and to build a trust network for the often challenging discussions about doing research more reproducibly.",NA
"rinpharma_27","2018 Conference","Research is an incremental, iterative process, with new results relying and building upon previous ones. Scientists need to find, retrieve, understand, and trust results in order to confidently extend them, even when the results are their own. We present the GREX framework, which facilitates this iterative process via the principled management of computational results. GREX combines robust storage, provenance tracking, automated annotation, discoverability, and reproduciblity of computational results. We will discuss both the underlying conceptual work and our reference implementation of our framework.","Talk",NA,"2018",2018-08-15,"17:05:00","17:15:00","Gabe Becker","Genentech","Beyond Simple Reproducibility - Discoverability, Provenance, and Improving the Impact of Results",NA,NA,"Research is an incremental, iterative process, with new results relying and building upon previous ones. Scientists need to find, retrieve, understand, and trust results in order to confidently extend them, even when the results are their own. We present the GREX framework, which facilitates this iterative process via the principled management of computational results. GREX combines robust storage, provenance tracking, automated annotation, discoverability, and reproduciblity of computational results. We will discuss both the underlying conceptual work and our reference implementation of our framework.",NA
"rinpharma_28","2018 Conference",NA,"Workshop",NA,"2018",2018-08-16,"08:00:00","09:15:00","Carson Sievert","RStudio","Interactive data visualization with R, plotly, and dashR",NA,NA,NA,"Unfortunately we do not currently have an abstract, copy of the slides or link to the video to this presentation"
"rinpharma_29","2018 Conference",NA,"Workshop",NA,"2018",2018-08-16,"08:00:00","09:15:00","Andy Nicholls","GlaxoSmithKline","The Challenges of Validating R",NA,NA,NA,"Unfortunately we do not currently have an abstract, copy of the slides or link to the video to this presentation"
"rinpharma_30","2018 Conference",NA,"Workshop",NA,"2018",2018-08-16,"08:00:00","09:15:00","Sebastian Wolf","Roche","The largest Shiny application in the world. Roche.Diagnostics.bioWARP",NA,NA,NA,"Unfortunately we do not currently have an abstract, copy of the slides or link to the video to this presentation"
"rinpharma_31","2018 Conference",NA,"Remarks",NA,"2018",2018-08-16,"09:15:00","09:25:00","Dustin Tingley","Harvard University","Opening Remarks",NA,NA,NA,"Unfortunately we do not currently have an abstract, copy of the slides or link to the video to this presentation"
"rinpharma_32","2018 Conference","Shiny is a package for turning analyses written in R into interactive web applications. This capability has obvious applications in pharma, as it lets R users build interactive apps for their collaborators to explore models or results, or to automate workflows. However, the interactivity of Shiny apps is a double-edged sword, as it introduces challenges to the traceability and reproducibility of your analysis. To use interactive applications in pharma responsibly, these challenges must be addressed. In this talk, I'll look at some of the tools and techniques you can use in Shiny to deal with these challenges head-on.","Talk",NA,"2018",2018-08-16,"09:25:00","10:10:00","Joe Cheng","RStudio","Using interactivity responsibly in pharma","https://speakerdeck.com/jcheng5/using-shiny-responsibly-in-pharma",NA,"Shiny is a package for turning analyses written in R into interactive web applications. This capability has obvious applications in pharma, as it lets R users build interactive apps for their collaborators to explore models or results, or to automate workflows. However, the interactivity of Shiny apps is a double-edged sword, as it introduces challenges to the traceability and reproducibility of your analysis. To use interactive applications in pharma responsibly, these challenges must be addressed. In this talk, I'll look at some of the tools and techniques you can use in Shiny to deal with these challenges head-on.",NA
"rinpharma_33","2018 Conference","Interactive web graphics are a popular and convenient medium for conveying information. However, web graphics are rarely used during the initial exploratory phase of a data analysis, largely due to the lack tools for seamless iteration between data manipulation, modeling, and visualization. As we've known for several decades, interactive graphics can augment exploratory analysis, but are only practical when we can iterate quickly. This talk demonstrates how to use the R packages plotly and dashR to rapidly produce interactive web graphics and applications that augment data exploration in addition to being easily distributed.","Talk",NA,"2018",2018-08-16,"10:10:00","10:30:00","Carson Sievert","RStudio","Interactive data visualization with R, plotly, and dashR",NA,NA,"Interactive web graphics are a popular and convenient medium for conveying information. However, web graphics are rarely used during the initial exploratory phase of a data analysis, largely due to the lack tools for seamless iteration between data manipulation, modeling, and visualization. As we've known for several decades, interactive graphics can augment exploratory analysis, but are only practical when we can iterate quickly. This talk demonstrates how to use the R packages plotly and dashR to rapidly produce interactive web graphics and applications that augment data exploration in addition to being easily distributed.",NA
"rinpharma_34","2018 Conference","Recent advances in the Shiny ecosystem boost the scale and scope of serious enterprise-wide web applications. More specifically, it is entirely possible to utilize key features of Shiny Server Professional and additional R packages such as shinyjs, DT, and batchtools to build Shiny applications that supports session management, high-performance computing, and reproducibility in a friendly and logical interface. Additionally, the shinytest package enables a robust workflow for developing applications efficiently, as well as being an important component to automate a validation testing framework. In this talk, I will share examples of key features and lessons learned in creating a technically powerful shiny application that integrates these pieces together.","Talk",NA,"2018",2018-08-16,"10:30:00","10:50:00","Eric Nantz","Eli Lilly","Developing powerful Shiny applications in an enterprise environment: Best practices and lessons learned","https://rpodcast.gitlab.io/rpharma2018/",NA,"Recent advances in the Shiny ecosystem boost the scale and scope of serious enterprise-wide web applications. More specifically, it is entirely possible to utilize key features of Shiny Server Professional and additional R packages such as shinyjs, DT, and batchtools to build Shiny applications that supports session management, high-performance computing, and reproducibility in a friendly and logical interface. Additionally, the shinytest package enables a robust workflow for developing applications efficiently, as well as being an important component to automate a validation testing framework. In this talk, I will share examples of key features and lessons learned in creating a technically powerful shiny application that integrates these pieces together.",NA
"rinpharma_35","2018 Conference",NA,"Schedule only",NA,"2018",2018-08-16,"10:50:00","11:10:00",NA,NA,"Break",NA,NA,NA,"Unfortunately we do not currently have an abstract, copy of the slides or link to the video to this presentation"
"rinpharma_36","2018 Conference","The interaction between the Major Histocompatibility Complex type I (MHC-I), a peptide and the T-cell receptor (TCR) (MHCI::p::TCR) is a key determinant of immune response elicitation and therefore of paramount importance in infectious- and autoimmune diseases and cancer. Current state-of-the-art models developed by our group can with great precision model MHCI::p interactions. Using data from VDJdb and IEDB, we created an ensemble of convolutional neural networks, which to the best of our knowledge is the world’s first sequence based model capable of capturing the entire MHCI::p::TCR system. Due to limited data, we however currently can only model the interaction between the CDR3 region of the TCR’s beta chain with HLA-A*02:01 and 3 peptides. However, as the model framework is easily extendable, we will increase the breadth and thus improve the model, as soon as more data become available. Using the current model and an independent test set, we obtained AUC = 0.747. TensorFlow is an open source software library for neural network models made by Google. Recently RStudio released Keras an API for accessing TensorFlow in R. Keras enables fast experimentation - Being able to go from idea to result with the least possible delay is key to doing good research.","Talk",NA,"2018",2018-08-16,"11:10:00","11:30:00","Leon Eyrich Jessen","Technical University of Denmark","NetTCR: Towards Accurate Prediction of T-cell Targets using Deep Learning",NA,NA,"The interaction between the Major Histocompatibility Complex type I (MHC-I), a peptide and the T-cell receptor (TCR) (MHCIpTCR) is a key determinant of immune response elicitation and therefore of paramount importance in infectious- and autoimmune diseases and cancer. Current state-of-the-art models developed by our group can with great precision model MHCIp interactions. Using data from VDJdb and IEDB, we created an ensemble of convolutional neural networks, which to the best of our knowledge is the world’s first sequence based model capable of capturing the entire MHCIpTCR system. Due to limited data, we however currently can only model the interaction between the CDR3 region of the TCR’s beta chain with HLA-A*0201 and 3 peptides. However, as the model framework is easily extendable, we will increase the breadth and thus improve the model, as soon as more data become available. Using the current model and an independent test set, we obtained AUC = 0.747. TensorFlow is an open source software library for neural network models made by Google. Recently RStudio released Keras an API for accessing TensorFlow in R. Keras enables fast experimentation - Being able to go from idea to result with the least possible delay is key to doing good research.",NA
"rinpharma_37","2018 Conference","Creating datasets and tables, listings and graphs (TLGs) for analyzing clinical trials data with R, such that in the final stage the code, datasets and TLGs can be submitted to the health authorities, is a multifaceted problem. We have been working on a number of R packages to create an R-based analysis environment that can be used for exploratory and regulatory analysis of clinical trials data. These projects include: table creation (open source http://github.com/Roche/rtables); random data generation; querying CDISC standards; TLG creation; a pipeline for specifying and producing data and TLG deliverables (with logs, automation, titles and footnotes, etc.); a modular shiny-based exploratory framework that provides dynamic encodings, variable-based filtering, and R-code generation for the displayed outputs. The maturity of these projects varies, but the workflow and analysis environment as a whole can be demonstrated nicely. In this talk, we would like to generate interest in collaboration in order to make these projects more general and with the final goal of open-sourcing some of them.","Talk",NA,"2018",2018-08-16,"11:30:00","11:50:00","Adrian Waddell","Roche","Analyzing Clinical Trials Data with R",NA,NA,"Creating datasets and tables, listings and graphs (TLGs) for analyzing clinical trials data with R, such that in the final stage the code, datasets and TLGs can be submitted to the health authorities, is a multifaceted problem. We have been working on a number of R packages to create an R-based analysis environment that can be used for exploratory and regulatory analysis of clinical trials data. These projects include table creation (open source http//github.com/Roche/rtables); random data generation; querying CDISC standards; TLG creation; a pipeline for specifying and producing data and TLG deliverables (with logs, automation, titles and footnotes, etc.); a modular shiny-based exploratory framework that provides dynamic encodings, variable-based filtering, and R-code generation for the displayed outputs. The maturity of these projects varies, but the workflow and analysis environment as a whole can be demonstrated nicely. In this talk, we would like to generate interest in collaboration in order to make these projects more general and with the final goal of open-sourcing some of them.",NA
"rinpharma_38","2018 Conference","Despite the explosive growth and adoption of R globally, concerns over how to qualify and administrate R continues to echo in discussions about use in regulated environments. In this talk, I'll discuss the how to bridge the conceptual tenants of reproducibility, traceability, and accuracy to robust, yet agile, implementations such that and organization can maintain validated systems without imposing the shackles found in traditional validated environments. Furthermore, I will discuss a number of design elements specific to the open-source R ecosystem, such as using packages from CRAN and github, and cover how to embrace these, while responsibly managing risk in enterprise environments.","Talk",NA,"2018",2018-08-16,"11:50:00","12:10:00","Devin Pastoor","Metrum Research Group","Moving Fast Without Breaking Things: Navigating the R Ecosystem in an Enterprise Environment","https://github.com/rinpharma/2018_presentations/blob/master/talks_folder/2018-Pastoor-Moving_Fast_without_Breaking_Things.pdf",NA,"Despite the explosive growth and adoption of R globally, concerns over how to qualify and administrate R continues to echo in discussions about use in regulated environments. In this talk, I'll discuss the how to bridge the conceptual tenants of reproducibility, traceability, and accuracy to robust, yet agile, implementations such that and organization can maintain validated systems without imposing the shackles found in traditional validated environments. Furthermore, I will discuss a number of design elements specific to the open-source R ecosystem, such as using packages from CRAN and github, and cover how to embrace these, while responsibly managing risk in enterprise environments.",NA
"rinpharma_39","2018 Conference",NA,"Schedule only",NA,"2018",2018-08-16,"12:10:00","13:30:00",NA,NA,"Lunch",NA,NA,NA,"Unfortunately we do not currently have an abstract, copy of the slides or link to the video to this presentation"
"rinpharma_40","2018 Conference","When it comes to analytics of data collected in medical research, today’s culture is compartmentalized – not only across institutions, but even within institutions. Such a culture stagnates analytical development and limits the ability to fully master the data thereby reducing the effectiveness in communicating clinical information to stakeholders. A unified culture can exist – statisticians, programmers, and clinicians need to speak to each other; regulatory agencies, pharmaceutical companies, and academics need to speak to each other. Once everyone comes together to discuss how the medical research data should be collected, interrogated and presented; analytics can be developed and shared within and across institutions. From an analytics perspective, nothing new needs to be developed, solutions are already available – many of them free. We just need to come together and start talking. So let’s talk.","Talk",NA,"2018",2018-08-16,"13:30:00","13:40:00","Mat Soukup","FDA","Unification in a Compartmentalized Culture","https://github.com/rinpharma/2018_presentations/blob/master/talks_folder/2018-Soukup-Unification_in_Compartmentalized_Culture.pptx",NA,"When it comes to analytics of data collected in medical research, today’s culture is compartmentalized – not only across institutions, but even within institutions. Such a culture stagnates analytical development and limits the ability to fully master the data thereby reducing the effectiveness in communicating clinical information to stakeholders. A unified culture can exist – statisticians, programmers, and clinicians need to speak to each other; regulatory agencies, pharmaceutical companies, and academics need to speak to each other. Once everyone comes together to discuss how the medical research data should be collected, interrogated and presented; analytics can be developed and shared within and across institutions. From an analytics perspective, nothing new needs to be developed, solutions are already available – many of them free. We just need to come together and start talking. So let’s talk.",NA
"rinpharma_41","2018 Conference","R is a very powerful tool for performing statistical programming, but has had a lower uptake in the life sciences when compared to SAS. As a result, many of the packages created for R are not focused on the type of tasks Statistical Programmers do. In this talk I introduce several packages and in house training we are developing to aid regulatory outputs. The R packages include rcompare, a package to allow comparison of datasets, analogous to proc compare in SAS, and r4spa which allows outputs to be in the correct format for production. Each package solves a problem particular to the life sciences, and is intended to improve uptake of R usage within the industry. Similarly, to the R packages, the training is focused on providing examples of actual work, so that users of the training will be able to immediately apply their knowledge.","Talk",NA,"2018",2018-08-16,"13:40:00","13:50:00","Kieran Martin","Roche","R4SPA: R Packages and Training to enable Statistical Programming in R","https://kieranjmartin.github.io/R4SPA-talk/r4spa.html",NA,"R is a very powerful tool for performing statistical programming, but has had a lower uptake in the life sciences when compared to SAS. As a result, many of the packages created for R are not focused on the type of tasks Statistical Programmers do. In this talk I introduce several packages and in house training we are developing to aid regulatory outputs. The R packages include rcompare, a package to allow comparison of datasets, analogous to proc compare in SAS, and r4spa which allows outputs to be in the correct format for production. Each package solves a problem particular to the life sciences, and is intended to improve uptake of R usage within the industry. Similarly, to the R packages, the training is focused on providing examples of actual work, so that users of the training will be able to immediately apply their knowledge.",NA
"rinpharma_42","2018 Conference","During the drug development, pharmacometric models are often built to characterize and understand drug efficacy and safety. Simulations based on these models can assist drug development and quantitative decision making. However, computation can be time-consuming and communication with the project team may not be productive. Shiny applications are developed as a simulation tool which allows rapid real-time simulations based on user-selected inputs and dynamic visualization of the results. It provides an easy access to individuals with no specific background of modeling and simulation. In the talk, I will present some case studies where the shiny application was used to perform simulations and facilitate the communication with decision makers.","Talk",NA,"2018",2018-08-16,"13:50:00","14:00:00","Jia Kang","Metrum Research Group","Assisting pharmacometric simulation with the use of Shiny","https://github.com/rinpharma/2018_presentations/blob/master/talks_folder/2018-Kang-Assisting_Pharmacometric_Simulation_with_the_Use_of_Shiny.pdf",NA,"During the drug development, pharmacometric models are often built to characterize and understand drug efficacy and safety. Simulations based on these models can assist drug development and quantitative decision making. However, computation can be time-consuming and communication with the project team may not be productive. Shiny applications are developed as a simulation tool which allows rapid real-time simulations based on user-selected inputs and dynamic visualization of the results. It provides an easy access to individuals with no specific background of modeling and simulation. In the talk, I will present some case studies where the shiny application was used to perform simulations and facilitate the communication with decision makers.",NA
"rinpharma_43","2018 Conference","For the Pharma Company How many times have you made a graph and gotten an email back saying: ""Can we change the axes?"" or ""Can we change the symbols?"" or ""I really need to look at the graph before I can tell you what I want"". It would be much more efficient for your customers to explore the data and the visualizations in an easy-to-use method and can free you up to work on the myriad other tasks you have to do. Rather than learn another programming language, the shiny package uses the R code you already know to create interactive visualizations with a small bit of additional learning. This talk will go over example dashboards for such data as adverse events, labs, and primary endpoints that will aid data managers, statisticians, clinical people, and... even you.","Talk",NA,"2018",2018-08-16,"14:00:00","14:10:00","Nate Mockler","Biogen","R/Shiny Clinical Dashboards For Fun* and Profit *Note: Fun is Relative",NA,NA,"For the Pharma Company How many times have you made a graph and gotten an email back saying ""Can we change the axes?"" or ""Can we change the symbols?"" or ""I really need to look at the graph before I can tell you what I want"". It would be much more efficient for your customers to explore the data and the visualizations in an easy-to-use method and can free you up to work on the myriad other tasks you have to do. Rather than learn another programming language, the shiny package uses the R code you already know to create interactive visualizations with a small bit of additional learning. This talk will go over example dashboards for such data as adverse events, labs, and primary endpoints that will aid data managers, statisticians, clinical people, and... even you.",NA
"rinpharma_44","2018 Conference","The drake package is a general-purpose workflow manager for data-driven tasks in R, with applications in the pharmaceutical industry ranging from tailored medicine to clinical trial simulation and beyond. Drake rebuilds intermediate data objects when their dependencies change, and it skips work when the results are already up to date. Not every runthrough starts from scratch, and completed workflows have tangible evidence of reproducibility. Drake is more scalable than knitr, more thorough than memoization, and more R-focused than other pipeline toolkits such as GNU Make, remake, and snakemake.","Talk",NA,"2018",2018-08-16,"14:10:00","14:20:00","Will Landau","Eli Lilly","The drake R package: reproducible data analysis at scale",NA,NA,"The drake package is a general-purpose workflow manager for data-driven tasks in R, with applications in the pharmaceutical industry ranging from tailored medicine to clinical trial simulation and beyond. Drake rebuilds intermediate data objects when their dependencies change, and it skips work when the results are already up to date. Not every runthrough starts from scratch, and completed workflows have tangible evidence of reproducibility. Drake is more scalable than knitr, more thorough than memoization, and more R-focused than other pipeline toolkits such as GNU Make, remake, and snakemake.",NA
"rinpharma_45","2018 Conference",NA,"Schedule only",NA,"2018",2018-08-16,"14:20:00","14:50:00",NA,NA,"Coffee",NA,NA,NA,"Unfortunately we do not currently have an abstract, copy of the slides or link to the video to this presentation"
"rinpharma_46","2018 Conference","The open-source analytics community is driving innovation in precompetitive spaces like statistical methodology, reproducibility approaches, visualization techniques, and scaling strategies. The diverse and rapdily evolving ecosystem of open-source tools and standards stands in contrast with the disposition of the enterprise towards stability, standardization, and reliability. This talk will present the policies and frameworks we have developed at Genentech to enable internal scientists to responsibly leverage open-source tools and to participate in the community process through their own contributions.","Keynote",NA,"2018",2018-08-16,"14:50:00","15:30:00","Michael Lawrence","Roche","Enabling open-source analytics in the enterprise","https://github.com/rinpharma/2018_presentations/blob/master/talks_folder/2018-Lawrence-Enabling_open_source_analytics_in_the_enterprise.pdf",NA,"The open-source analytics community is driving innovation in precompetitive spaces like statistical methodology, reproducibility approaches, visualization techniques, and scaling strategies. The diverse and rapdily evolving ecosystem of open-source tools and standards stands in contrast with the disposition of the enterprise towards stability, standardization, and reliability. This talk will present the policies and frameworks we have developed at Genentech to enable internal scientists to responsibly leverage open-source tools and to participate in the community process through their own contributions.",NA
"rinpharma_47","2018 Conference","In 3 years Real World Data Science Analytics in Roche/Genentech transitioned from a small team of former clinical trial programmers supporting a real world evidence team to become the largest department within the Personalised Healthcare (PHC) Centre of Excellence. This transition was driven by industry-wide acknowledgement of the growing importance of leveraging analytics to support PHC, but this change necessitated radical changes in workflows and competencies. To adapt to this change, the team has moved from using a single proprietary software (SAS) to becoming an open source-focused, R based but increasingly programming language agnostic, department. A core driver of this transition was the development of an internal suite of R packages that handled markdown templates and database access through to wrappers for common plots and documenting git hashes of all code used. Bringing this diverse set of tools into a coherent eco-system is a meta-package modelled on the tidyverse.","Talk",NA,"2018",2018-08-16,"15:30:00","15:45:00","James Black","Roche","The role of R in converting clinical trial programmers to data scientists","https://epijim.uk/slides/2019_rstudio/","https://rstudio.com/resources/webinars/the-role-of-r-in-drug-discovery-research-and-development/","In 3 years Real World Data Science Analytics in Roche/Genentech transitioned from a small team of former clinical trial programmers supporting a real world evidence team to become the largest department within the Personalised Healthcare (PHC) Centre of Excellence. This transition was driven by industry-wide acknowledgement of the growing importance of leveraging analytics to support PHC, but this change necessitated radical changes in workflows and competencies. To adapt to this change, the team has moved from using a single proprietary software (SAS) to becoming an open source-focused, R based but increasingly programming language agnostic, department. A core driver of this transition was the development of an internal suite of R packages that handled markdown templates and database access through to wrappers for common plots and documenting git hashes of all code used. Bringing this diverse set of tools into a coherent eco-system is a meta-package modelled on the tidyverse.",NA
"rinpharma_48","2018 Conference","In Pharmaceutical industry, personalized patient care is about having access to traditional and new data sources including comprehensive diagnostic data, sensor data, real-world data, etc., applying traditional and advanced analytics like machine learning to create meaningful insights, and then realizing value from those insights for smarter and more efficient research and development (R&D) and improving patient access and personalized patient care. Biomarker research is a key component of the PHC Strategy, complementing efforts to access high-dimensional genomics data and conducting appropriated analysis using right tools differentiate from those for current well-established clinical trials. This paper, in perspective of R&D, describes the close collaboration between China Oncology Biomarker Data group (OBD China) and Product Development Biometrics (PDB) expertise, from sample collection, lab process in biomarker stand-alone studies to meaningful results mainly conducted in R, which enables to prioritize molecule development, inform the design of specific trials and identify R&D opportunities for regional diseases.","Talk",NA,"2018",2018-08-16,"15:45:00","15:55:00","Xiuting Mi","Roche","Accelerate Personalized Health Care by Empowering Biomarker Data","https://github.com/rinpharma/2018_presentations/blob/master/talks_folder/2018-Mi-Accelerate_PHC_by_Empowering_Biomarker_Data.pptx",NA,"In Pharmaceutical industry, personalized patient care is about having access to traditional and new data sources including comprehensive diagnostic data, sensor data, real-world data, etc., applying traditional and advanced analytics like machine learning to create meaningful insights, and then realizing value from those insights for smarter and more efficient research and development (R&D) and improving patient access and personalized patient care. Biomarker research is a key component of the PHC Strategy, complementing efforts to access high-dimensional genomics data and conducting appropriated analysis using right tools differentiate from those for current well-established clinical trials. This paper, in perspective of R&D, describes the close collaboration between China Oncology Biomarker Data group (OBD China) and Product Development Biometrics (PDB) expertise, from sample collection, lab process in biomarker stand-alone studies to meaningful results mainly conducted in R, which enables to prioritize molecule development, inform the design of specific trials and identify R&D opportunities for regional diseases.",NA
"rinpharma_49","2018 Conference","Shiny is a popular R package that lets users develop interactive web applications using just R code. The ease of use and downstream boost in productivity mean that working with Shiny can kick off a rapid request-implementation-inspiration-request cycle. Designing your applications with an eye toward future expansion can save time and reduce human error in the long term.","Talk",NA,"2018",2018-08-16,"15:55:00","16:05:00","Marianna Foos","Biogen","Keeping things Peachy when Shiny gets Hairy","https://github.com/rinpharma/2018_presentations/blob/master/talks_folder/2018-Foos-Keeping_Things_Peachy_When_Shiny_Gets_Hairy.pptx",NA,"Shiny is a popular R package that lets users develop interactive web applications using just R code. The ease of use and downstream boost in productivity mean that working with Shiny can kick off a rapid request-implementation-inspiration-request cycle. Designing your applications with an eye toward future expansion can save time and reduce human error in the long term.",NA
"rinpharma_50","2018 Conference","R Shiny has revolutionized the way statisticians and analysts distribute analytic results and research methods. We can easily build interactive web tools that enhance data visualization and facilitate data and information sharing. Shiny apps can empower non-statisticians to explore and visualize their data or perform their own analyses with methods we develop. Harnessing this power, R users have developed Shiny apps for visualizing clinical trials and pharmaceutical data, as well as applications that aid in study design and analysis. I will present examples of how Shiny can be used in many stages of the drug development process and discuss the challenges as well as benefits of incorporating these tools in pharmaceutical workflows.","Talk",NA,"2018",2018-08-16,"16:05:00","16:15:00","Jessica Minnier","Oregon Health & Science University","Shiny Apps in Genomics and Clinical Trials","https://jminnier-talks.netlify.app/2018_08_rpharma_shiny/minnier_rpharma2018.html",NA,"R Shiny has revolutionized the way statisticians and analysts distribute analytic results and research methods. We can easily build interactive web tools that enhance data visualization and facilitate data and information sharing. Shiny apps can empower non-statisticians to explore and visualize their data or perform their own analyses with methods we develop. Harnessing this power, R users have developed Shiny apps for visualizing clinical trials and pharmaceutical data, as well as applications that aid in study design and analysis. I will present examples of how Shiny can be used in many stages of the drug development process and discuss the challenges as well as benefits of incorporating these tools in pharmaceutical workflows.",NA
"rinpharma_51","2018 Conference","Since its foundation in 2004, Metrum Research Group has relied on R as the core technology and central framework for all of the company’s biomedical modeling and simulation (M&S) service activities, spanning more than 475 projects with 150+ different sponsors. Projects include pharmacokinetic-pharmacodynamic modeling, quantitative systems pharmacology models, simulation-based trial design evaluations, disease progression and patient population modeling, model-based meta analysis of competitor data, model-based comparative effectiveness assessments, and data management activities, etc., all within a regulated environment. Analyses were conducted in R or via other software tools which are managed via R scripts, functions, or packages. Key deliverables of M&S projects are routinely provided as R packages or interactive simulation applications, driven by R (and R Shiny). R has also been an essential component of Metrum’s vision for Open Science in biomedical M&S, allowing for accessibility and reproducibility of platform models developed for multiple disease areas.","Talk",NA,"2018",2018-08-16,"16:15:00","16:25:00","Marc Gastonquay","Metrum Research Group","R as the Core Technology to Support Modeling and Simulation in Pharma Research, Development, and Post Approval Activities","https://github.com/rinpharma/2018_presentations/blob/master/talks_folder/2018-Gastonguay-Modeling_and_Simulation_in_Pharma.pdf",NA,"Since its foundation in 2004, Metrum Research Group has relied on R as the core technology and central framework for all of the company’s biomedical modeling and simulation (M&S) service activities, spanning more than 475 projects with 150+ different sponsors. Projects include pharmacokinetic-pharmacodynamic modeling, quantitative systems pharmacology models, simulation-based trial design evaluations, disease progression and patient population modeling, model-based meta analysis of competitor data, model-based comparative effectiveness assessments, and data management activities, etc., all within a regulated environment. Analyses were conducted in R or via other software tools which are managed via R scripts, functions, or packages. Key deliverables of M&S projects are routinely provided as R packages or interactive simulation applications, driven by R (and R Shiny). R has also been an essential component of Metrum’s vision for Open Science in biomedical M&S, allowing for accessibility and reproducibility of platform models developed for multiple disease areas.",NA
"rinpharma_52","2018 Conference","The R-based ecosystem, and its open-source methods for data manipulation, modeling and interpretation, is key for effective and reproducible research. This is certainly true in experiments relying on quantitative mass spectrometry. This relatively new and rapidly evolving field must overcome many sources of unwanted variation. It has many unsolved challenges, both in the appropriate use of the existing methods and tools, and in developing methods that address specialized problems. This talk will illustrate our R-based efforts to promote sound statistical practice, and build a community of competent practitioners. First, we will present Cardinal, a comprehensive tool for quantitative mass spectrometry-based imaging, as well as MSstats, a general but flexible framework for mass spectrometry-based proteomics. We will highlight the importance of these tools for pharmaceutical research in an example of statistical characterization of therapeutic protein modifications. Second, we will detail our efforts of building a community of competent users through a world-wide series of short courses, intended for experimentalists and computational scientists alike.","Talk",NA,"2018",2018-08-16,"16:25:00","16:35:00","Olga Vitek","Northeastern University","Building a community of competent developers and users of R-based tools in mass spectrometry-based research","https://github.com/rinpharma/2018_presentations/blob/master/talks_folder/2018-Vitek-R_Based_Tools_in_Mass_Spectrometry_Research.pdf",NA,"The R-based ecosystem, and its open-source methods for data manipulation, modeling and interpretation, is key for effective and reproducible research. This is certainly true in experiments relying on quantitative mass spectrometry. This relatively new and rapidly evolving field must overcome many sources of unwanted variation. It has many unsolved challenges, both in the appropriate use of the existing methods and tools, and in developing methods that address specialized problems. This talk will illustrate our R-based efforts to promote sound statistical practice, and build a community of competent practitioners. First, we will present Cardinal, a comprehensive tool for quantitative mass spectrometry-based imaging, as well as MSstats, a general but flexible framework for mass spectrometry-based proteomics. We will highlight the importance of these tools for pharmaceutical research in an example of statistical characterization of therapeutic protein modifications. Second, we will detail our efforts of building a community of competent users through a world-wide series of short courses, intended for experimentalists and computational scientists alike.",NA
"rinpharma_53","2018 Conference","Precision medicine typically refers to the development of drugs and other interventions for individual patients. But how do you assess efficacy and make predictions in this extreme small data regime? The Bayesian framework is ideal for this type of inference as it allows us to combine population and personal effects in a principled way and make predictions for both groups and individuals. The inferences are further improved when we introduce mechanistically inspired components into the modeling framework. I’ll talk about building pharma models in the small data regime and how we use Stan (a statistical modeling language for Bayesian inference) with R for analysis.","Talk",NA,"2018",2018-08-16,"16:35:00","16:45:00","Daniel Lee","Generable","Bayesian Models for Smaller Trial Sizes","https://github.com/rinpharma/2018_presentations/blob/master/talks_folder/2018-Lee-Bayesian_models_for_smaller_trial_sizes.pdf",NA,"Precision medicine typically refers to the development of drugs and other interventions for individual patients. But how do you assess efficacy and make predictions in this extreme small data regime? The Bayesian framework is ideal for this type of inference as it allows us to combine population and personal effects in a principled way and make predictions for both groups and individuals. The inferences are further improved when we introduce mechanistically inspired components into the modeling framework. I’ll talk about building pharma models in the small data regime and how we use Stan (a statistical modeling language for Bayesian inference) with R for analysis.",NA
"rinpharma_54","2018 Conference","Recruitment models for clinical trials are notoriously difficult to build due to many complex factors within a study. With input from experienced practitioners, we have built an interactive tool to allow individuals to build complex recruitment models using the R/Shiny framework. The Tool Enhance R, our platform for study modeling, was ported from an Excel-based tool to the R/Shiny platform to increase model development speed, expand capability and drive transparency into model development. The tool allows users to specify critical model attributes (i.e. country site distribution, recruitment/activation rates, country-specific vacations), and provide instantaneous feedback that changes have on a model’s probability of success. Using the RStudio Connect platform, we are able to grant multi-level access to users through a single web interface. Model development is tracked by exporting results to a SharePoint site and logging versions for future review/auditing. This gives significant levels of transparency on how a model was created and evolved over time. For web analytics, we used Piwik, and internal web analytics platform, to monitor how users navigate through the platform and identify browsing behavior. The application was built upon the Shiny Dashboard framework and leverages many visualization packages, including Plotly, Timevis, ggplot2 and many more. Many challenges arose in its develop, from controlling over-zealous user clicks causing out of control execution, to integrating service account execution of apps to facilitate centralized data control. This project pushed the limits of what the R/Shiny platform is capable of and demonstrates how data scientists can build useful solutions.","Talk",NA,"2018",2018-08-16,"16:45:00","16:55:00","Jay Timmerman","Covance","Enhance R Overview","https://github.com/rinpharma/2018_presentations/blob/master/talks_folder/2018-Timmerman-Enhance_R.pptx",NA,"Recruitment models for clinical trials are notoriously difficult to build due to many complex factors within a study. With input from experienced practitioners, we have built an interactive tool to allow individuals to build complex recruitment models using the R/Shiny framework. The Tool Enhance R, our platform for study modeling, was ported from an Excel-based tool to the R/Shiny platform to increase model development speed, expand capability and drive transparency into model development. The tool allows users to specify critical model attributes (i.e. country site distribution, recruitment/activation rates, country-specific vacations), and provide instantaneous feedback that changes have on a model’s probability of success. Using the RStudio Connect platform, we are able to grant multi-level access to users through a single web interface. Model development is tracked by exporting results to a SharePoint site and logging versions for future review/auditing. This gives significant levels of transparency on how a model was created and evolved over time. For web analytics, we used Piwik, and internal web analytics platform, to monitor how users navigate through the platform and identify browsing behavior. The application was built upon the Shiny Dashboard framework and leverages many visualization packages, including Plotly, Timevis, ggplot2 and many more. Many challenges arose in its develop, from controlling over-zealous user clicks causing out of control execution, to integrating service account execution of apps to facilitate centralized data control. This project pushed the limits of what the R/Shiny platform is capable of and demonstrates how data scientists can build useful solutions.",NA
"rinpharma_55","2018 Conference","The United States Food and Drug Administration (FDA) requires that clinical trial data be submitted in the Study Data Tabulation Model (SDTM) standard format. The process of developing SDTM involves mapping captured raw data to their correspondent SDTM domains based on rules and conditions put by the Clinical Data Interchange Standards Consortium (CDISC) organization. SDTM data is further used for building the Analysis Data Model (ADaM) which is used for clinical trial statistical analysis. Mistakes in the mapping process are common due to the process complexities; issues that are missed may potentially affect the clinical trial result. Therefore, it is very essential to preserve the quality of the SDTM data. Currently, the main tool for checking SDTM conformance is Pinnacle21 (formerly known as OpenCDISC). Notably, there are usability and viability checks that are not included in Pinnacle21. This work describes the creation of an R shiny app to supplement the Pinnacle21 checks. This interactive app applies various CDISC-compliant SDTM data validation checks, and provides the user with a comprehensive report on possible inconsistencies in the data. The app would allow programmers to proactively find data mapping errors. In addition, it is straightforward to use and can save tremendous amounts of time. Additionally, this app’s audience extends beyond the programming community and covers other individuals who have an interest in data quality, particularly Data Managers and individuals in Clinical Science and Clinical Operations.","Talk",NA,"2018",2018-08-16,"16:55:00","17:05:00","Elma Zannatul Ferdousy | Katrina Paz | Nasser Al Ali","Genentech | Genentech | Genentech","The Magic R-Shiny App that can Boost your SDTM Usability and Viability while Saving Time",NA,NA,"The United States Food and Drug Administration (FDA) requires that clinical trial data be submitted in the Study Data Tabulation Model (SDTM) standard format. The process of developing SDTM involves mapping captured raw data to their correspondent SDTM domains based on rules and conditions put by the Clinical Data Interchange Standards Consortium (CDISC) organization. SDTM data is further used for building the Analysis Data Model (ADaM) which is used for clinical trial statistical analysis. Mistakes in the mapping process are common due to the process complexities; issues that are missed may potentially affect the clinical trial result. Therefore, it is very essential to preserve the quality of the SDTM data. Currently, the main tool for checking SDTM conformance is Pinnacle21 (formerly known as OpenCDISC). Notably, there are usability and viability checks that are not included in Pinnacle21. This work describes the creation of an R shiny app to supplement the Pinnacle21 checks. This interactive app applies various CDISC-compliant SDTM data validation checks, and provides the user with a comprehensive report on possible inconsistencies in the data. The app would allow programmers to proactively find data mapping errors. In addition, it is straightforward to use and can save tremendous amounts of time. Additionally, this app’s audience extends beyond the programming community and covers other individuals who have an interest in data quality, particularly Data Managers and individuals in Clinical Science and Clinical Operations.",NA
"rinpharma_56","2018 Conference","The pharmaceutical industry depends on accurate and reproducible data science for both preclinical and clinical analysis. Unfortunately, often an analysis cannot be reproduced and therefore its computational methodology and merit are unknown. Often, the data, code, or description of computational methods is not maintained. In order to implement good practices of reproducible computational research, the leadership of the company must invest time and resources into planning, training, ensuring adoption of common practices and tools, implementing documentation systems, encouraging discipline on the individual and group level, creating incentives, and requiring accountability. At Eisai, we have developed a working system for reproducible computational research that is enabled by leadership, technology, and culture. With regards to technology, we primarily use Rmarkdown and R Notebooks on an Rstudio server used by all our analysts. The Rstudio server is maintained by an administrator who installs packages for all users, creating a common package environment that ensures that code can be rerun in the future. Data and code are stored in a shared network drive and version control is accomplished by using Git. A wiki that is editable by all analysts is used to organize all analyses (tracked with unique analysis IDs) and provides links to code and results. With regards to culture, the leadership has promoted the values of quality and reproducibility. When yearly objectives are set, the performance criteria includes the creation of analysis documents (e.g. Rmarkdown reports), use of version control, and organization of data on shared network drives. Setting aside time for wiki documentation in the midst of high demands from project teams is helped by having periodic “documentation day” parties. To verify reproducibility, we have implemented ""witnessing"": once the analysis is finished, it is reviewed by an independent team member who officially signs off on the work, stating that the reproducibility criteria have been met. Our success in implementing reproducible computational research can serve as a model for other companies to use. Here we have provided a model based on leadership, technology, and culture.","Talk",NA,"2018",2018-08-16,"17:05:00","17:15:00","Joseph Gerrein","Eisai","Reproducible computational research at Eisai: leadership, technology, and culture",NA,NA,"The pharmaceutical industry depends on accurate and reproducible data science for both preclinical and clinical analysis. Unfortunately, often an analysis cannot be reproduced and therefore its computational methodology and merit are unknown. Often, the data, code, or description of computational methods is not maintained. In order to implement good practices of reproducible computational research, the leadership of the company must invest time and resources into planning, training, ensuring adoption of common practices and tools, implementing documentation systems, encouraging discipline on the individual and group level, creating incentives, and requiring accountability. At Eisai, we have developed a working system for reproducible computational research that is enabled by leadership, technology, and culture. With regards to technology, we primarily use Rmarkdown and R Notebooks on an Rstudio server used by all our analysts. The Rstudio server is maintained by an administrator who installs packages for all users, creating a common package environment that ensures that code can be rerun in the future. Data and code are stored in a shared network drive and version control is accomplished by using Git. A wiki that is editable by all analysts is used to organize all analyses (tracked with unique analysis IDs) and provides links to code and results. With regards to culture, the leadership has promoted the values of quality and reproducibility. When yearly objectives are set, the performance criteria includes the creation of analysis documents (e.g. Rmarkdown reports), use of version control, and organization of data on shared network drives. Setting aside time for wiki documentation in the midst of high demands from project teams is helped by having periodic “documentation day” parties. To verify reproducibility, we have implemented ""witnessing"" once the analysis is finished, it is reviewed by an independent team member who officially signs off on the work, stating that the reproducibility criteria have been met. Our success in implementing reproducible computational research can serve as a model for other companies to use. Here we have provided a model based on leadership, technology, and culture.",NA
"rinpharma_57","2018 Conference","The first challenge in validating an analytic tool for the pharmaceutical industry is that, despite a formal FDA definition, there is still no cross-industry agreement on what 'validation' really means with respect to an analytic tool. AIMS (Application and Implementation of Methodologies in Statistics), a Special Interest Group within PSI have been attempting to answer this question with respect to R. In doing so we recently received approval from the R Consortium for an online R package validation repository and are now looking to formalise some early definitions. In this presentation I will walk through some of the challenges that we have identified thus far and outline what we're hoping to achieve with the platform.","Talk",NA,"2018",2018-08-16,"17:15:00","17:25:00","Andy Nicholls","GlaxoSmithKline","The Challenges of Validating R","https://github.com/rinpharma/2018_presentations/blob/master/talks_folder/2018-Nicholls-The_Challenges_of_Validating_R.pptx",NA,"The first challenge in validating an analytic tool for the pharmaceutical industry is that, despite a formal FDA definition, there is still no cross-industry agreement on what 'validation' really means with respect to an analytic tool. AIMS (Application and Implementation of Methodologies in Statistics), a Special Interest Group within PSI have been attempting to answer this question with respect to R. In doing so we recently received approval from the R Consortium for an online R package validation repository and are now looking to formalise some early definitions. In this presentation I will walk through some of the challenges that we have identified thus far and outline what we're hoping to achieve with the platform.",NA
"rinpharma_58","2019 Conference",NA,"Workshop",NA,"2019",2019-08-20,"08:30:00","12:30:00","Joe Cheng","RStudio","Shiny Reproducibility","https://github.com/jcheng5/rpharma-shinymeta-workshop",NA,NA,NA
"rinpharma_59","2019 Conference",NA,"Workshop",NA,"2019",2019-08-20,"08:40:00","12:30:00","Andy Nicholls","GlaxoSmithKline","R Validation Hub (past, current and future state)","https://github.com/pharmaR/rpharma2019",NA,NA,NA
"rinpharma_60","2019 Conference",NA,"Workshop",NA,"2019",2019-08-20,"08:40:00","12:30:00","Leon Eyrich Jessen","Technical University of Denmark","Artificial neural networks in R with Keras and TensorFlow","https://github.com/leonjessen/RPharma2019",NA,NA,NA
"rinpharma_61","2019 Conference",NA,"Workshop",NA,"2019",2019-08-20,"13:30:00","17:30:00","Max Kuhn","RStudio","Machine learning","https://github.com/topepo/RPharma-2019-Workshop",NA,NA,NA
"rinpharma_62","2019 Conference",NA,"Workshop",NA,"2019",2019-08-20,"13:30:00","17:30:00","Carson Sievert","RStudio","plotly","https://github.com/cpsievert/tutorials/tree/master/20190821",NA,NA,NA
"rinpharma_63","2019 Conference",NA,"Workshop",NA,"2019",2019-08-20,"13:30:00","17:30:00","Will Landau","Eli Lilly","Machine learning workflow management with drake","https://github.com/wlandau/learndrake",NA,NA,NA
"rinpharma_64","2019 Conference",NA,"Coffee session",NA,"2019",2019-08-21,"08:15:00","08:45:00","Devin Pastoor","Metrum Research Group","Package Management",NA,NA,NA,"Unfortunately we do not currently have an abstract, copy of the slides or link to the video to this presentation"
"rinpharma_65","2019 Conference",NA,"Coffee session",NA,"2019",2019-08-21,"08:15:00","08:45:00","Paulo Bargo | Satish Murthy","Janssen | Janssen","R Education in Pharma","https://github.com/rinpharma/2019_presentations/blob/master/talks_folder/2019-Bargo-Using_RStudio_Cloud_to_advance_R_proficiency.pdf",NA,NA,NA
"rinpharma_66","2019 Conference",NA,"Coffee session",NA,"2019",2019-08-21,"08:15:00","08:45:00","Sean Lopp","RStudio","R and Python Interoperability",NA,NA,NA,"Unfortunately we do not currently have an abstract, copy of the slides or link to the video to this presentation"
"rinpharma_67","2019 Conference",NA,"Schedule only",NA,"2019",2019-08-21,"08:45:00","09:00:00",NA,NA,"Coffee",NA,NA,NA,"Unfortunately we do not currently have an abstract, copy of the slides or link to the video to this presentation"
"rinpharma_68","2019 Conference",NA,"Remarks",NA,"2019",2019-08-21,"09:00:00","09:15:00","Merce Crosas","Harvard University","Opening Remarks","https://github.com/rinpharma/rinpharma2019program/tree/master/talks_folder/2019-Crosas-Opening_Remarks_Day_1.pdf",NA,NA,NA
"rinpharma_69","2019 Conference",NA,"Keynote",NA,"2019",2019-08-21,"09:15:00","10:00:00","Garrett Grolemund","RStudio","Reproducibility and the role of code in reproducible data science",NA,NA,NA,"Unfortunately we do not currently have an abstract, copy of the slides or link to the video to this presentation"
"rinpharma_70","2019 Conference","Determination of bioequivalence (BE), a crucial part of the evaluation of generic drugs, may depend on clinical endpoint studies, pharmacokinetic (PK) studies of bioavailability, and In-Vitro tests, among others. Additionally, in reviewing Abbreviated New Drug Applications (ANDA), FDA reviewers often analyze safety studies and perform various kinds of simulations. A growing, vibrant group of statisticians in the Office of Biostatistics, CDER/FDA has adopted R for both their routine tasks and to address numerous scientific questions that are received in the form of internal consults. During the past 5 years, we have used R to run power simulations; generate the distribution of certain statistics of interest; assess the similarity of and cluster amino-acid sequences as well as, derive the distribution of the molecular weight of such sequences of a certain length; and determine the validity of data sets categorized for genotoxicity. R-package SABE was developed to accompany a new statistical test, used to assess BE of topical dermatological products when data for evaluation come from the In-Vitro Permeation Test (IVPT) [1]. BE tests consider comparisons between a Test (usually generic) and a Reference (RLD) product under a replicate study design. A function that assesses BE of a Test and a Reference formulation uses a mixed scaled criterion for the PK metrics AUC (Area Under the Curve) and Cmax (maximum concentration).","Talk",NA,"2019",2019-08-21,"10:00:00","10:20:00","Elena Rantou","FDA","Using R for Generic Drug Evaluation and SABE R-package for Assessing Bioequivalence of Topical Dermatological Products",NA,NA,"Determination of bioequivalence (BE), a crucial part of the evaluation of generic drugs, may depend on clinical endpoint studies, pharmacokinetic (PK) studies of bioavailability, and In-Vitro tests, among others. Additionally, in reviewing Abbreviated New Drug Applications (ANDA), FDA reviewers often analyze safety studies and perform various kinds of simulations. A growing, vibrant group of statisticians in the Office of Biostatistics, CDER/FDA has adopted R for both their routine tasks and to address numerous scientific questions that are received in the form of internal consults. During the past 5 years, we have used R to run power simulations; generate the distribution of certain statistics of interest; assess the similarity of and cluster amino-acid sequences as well as, derive the distribution of the molecular weight of such sequences of a certain length; and determine the validity of data sets categorized for genotoxicity. R-package SABE was developed to accompany a new statistical test, used to assess BE of topical dermatological products when data for evaluation come from the In-Vitro Permeation Test (IVPT) [1]. BE tests consider comparisons between a Test (usually generic) and a Reference (RLD) product under a replicate study design. A function that assesses BE of a Test and a Reference formulation uses a mixed scaled criterion for the PK metrics AUC (Area Under the Curve) and Cmax (maximum concentration).",NA
"rinpharma_71","2019 Conference","Our bioinformatics team is relied upon to quickly generate information to drive business decisions, allocate resources, and develop predictive models. As such, we constantly strive to streamline our work and create efficiencies when possible. To this end, we have developed a set of tools utilizing R packages, project templates, and parameterized R Markdown reports that enables a semi-automated, standardized modeling work flow. These tools have largely increased our output in generating informative metrics, improved our ability to reproduce our results, and empowered us to scale our team in a way that supports our company goals.","Talk",NA,"2019",2019-08-21,"10:20:00","10:30:00","Leigh Alexander","SomaLogic","How to win friends and influence people: Efficiency, Reproducibility, and Scalability with R Project templates and parameterized R Markdown",NA,NA,"Our bioinformatics team is relied upon to quickly generate information to drive business decisions, allocate resources, and develop predictive models. As such, we constantly strive to streamline our work and create efficiencies when possible. To this end, we have developed a set of tools utilizing R packages, project templates, and parameterized R Markdown reports that enables a semi-automated, standardized modeling work flow. These tools have largely increased our output in generating informative metrics, improved our ability to reproduce our results, and empowered us to scale our team in a way that supports our company goals.",NA
"rinpharma_72","2019 Conference","The gsDesign package for group sequential design is widely used with >30k downloads. The package was originally written in 2007 with substantial documentation and Runit testing created before 2010. A Shiny interface was created to make the package more approachable in about 2015. Recent efforts have focused on updating package to use Roxygen2, pkgdown, covr/covrpage and testthat as well as changing vignettes from Sweave to R Markdown. The learning curve for this modernization will be discussed as well as usage in a regulated environment.","Talk",NA,"2019",2019-08-21,"10:30:00","10:50:00","Keaven Anderson","Merck","Teaching an old dog new tricks: modernizing gsDesign","https://github.com/rinpharma/rinpharma2019program/tree/master/talks_folder/2019-Anderson-Modernizing_gsDesign.pptx",NA,"The gsDesign package for group sequential design is widely used with >30k downloads. The package was originally written in 2007 with substantial documentation and Runit testing created before 2010. A Shiny interface was created to make the package more approachable in about 2015. Recent efforts have focused on updating package to use Roxygen2, pkgdown, covr/covrpage and testthat as well as changing vignettes from Sweave to R Markdown. The learning curve for this modernization will be discussed as well as usage in a regulated environment.",NA
"rinpharma_73","2019 Conference",NA,"Schedule only",NA,"2019",2019-08-21,"10:50:00","11:10:00",NA,NA,"Coffee",NA,NA,NA,"Unfortunately we do not currently have an abstract, copy of the slides or link to the video to this presentation"
"rinpharma_74","2019 Conference","nlmixr is a free and open source R package for fitting nonlinear pharmacokinetic (PK), pharmacodynamic (PD), joint PK/PD and quantitative systems pharmacology (QSP) mixed-effects models. Currently, nlmixr is capable of fitting both traditional compartmental PK models as well as more complex models implemented using ordinary differential equations (ODEs). It is under intensive development and has succeeded in attracting extensive attention and a willingness to make contributions from the pharmaceutical modeling community. We believe that, over time, it will become a capable, credible alternative to commercial software tools, such as NONMEM, Monolix, and Phoenix NLME.","Talk",NA,"2019",2019-08-21,"11:10:00","11:30:00","Mirjam Trame","Novartis","nlmixr: an R package for population PKPD modeling","https://github.com/rinpharma/rinpharma2019program/tree/master/talks_folder/2019-Trame-nlmixr.pdf",NA,"nlmixr is a free and open source R package for fitting nonlinear pharmacokinetic (PK), pharmacodynamic (PD), joint PK/PD and quantitative systems pharmacology (QSP) mixed-effects models. Currently, nlmixr is capable of fitting both traditional compartmental PK models as well as more complex models implemented using ordinary differential equations (ODEs). It is under intensive development and has succeeded in attracting extensive attention and a willingness to make contributions from the pharmaceutical modeling community. We believe that, over time, it will become a capable, credible alternative to commercial software tools, such as NONMEM, Monolix, and Phoenix NLME.",NA
"rinpharma_75","2019 Conference","Developing Shiny applications that meet design goals, easily deploy to multiple platforms, and contain easily maintainable components (all while adhering to best practices) is typically a difficult endeavor. Until recently, there has not been a tool addressing the optimal development workflow and construction of Shiny apps. The {golem} package by Think-R offers an opinionated framework for creating a Shiny app as a package, with {usethis}-like functionality to add a diverse set of capabilities. In this presentation, I will share how {golem} enables a robust standard for Shiny development and how it magically brought a dormant application back to life.","Talk",NA,"2019",2019-08-21,"11:30:00","11:40:00","Eric Nantz","Eli Lilly","Creating and reviving Shiny apps with golem","https://rpodcast.gitlab.io/golem_rpharma2019/#1",NA,"Developing Shiny applications that meet design goals, easily deploy to multiple platforms, and contain easily maintainable components (all while adhering to best practices) is typically a difficult endeavor. Until recently, there has not been a tool addressing the optimal development workflow and construction of Shiny apps. The  golem  package by Think-R offers an opinionated framework for creating a Shiny app as a package, with  usethis -like functionality to add a diverse set of capabilities. In this presentation, I will share how  golem  enables a robust standard for Shiny development and how it magically brought a dormant application back to life.",NA
"rinpharma_76","2019 Conference","Introduction: As pharmacometricians, we sometimes jump into complex modeling before thoroughly exploring our data. This can happen due to tight timelines, lack of ready-to-use graphic tools or enthusiasm for complex models. Exploratory plots can help to uncover useful insights in the data and identify aspects to be explored further through modeling or in future studies. Exploratory plots can even quickly answer questions without the need of a complex model, improving our efficiency and providing timely impact on project strategy. The Exploratory Graphics (xGx) tool is an open-source R-based tool, freely available on GitHub [1]. Intuitively organized by datatype and driven by analysis questions, the tool aims to encourage a question-based approach to data exploration focusing on the key questions relevant to dose-exposure-response analyses. Objectives: - Facilitate the purposeful exploration of PKPD data - Encourage a question-based approach to data exploration, focusing on dose-exposure-response relationships - Provide a teaching tool for people new to PKPD analysis Methods: PK (single and multiple ascending dose), and PD (continuous, time-to-event, categorical, count, and ordinal) data were simulated and formatted according to a typical PKPD modeling dataset format. Lists of key questions relevant to dose-exposure-response exploration were compiled, and exploratory plots were generated to answer each question. The graphs were created following good graphics principles to ensure quality and consistency in our graphical communications [2]. Results: Examples of the key analysis questions include: - Provide an overview of the data: - What type of data is it (e.g. continuous, binary, categorical)? - How many doses? - What is the range of doses explored? - For PK data, how many potential compartments are observed? - Is the exposure dose-proportional? - Is there evidence of nonlinearity in clearance? - Assess the variability: - How large is the between subject variability compared to between dose separation? - Can any of the between subject variability be attributed to any covariates? - Are there any patterns in the within subject variability (e.g. circadian rhythms, seasonal effects, food effects, underlying disease progression)? - Assess the dose/exposure-response relationship: - Is there evidence of a correlation between dose/exposure and response? - Is the relationship positive or negative? - Is there a plateau or maximal effect in the observed dose/exposure range? - Is there evidence of a delay between exposure and response? For each datatype in the simulated dataset, plots were generated to answer these key questions. The plots along with the codes to produce them were compiled into a user friendly interface. The tool is intuitively organized by datatype and driven by the analysis questions. Since the graphs were generated based on a typical modeling dataset format and hosted online, they can be easily accessed and applied to new projects. Conclusion: Exploratory plots were generated, built around typical key questions particularly relevant to dose-exposure-response exploration and compiled into a user friendly interface. The Exploratory Graphics (xGx) tool can help underscore the role of purposeful data exploration for quantitative scientists. Through a question-based approach, xGx helps uncover useful insights that can be revealed without complex modeling and identify aspects of the data that may be explored further. References: [1] Margolskee, A., Khanshan, F., Stein, A., Ho, Y., and Looby, M. (2019) Exploratory Graphics (xGx). Pharmacometrics, Novartis Institutes for Biomedical Research, Cambridge. (Available from https://opensource.nibr.com/xgx/) [2] Margolskee, A., Baillie, M., Magnusson, B., Jones, J. and Vandemeulebroecke, M. (2018) Graphics principles cheat sheet. Biostatistical Sciences and Pharmacometrics, Novartis Institutes for Biomedical Research, Cambridge. (Available from https://graphicsprinciples.github.io/)","Talk",NA,"2019",2019-08-21,"11:40:00","12:00:00","Alison Margolskee","Novartis","Exploratory Graphics (xGx): Promoting the purposeful exploration of PKPD data",NA,NA,"Introduction As pharmacometricians, we sometimes jump into complex modeling before thoroughly exploring our data. This can happen due to tight timelines, lack of ready-to-use graphic tools or enthusiasm for complex models. Exploratory plots can help to uncover useful insights in the data and identify aspects to be explored further through modeling or in future studies. Exploratory plots can even quickly answer questions without the need of a complex model, improving our efficiency and providing timely impact on project strategy. The Exploratory Graphics (xGx) tool is an open-source R-based tool, freely available on GitHub [1]. Intuitively organized by datatype and driven by analysis questions, the tool aims to encourage a question-based approach to data exploration focusing on the key questions relevant to dose-exposure-response analyses. Objectives - Facilitate the purposeful exploration of PKPD data - Encourage a question-based approach to data exploration, focusing on dose-exposure-response relationships - Provide a teaching tool for people new to PKPD analysis Methods PK (single and multiple ascending dose), and PD (continuous, time-to-event, categorical, count, and ordinal) data were simulated and formatted according to a typical PKPD modeling dataset format. Lists of key questions relevant to dose-exposure-response exploration were compiled, and exploratory plots were generated to answer each question. The graphs were created following good graphics principles to ensure quality and consistency in our graphical communications [2]. Results Examples of the key analysis questions include - Provide an overview of the data - What type of data is it (e.g. continuous, binary, categorical)? - How many doses? - What is the range of doses explored? - For PK data, how many potential compartments are observed? - Is the exposure dose-proportional? - Is there evidence of nonlinearity in clearance? - Assess the variability - How large is the between subject variability compared to between dose separation? - Can any of the between subject variability be attributed to any covariates? - Are there any patterns in the within subject variability (e.g. circadian rhythms, seasonal effects, food effects, underlying disease progression)? - Assess the dose/exposure-response relationship - Is there evidence of a correlation between dose/exposure and response? - Is the relationship positive or negative? - Is there a plateau or maximal effect in the observed dose/exposure range? - Is there evidence of a delay between exposure and response? For each datatype in the simulated dataset, plots were generated to answer these key questions. The plots along with the codes to produce them were compiled into a user friendly interface. The tool is intuitively organized by datatype and driven by the analysis questions. Since the graphs were generated based on a typical modeling dataset format and hosted online, they can be easily accessed and applied to new projects. Conclusion Exploratory plots were generated, built around typical key questions particularly relevant to dose-exposure-response exploration and compiled into a user friendly interface. The Exploratory Graphics (xGx) tool can help underscore the role of purposeful data exploration for quantitative scientists. Through a question-based approach, xGx helps uncover useful insights that can be revealed without complex modeling and identify aspects of the data that may be explored further. References [1] Margolskee, A., Khanshan, F., Stein, A., Ho, Y., and Looby, M. (2019) Exploratory Graphics (xGx). Pharmacometrics, Novartis Institutes for Biomedical Research, Cambridge. (Available from https//opensource.nibr.com/xgx/) [2] Margolskee, A., Baillie, M., Magnusson, B., Jones, J. and Vandemeulebroecke, M. (2018) Graphics principles cheat sheet. Biostatistical Sciences and Pharmacometrics, Novartis Institutes for Biomedical Research, Cambridge. (Available from https//graphicsprinciples.github.io/)",NA
"rinpharma_77","2019 Conference","The standardization of nonclinical study data by the Clinical Data Interchange Standards Consortium (CDISC) via the Standard for Exchange of Nonclinical Data (SEND) has created an opportunity for the collaborative development and use of open source software solutions to analyze and visualize toxicology study data. Shiny is an open source R package that facilitates the development of user-friendly, web-based applications. The Pharmaceutical Users Software Exchange (PhUSE) consortium has provided a platform for stakeholders throughout the pharmaceutical industry to collaboratively build and share tools, e.g. R Shiny applications, to enhance the effectiveness and efficiency of drug development. The modeling of standard repeat-dose toxicology study endpoints, e.g. body weights, clinical signs, clinical pathology, histopathology, toxicokinetics, etc., in SEND has created new opportunities for dynamic, interactive visualization of study data above and beyond the static tables and figures typically included in static study reports. For example, clinical pathology data from nonclinical toxicology studies can be difficult to digest when presented as group means in data tables, due to the large number of potentially correlated analytes collected across treatment groups, sexes, and potentially multiple timepoints. An R Shiny application has been developed to allow end users to comprehensively examine these datasets, using a variety of analytical and visualization methods, with relative ease. The application is publicly hosted on shinyapps.io, and the source code can be found on the PhUSE GitHub website.","Talk",NA,"2019",2019-08-21,"12:00:00","12:10:00","Kevin Snyder","FDA","Interactive Visualization of Standardized CDISC-SEND-Formatted Toxicology Study Data Using R Shiny","https://github.com/rinpharma/rinpharma2019program/tree/master/talks_folder/2019-Snyder-Visualization_of_SEND_Toxicity_Study.pptx",NA,"The standardization of nonclinical study data by the Clinical Data Interchange Standards Consortium (CDISC) via the Standard for Exchange of Nonclinical Data (SEND) has created an opportunity for the collaborative development and use of open source software solutions to analyze and visualize toxicology study data. Shiny is an open source R package that facilitates the development of user-friendly, web-based applications. The Pharmaceutical Users Software Exchange (PhUSE) consortium has provided a platform for stakeholders throughout the pharmaceutical industry to collaboratively build and share tools, e.g. R Shiny applications, to enhance the effectiveness and efficiency of drug development. The modeling of standard repeat-dose toxicology study endpoints, e.g. body weights, clinical signs, clinical pathology, histopathology, toxicokinetics, etc., in SEND has created new opportunities for dynamic, interactive visualization of study data above and beyond the static tables and figures typically included in static study reports. For example, clinical pathology data from nonclinical toxicology studies can be difficult to digest when presented as group means in data tables, due to the large number of potentially correlated analytes collected across treatment groups, sexes, and potentially multiple timepoints. An R Shiny application has been developed to allow end users to comprehensively examine these datasets, using a variety of analytical and visualization methods, with relative ease. The application is publicly hosted on shinyapps.io, and the source code can be found on the PhUSE GitHub website.",NA
"rinpharma_78","2019 Conference","As the Pharmaceutical sector boosts its interactions with regulatory agencies using R programming as one key instrument for drug development submissions, we face a dilemma that several members of statistics and statistical programming teams are not currently advanced R programmers. For many years SAS has been a powerful tool in the data analysis repertoire of pharma statisticians however the recent development of automation capabilities such as RMarkdown and R/Shiny have created a new venue to expedite access to consumable information in the form of reports, presentations or interactive graphics that can be produced efficiently and in standard format for all phases of a drug development or submission process. At Janssen we aim to improve the literacy in R programming and achieve nearly 100% adhesion by statistics and statistical programming teams in the coming 2-3 years. To achieve this goal, we are leveraging all types of training formats, from online training, to in-house instructor led seminar, to one-on-one mentoring. One of the key methods we have been developing is the use of RStudio.Cloud as a platform for internal crowd-led hands-on workshops where statisticians/programmers are ""thought"" to solve on-the-job real problems ranging from visualization to automated reports. In this presentation we will discuss our experience creating this program and share lessons learned, mistakes and successes.","Talk",NA,"2019",2019-08-21,"12:10:00","12:30:00","Paulo Bargo","Janssen","Using RStudio.Cloud to advance R proficiency: a crowdsourcing training experience","https://github.com/rinpharma/rinpharma2019program/tree/master/talks_folder/2019-Bargo-Using_RStudio_Cloud_to_advance_R_proficiency.pdf",NA,"As the Pharmaceutical sector boosts its interactions with regulatory agencies using R programming as one key instrument for drug development submissions, we face a dilemma that several members of statistics and statistical programming teams are not currently advanced R programmers. For many years SAS has been a powerful tool in the data analysis repertoire of pharma statisticians however the recent development of automation capabilities such as RMarkdown and R/Shiny have created a new venue to expedite access to consumable information in the form of reports, presentations or interactive graphics that can be produced efficiently and in standard format for all phases of a drug development or submission process. At Janssen we aim to improve the literacy in R programming and achieve nearly 100% adhesion by statistics and statistical programming teams in the coming 2-3 years. To achieve this goal, we are leveraging all types of training formats, from online training, to in-house instructor led seminar, to one-on-one mentoring. One of the key methods we have been developing is the use of RStudio.Cloud as a platform for internal crowd-led hands-on workshops where statisticians/programmers are ""thought"" to solve on-the-job real problems ranging from visualization to automated reports. In this presentation we will discuss our experience creating this program and share lessons learned, mistakes and successes.",NA
"rinpharma_79","2019 Conference",NA,"Schedule only",NA,"2019",2019-08-21,"12:30:00","13:30:00",NA,NA,"Lunch",NA,NA,NA,"Unfortunately we do not currently have an abstract, copy of the slides or link to the video to this presentation"
"rinpharma_80","2019 Conference","At R in Pharma 2018, I gave a workshop and a presentation on analyzing clinical trials data with R. Since then much has happened at Roche/Genentech with regard to analyzing clinical trials data with R: our R-based projects got funded in order to extend our R tools and make them production ready. Since then we have created an R developer team that uses the SCRUM framework to work on our R tools. We also have subject-matter expert teams that translate the business knowledge into documentation and R code. Much effort has gone into setting up a CI/CD environment and defining a GitHub workflow that enabled our teams to collaborate efficiently and to keep the code quality high. In this presentation, I will first introduce the team structures, workflows, CI/CD environment and give some updates on the software development side. Finally, I will conclude with a brief update on our discussions around open sourcing and collaboration within the pharma industry and use this opportunity to start a conversation with the audience.","Talk",NA,"2019",2019-08-21,"13:30:00","13:50:00","Adrian Waddell","Roche","Updates on Analyzing Clinical Trials Data with R",NA,NA,"At R in Pharma 2018, I gave a workshop and a presentation on analyzing clinical trials data with R. Since then much has happened at Roche/Genentech with regard to analyzing clinical trials data with R our R-based projects got funded in order to extend our R tools and make them production ready. Since then we have created an R developer team that uses the SCRUM framework to work on our R tools. We also have subject-matter expert teams that translate the business knowledge into documentation and R code. Much effort has gone into setting up a CI/CD environment and defining a GitHub workflow that enabled our teams to collaborate efficiently and to keep the code quality high. In this presentation, I will first introduce the team structures, workflows, CI/CD environment and give some updates on the software development side. Finally, I will conclude with a brief update on our discussions around open sourcing and collaboration within the pharma industry and use this opportunity to start a conversation with the audience.",NA
"rinpharma_81","2019 Conference","The R shiny-based nest framework (previously named teal) has been proven valuable in exploratory settings and supporting strategic decision meetings. To allow more clinical studies to be able to adopt this agile framework in a wider range, we've developed a R package osprey and its accompanying R-shiny modules package teal.osprey, for the summarization, analysis and visualization of safety and early efficacy data. At its current development stage, the packages provide standard safety tables and several plots, covering adverse events, disposition, tumor burden, response data and a few other domains. The packages inherited the code reproducibility and interactive dynamic filtering functionality, allowing seamless integration with the previously-existing modules in the nest framework.","Talk",NA,"2019",2019-08-21,"13:50:00","14:00:00","Nina Qi","Genentech","R Packages for Analyzing Clinical Trials Data with R Focusing on Safety And Early Efficacy",NA,NA,"The R shiny-based nest framework (previously named teal) has been proven valuable in exploratory settings and supporting strategic decision meetings. To allow more clinical studies to be able to adopt this agile framework in a wider range, we've developed a R package osprey and its accompanying R-shiny modules package teal.osprey, for the summarization, analysis and visualization of safety and early efficacy data. At its current development stage, the packages provide standard safety tables and several plots, covering adverse events, disposition, tumor burden, response data and a few other domains. The packages inherited the code reproducibility and interactive dynamic filtering functionality, allowing seamless integration with the previously-existing modules in the nest framework.",NA
"rinpharma_82","2019 Conference",NA,"Talk",NA,"2019",2019-08-21,"14:00:00","14:20:00","Devin Pastoor","Metrum Research Group","Package management",NA,NA,NA,"Unfortunately we do not currently have an abstract, copy of the slides or link to the video to this presentation"
"rinpharma_83","2019 Conference","Providing a Study Data Reviewer's Guide for Clinical Data to accompany the SDTM datasets, define.xml, and annotated CRF in a submission gives additional information to help the FDA review team. The guide is traditionally authored using MS Word - a 100% manual and labor intensive process with its inherent shortcomings often exposed and aggravated during the usually frenzied sponsor submission process. R offers a more efficient solution with greater reproducibility: Programmatic document generation facilitated by Shiny and R Markdown. Shiny not only manages R Markdown knitting but gives the sponsor staff, who oftentimes are unfamiliar with R, the ability to quickly leverage R with just a crash course in Markdown. An example of applying Shiny and R Markdown to generate the Study Data Reviewer's Guide for Clinical Data will be presented.","Talk",NA,"2019",2019-08-21,"14:20:00","14:30:00","Mark Rothe","Sanofi","Shinytized R Markdown: A Potent OTC Alternative to 1,3,7-Trimethylxanthine & Currently Indicated for NDA Document Generation, Among Others","https://github.com/rinpharma/rinpharma2019program/tree/master/talks_folder/2019-Rothe-Shinytized_R_Markdown.pdf",NA,"Providing a Study Data Reviewer's Guide for Clinical Data to accompany the SDTM datasets, define.xml, and annotated CRF in a submission gives additional information to help the FDA review team. The guide is traditionally authored using MS Word - a 100% manual and labor intensive process with its inherent shortcomings often exposed and aggravated during the usually frenzied sponsor submission process. R offers a more efficient solution with greater reproducibility Programmatic document generation facilitated by Shiny and R Markdown. Shiny not only manages R Markdown knitting but gives the sponsor staff, who oftentimes are unfamiliar with R, the ability to quickly leverage R with just a crash course in Markdown. An example of applying Shiny and R Markdown to generate the Study Data Reviewer's Guide for Clinical Data will be presented.",NA
"rinpharma_84","2019 Conference","In a large organization, collaboration faces many obstacles. Groups may inadvertently reinvent functionality and expend redundant effort. Siloing may impede aggregation and comparison of results. Analysts may not be aware of potential collaborators. However, a shared computational analysis environment, supported by centrally developed infrastructure and well-defined policies, enables discoverability, facilitates reuse, promotes communication between analysts, and improves comparability of results. We will present how we are pursuing this vision at Genentech.","Talk",NA,"2019",2019-08-21,"14:30:00","14:50:00","Rena Yang","Genentech","Collaborating at scale: managing an enterprise analytical computing ecosystem","https://github.com/rinpharma/rinpharma2019program/tree/master/talks_folder/2019-Yang-Collaborating_at_Scale.pdf",NA,"In a large organization, collaboration faces many obstacles. Groups may inadvertently reinvent functionality and expend redundant effort. Siloing may impede aggregation and comparison of results. Analysts may not be aware of potential collaborators. However, a shared computational analysis environment, supported by centrally developed infrastructure and well-defined policies, enables discoverability, facilitates reuse, promotes communication between analysts, and improves comparability of results. We will present how we are pursuing this vision at Genentech.",NA
"rinpharma_85","2019 Conference","R is the dominant language in modern quantitative science, however it is still not widely used in pharma industry. In this talk I will share learnings in building an internal R user community in a large global organization, via efforts including cataloging existing works, coordinating R adoption pilots and trainings, etc. In addition, I will share our experiences and challenges in building a streamlined workflow with an automated writing component to enhance efficiency and reproducibility in a recent health authority interaction, towarding our mission of bringing therapies to patients faster.","Talk",NA,"2019",2019-08-21,"14:50:00","15:00:00","Ning Leng","Genentech","Embrace R in Pharma - building internal R community and establishing fit-for-purpose R pilots","https://github.com/rinpharma/rinpharma2019program/tree/master/talks_folder/2019-Leng-Embrace_R_in_Pharma.pdf",NA,"R is the dominant language in modern quantitative science, however it is still not widely used in pharma industry. In this talk I will share learnings in building an internal R user community in a large global organization, via efforts including cataloging existing works, coordinating R adoption pilots and trainings, etc. In addition, I will share our experiences and challenges in building a streamlined workflow with an automated writing component to enhance efficiency and reproducibility in a recent health authority interaction, towarding our mission of bringing therapies to patients faster.",NA
"rinpharma_86","2019 Conference","Content delivery in preparation for filing a clinical study report requires robust tooling for quickly and reproducibly compiling analysis of study data. Traditionally, this reproducibility has stemmed from one-time, rigorous validation of a development environment and analytic workflow. More recently, this paradigm has shifted to match modern software development principles, transitioning toward continuous monitoring of software validation and quality. I'll share our developing perspectives on validation and reproducibility, driven by a need to leverage open source tools. This vision leans on open source software such as R and its package ecosystems, publicly maintained containerized environments like the rocker project and cross-industry risk assessment via the R Validation Hub. By treating analysis as a software process in the content pipeline transforming raw data into analytic results, we can take advantage of the continuous deployment workflows prevalent in the software development world to shorten our filing timelines, while simultaneously delivery a more reproducible product to our health authority partners.","Talk",NA,"2019",2019-08-21,"15:00:00","15:20:00","Doug Kelkhoff","Roche","Re-envisioning Clinical Content Delivery in the Open Source World","https://github.com/rinpharma/rinpharma2019program/tree/master/talks_folder/2019-Kelkhoff-Reenvisioning_Clinical_Content_Delivery_in_the_Open_Source_World.pdf",NA,"Content delivery in preparation for filing a clinical study report requires robust tooling for quickly and reproducibly compiling analysis of study data. Traditionally, this reproducibility has stemmed from one-time, rigorous validation of a development environment and analytic workflow. More recently, this paradigm has shifted to match modern software development principles, transitioning toward continuous monitoring of software validation and quality. I'll share our developing perspectives on validation and reproducibility, driven by a need to leverage open source tools. This vision leans on open source software such as R and its package ecosystems, publicly maintained containerized environments like the rocker project and cross-industry risk assessment via the R Validation Hub. By treating analysis as a software process in the content pipeline transforming raw data into analytic results, we can take advantage of the continuous deployment workflows prevalent in the software development world to shorten our filing timelines, while simultaneously delivery a more reproducible product to our health authority partners.",NA
"rinpharma_87","2019 Conference","Research reproducibility has been heatedly discussed in recent years. Some authors have pointed out that a large portion of published research findings is incorrect and/or irreproducible. Some state that the medical literature is as reliable as expected. Despite the true state of the research literature, we can agree that reproducibility is of greatest importance to biomarker detection, including in the context of drug discovery and development. Research reproducibility may become a challenge in the current research community, because of the interdisciplinary nature of modern studies and latent gaps between the advancement of technology and the ability to analyze the resulting data. In this presentation, we will describe the reproducibility challenges of biomarker detection in liquid biopsies, which hold prevalent promises in disease diagnosis, treatment, and prevention. Our study shows that proper development and use of R packages can give a significant contribution to reproducible, high-quality, and cutting-edge research in nucleic acid biomarker detection, such as detection of novel circulating microRNA biomarkers.","Talk",NA,"2019",2019-08-21,"15:20:00","15:30:00","Vivian Zhuang","FDA","The use of R for improved reproducibility of biomarker detection in liquid biopsies",NA,NA,"Research reproducibility has been heatedly discussed in recent years. Some authors have pointed out that a large portion of published research findings is incorrect and/or irreproducible. Some state that the medical literature is as reliable as expected. Despite the true state of the research literature, we can agree that reproducibility is of greatest importance to biomarker detection, including in the context of drug discovery and development. Research reproducibility may become a challenge in the current research community, because of the interdisciplinary nature of modern studies and latent gaps between the advancement of technology and the ability to analyze the resulting data. In this presentation, we will describe the reproducibility challenges of biomarker detection in liquid biopsies, which hold prevalent promises in disease diagnosis, treatment, and prevention. Our study shows that proper development and use of R packages can give a significant contribution to reproducible, high-quality, and cutting-edge research in nucleic acid biomarker detection, such as detection of novel circulating microRNA biomarkers.",NA
"rinpharma_88","2019 Conference",NA,"Schedule only",NA,"2019",2019-08-21,"15:30:00","15:50:00",NA,NA,"Coffee",NA,NA,NA,"Unfortunately we do not currently have an abstract, copy of the slides or link to the video to this presentation"
"rinpharma_89","2019 Conference",NA,"Keynote",NA,"2019",2019-08-21,"15:50:00","16:35:00","Marianna Foos","Bluebird Bio","Breaking the Speed Limit: How R Gets Faster",NA,NA,NA,"Unfortunately we do not currently have an abstract, copy of the slides or link to the video to this presentation"
"rinpharma_90","2019 Conference","R Shiny apps allow for dynamic, interactive, real-time integration of knowledge within a drug-development program to support decision making. Here, an R Shiny app was used to explore the pharmacokinetic and pharmacodynamic effects of different dosing regimens of the anti IL-17 human mAb CosentyxÂ® (secukinumab) in pediatric patients. Secukinumab has been studied and approved to treat psoriasis in adult patients. Models which describe the dose-exposure-response relationships in adults (Lee et al., Clin Pharmacol Ther, 2019 and FDA, Medical Reviews BLA 125504, 2015) were used in the mrgsolve simulation package to explore these relationships in pediatric patients. The prior adult knowledge, used in conjunction with the computational infrastructure leveraged through R, the Shiny app, mrgsolve, and Rcpp, allows researchers to explore various dosing regimens in a difficult-to-study patient population. The tools and approaches described here have been routinely used to support regulatory interactions (ex. PIP) involving pediatric dosing.","Talk",NA,"2019",2019-08-21,"16:35:00","16:45:00","Jeannine Fisher","Metrum Research Group","Leveraging multiple R tools to make effective pediatric dosing decisions","https://github.com/rinpharma/rinpharma2019program/tree/master/talks_folder/2019-Fisher-Pediatric_Dosing_Decisions.pdf",NA,"R Shiny apps allow for dynamic, interactive, real-time integration of knowledge within a drug-development program to support decision making. Here, an R Shiny app was used to explore the pharmacokinetic and pharmacodynamic effects of different dosing regimens of the anti IL-17 human mAb CosentyxÂ® (secukinumab) in pediatric patients. Secukinumab has been studied and approved to treat psoriasis in adult patients. Models which describe the dose-exposure-response relationships in adults (Lee et al., Clin Pharmacol Ther, 2019 and FDA, Medical Reviews BLA 125504, 2015) were used in the mrgsolve simulation package to explore these relationships in pediatric patients. The prior adult knowledge, used in conjunction with the computational infrastructure leveraged through R, the Shiny app, mrgsolve, and Rcpp, allows researchers to explore various dosing regimens in a difficult-to-study patient population. The tools and approaches described here have been routinely used to support regulatory interactions (ex. PIP) involving pediatric dosing.",NA
"rinpharma_91","2019 Conference","GlaxoSmithKline is searching for new oncology drug targets. We have CRISPR knockout data for many cancer cell lines and many genes. For these same cell lines, we also have genomic data --somatic mutations, copy number variants, and gene expression. We use machine learning (random forests) to find predictive relationships between genomic features and cell line growth under knockout. Then we use GLASSES, a shiny app, to share the results with biologists. GLASSES lets scientists interactively explore key relationships and discover novel cancer vulnerabilities.","Talk",NA,"2019",2019-08-21,"16:45:00","17:05:00","David Cooper","GlaxoSmithKline","Using Machine Learning and Interactive Graphics to Find New Cancer Targets","https://github.com/rinpharma/rinpharma2019program/tree/master/talks_folder/2019-Cooper-Using_ML_and_Interactive_Graphics_to_Find_New_Cancer_Targets.pptx",NA,"GlaxoSmithKline is searching for new oncology drug targets. We have CRISPR knockout data for many cancer cell lines and many genes. For these same cell lines, we also have genomic data --somatic mutations, copy number variants, and gene expression. We use machine learning (random forests) to find predictive relationships between genomic features and cell line growth under knockout. Then we use GLASSES, a shiny app, to share the results with biologists. GLASSES lets scientists interactively explore key relationships and discover novel cancer vulnerabilities.",NA
"rinpharma_92","2019 Conference","Machine learning workflows can be difficult to manage. A single round of computation can take several hours to complete, and routine updates to the code and data tend to invalidate hard-earned results. You can enhance the maintainability, hygiene, speed, scale, and reproducibility of such projects with the drake R package. drake resolves the dependency structure of your analysis pipeline, skips tasks that are already up to date, executes the rest with optional distributed computing, and organizes the output so you rarely have to think about data files. This talk demonstrates a deep learning project with drake-powered automation.","Talk",NA,"2019",2019-08-21,"17:05:00","17:15:00","Will Landau","Eli Lilly","Machine learning workflow management with drake","https://github.com/rinpharma/rinpharma2019program/tree/master/talks_folder/2019-Landau-Machine_Learning_Workflow_Management_in_R.pdf",NA,"Machine learning workflows can be difficult to manage. A single round of computation can take several hours to complete, and routine updates to the code and data tend to invalidate hard-earned results. You can enhance the maintainability, hygiene, speed, scale, and reproducibility of such projects with the drake R package. drake resolves the dependency structure of your analysis pipeline, skips tasks that are already up to date, executes the rest with optional distributed computing, and organizes the output so you rarely have to think about data files. This talk demonstrates a deep learning project with drake-powered automation.",NA
"rinpharma_93","2019 Conference","We define and illustrate a ""deep visualization"" paradigm for the analysis of a relatively large and complex clinical database for psoriasis (PSO) and psoriatic arthritis (PsA). This paradigm supports a growing number of machine learning and exploratory analyses, and it provides a framework for Shiny applications and dashboards used to communicate results with internal and external clinicians. Our R platform implements a ""whole-patient"" data view including omics, imaging, and hundreds of anatomical assessments (scores) on multiple tissues, such as skin, joints, bones, entheses, etc. The package makes extensive use of anatomical metadata objects implemented as reference classes (Chambers, 2016), both for computing over anatomical structures and for visualizing disease state both at specific anatomical locations and at the patient-level. We present examples including visualization of bone and joint structural damage assessment scores, clustering of patients according to their disease trajectories, and association of pain to clinical endpoints over time.","Talk",NA,"2019",2019-08-21,"17:15:00","17:00:00","David James","Novartis","An R package for Data Science and Deep Visualization of a complex clinical database",NA,NA,"We define and illustrate a ""deep visualization"" paradigm for the analysis of a relatively large and complex clinical database for psoriasis (PSO) and psoriatic arthritis (PsA). This paradigm supports a growing number of machine learning and exploratory analyses, and it provides a framework for Shiny applications and dashboards used to communicate results with internal and external clinicians. Our R platform implements a ""whole-patient"" data view including omics, imaging, and hundreds of anatomical assessments (scores) on multiple tissues, such as skin, joints, bones, entheses, etc. The package makes extensive use of anatomical metadata objects implemented as reference classes (Chambers, 2016), both for computing over anatomical structures and for visualizing disease state both at specific anatomical locations and at the patient-level. We present examples including visualization of bone and joint structural damage assessment scores, clustering of patients according to their disease trajectories, and association of pain to clinical endpoints over time.",NA
"rinpharma_94","2019 Conference",NA,"Coffee session",NA,"2019",2019-08-22,"08:15:00","17:35:00","Gordon Turner","Novartis","Shiny for Early Drug Discovery Research",NA,NA,NA,"Unfortunately we do not currently have an abstract, copy of the slides or link to the video to this presentation"
"rinpharma_95","2019 Conference",NA,"Coffee session",NA,"2019",2019-08-22,"08:15:00","08:45:00","Bella Feng | Nate Mockler","Amgen | Biogen",NA,NA,NA,NA,"Unfortunately we do not currently have an abstract, copy of the slides or link to the video to this presentation"
"rinpharma_96","2019 Conference",NA,"Coffee session",NA,"2019",2019-08-22,"08:15:00","08:45:00","Kelly O'Briant","RStudio","Shiny in Production","https://speakerdeck.com/kellobri/shiny-in-production-building-bridges-from-data-science-to-it",NA,NA,NA
"rinpharma_97","2019 Conference",NA,"Schedule only",NA,"2019",2019-08-22,"08:45:00","09:00:00",NA,NA,"Break",NA,NA,NA,"Unfortunately we do not currently have an abstract, copy of the slides or link to the video to this presentation"
"rinpharma_98","2019 Conference",NA,"Remarks",NA,"2019",2019-08-22,"09:00:00","09:05:00","Xiao-Li Meng","Harvard University","Opening Remarks","https://github.com/rinpharma/rinpharma2019program/tree/master/talks_folder/2019-Meng-Opening_Remarks_Day_2.pptx",NA,NA,NA
"rinpharma_99","2019 Conference",NA,"Keynote",NA,"2019",2019-08-22,"09:05:00","09:45:00","Aedin Culhane","Dana-Farber","Multi-modal data integration","https://github.com/rinpharma/2019_presentations/blob/master/talks_folder/2019-Culhane-Multi_Modal_Data_Integration.pdf",NA,NA,NA
"rinpharma_100","2019 Conference","The past few years have shown vast improvements in workflows for reproducible and distributable research within the R ecosystem. At satRday Chicago everyone in the audience said they used R Markdown, however only one person raised their hand when asked if they could associate their reports back to the code version that generated it. Since continuous integration is quickly becoming commonplace in the R community, continuous deployment (CD) is a logical and easy step to add to your workflow to enhance reproducibility. I will demo associating R Markdown to the code version that produced it and automating the build and release of both executable and cloud-based Shiny apps. Finally, an announcement of the electricShine package for creating Electron based Shiny apps will highlight the power of using CD with production-level Shiny apps.","Talk",NA,"2019",2019-08-22,"09:45:00","10:00:00","Chase Clark","University of Illinois","Your Missing Step in Reproducible R Programming: Continuous Deployment","https://github.com/rinpharma/rinpharma2019program/tree/master/talks_folder/2019-Clark-Continuous_Deployment.pdf",NA,"The past few years have shown vast improvements in workflows for reproducible and distributable research within the R ecosystem. At satRday Chicago everyone in the audience said they used R Markdown, however only one person raised their hand when asked if they could associate their reports back to the code version that generated it. Since continuous integration is quickly becoming commonplace in the R community, continuous deployment (CD) is a logical and easy step to add to your workflow to enhance reproducibility. I will demo associating R Markdown to the code version that produced it and automating the build and release of both executable and cloud-based Shiny apps. Finally, an announcement of the electricShine package for creating Electron based Shiny apps will highlight the power of using CD with production-level Shiny apps.",NA
"rinpharma_101","2019 Conference","In vivo studies are crucial to the discovery and development of novel drugs and are conducted for proof-of-concept validation, FDA applications and to support clinical trials. Appropriate study design, data analyses and interpretation are essential in providing the knowledge about the drug efficacy and safety within a living organism. With drug discovery science moving forward at an ever-accelerating rate data analyses software are not always capable to offer appropriate toolset for data analyses. In the absence of a proper tool, oncology in vivo scientists at Janssen R&D needed comprehensive analysis platform to conduct appropriate and efficient analyses of in vivo data to insure quality and speed of decision-making. INVIVOLDA shiny application was developed to fulfill the gap. INVIVOLDA offers interactive and animated graphics for data explorations and powerful linear mixed effect modeling framework for longitudinal data analysis. With implemented decision trees and statistical report generation it streamlines statistical analyses of in vivo longitudinal data. INVIVOLDA success lead to more requests for Shiny applications for analyses and design of experiments in oncology in vivo group. Multiple statistical trainings were subsequently conducted to educate biologists on statistical methods implemented in Shiny applications. Once completed, comprehensive framework of Shiny apps will enhance statistical knowledge and thinking, transform the way experiments are designed and analyzed and ensure traceable and reproducible research and efficient decision making in oncology in vivo group at Janssen.","Talk",NA,"2019",2019-08-22,"10:00:00","10:20:00","Volha Tryputsen","Janssen","From playing in the backyard to designing one: Shiny transforms study designs, data analyses and statistical thinking of oncology in vivo group at Janssen","https://github.com/rinpharma/rinpharma2019program/tree/master/talks_folder/2019-Tryputsen-From_Playing_in_the_Backyard_to_Designing_One.pdf",NA,"In vivo studies are crucial to the discovery and development of novel drugs and are conducted for proof-of-concept validation, FDA applications and to support clinical trials. Appropriate study design, data analyses and interpretation are essential in providing the knowledge about the drug efficacy and safety within a living organism. With drug discovery science moving forward at an ever-accelerating rate data analyses software are not always capable to offer appropriate toolset for data analyses. In the absence of a proper tool, oncology in vivo scientists at Janssen R&D needed comprehensive analysis platform to conduct appropriate and efficient analyses of in vivo data to insure quality and speed of decision-making. INVIVOLDA shiny application was developed to fulfill the gap. INVIVOLDA offers interactive and animated graphics for data explorations and powerful linear mixed effect modeling framework for longitudinal data analysis. With implemented decision trees and statistical report generation it streamlines statistical analyses of in vivo longitudinal data. INVIVOLDA success lead to more requests for Shiny applications for analyses and design of experiments in oncology in vivo group. Multiple statistical trainings were subsequently conducted to educate biologists on statistical methods implemented in Shiny applications. Once completed, comprehensive framework of Shiny apps will enhance statistical knowledge and thinking, transform the way experiments are designed and analyzed and ensure traceable and reproducible research and efficient decision making in oncology in vivo group at Janssen.",NA
"rinpharma_102","2019 Conference","Objectives: Demonstrate an interactive and dynamic visualization tool, ModViz POP, for simulating ordinary differential equations based PK/PD models with variability. Methods: ModViz POP has an in built PKPD ODE library of models based on the compartmental nomenclature for simulating standard IV bolus, infusion and first order absorption scenarios. It also gives the user the ability to plug in a model from local directory to quickly simulate a model of interest. Users can also simulate from a project library which serves as a repository of final PK/PD models developed by individual project teams. Beyond the PK/PD models, it can handle complex QSP models and PBPK models equally well. Enhanced R packages, HTML/CSS, LATEX in combination with Shiny were used and provided an elegant and powerful programming framework for turning models into a web application with dynamic visualization and automated report writing. The user interface consists of several key inputs for performing the simulations. A tabbed navigation allows the user to visualize the plots, input parameters, derived values and equations. It provides the ability to download the underlying model, plots, simulated data or a comprehensive report consisting of all the key inputs and outputs of the simulations. The Help button provides a link to documentation with detailed instructions on different components of the interface. The interface also includes advanced features where users can overlay external data on over simulated data, set a certain simulation scenario as a reference or carry out sensitivity analysis based simulations. Conclusions: This easy to use interface can serve as a valuable tool for teams to explore and evaluate potential scenarios and thus facilitate collaborative decision making in the drug discovery and development paradigm. References: Kyle T. Baron et. al. mrgsolve: Simulate from ODE-Based Population PK/PD and Systems Pharmacology Models. 2017","Talk",NA,"2019",2019-08-22,"10:20:00","10:30:00","Pavan Vaddady","Merck","ModViz POP: R-Shiny Based PK/PD Interface for Empowering Teams to Perform Real-Time Simulations",NA,NA,"Objectives Demonstrate an interactive and dynamic visualization tool, ModViz POP, for simulating ordinary differential equations based PK/PD models with variability. Methods ModViz POP has an in built PKPD ODE library of models based on the compartmental nomenclature for simulating standard IV bolus, infusion and first order absorption scenarios. It also gives the user the ability to plug in a model from local directory to quickly simulate a model of interest. Users can also simulate from a project library which serves as a repository of final PK/PD models developed by individual project teams. Beyond the PK/PD models, it can handle complex QSP models and PBPK models equally well. Enhanced R packages, HTML/CSS, LATEX in combination with Shiny were used and provided an elegant and powerful programming framework for turning models into a web application with dynamic visualization and automated report writing. The user interface consists of several key inputs for performing the simulations. A tabbed navigation allows the user to visualize the plots, input parameters, derived values and equations. It provides the ability to download the underlying model, plots, simulated data or a comprehensive report consisting of all the key inputs and outputs of the simulations. The Help button provides a link to documentation with detailed instructions on different components of the interface. The interface also includes advanced features where users can overlay external data on over simulated data, set a certain simulation scenario as a reference or carry out sensitivity analysis based simulations. Conclusions This easy to use interface can serve as a valuable tool for teams to explore and evaluate potential scenarios and thus facilitate collaborative decision making in the drug discovery and development paradigm. References Kyle T. Baron et. al. mrgsolve Simulate from ODE-Based Population PK/PD and Systems Pharmacology Models. 2017",NA
"rinpharma_103","2019 Conference",NA,"Schedule only",NA,"2019",2019-08-22,"10:30:00","10:50:00",NA,NA,"Break",NA,NA,NA,"Unfortunately we do not currently have an abstract, copy of the slides or link to the video to this presentation"
"rinpharma_104","2019 Conference","The Interactive Safety Graphics (ISG) workstream of the ASA-DIA Biopharm Safety Working Group is excited to introduce the safetyGraphics package: an interactive framework for evaluating clinical trial safety in R using a flexible data pipeline. Our group seeks to modernize clinical trial safety monitoring by building tools for data exploration and reporting in a highly collaborative open source environment. At present, our team includes clinical and technical representatives from the pharmaceutical industry, academia, and the FDA, and additional contributors are always welcome. The current release of the safetyGraphics R package includes graphics related to drug-induced liver injury. The R package is paired with an in-depth clinical workflow for monitoring liver function created by expert clinicians based on medical literature. safetyGraphics features interactive visualizations built using htmlwidgets, a Shiny application, and the ability to export a fully reproducible instance of the charts with associated source code. To ensure quality and accuracy, the package includes more than 300 unit tests, and it has been vetted through a beta testing process that included feedback from more than 20 clinicians and analysts. The Shiny application can easily be extended to include new charts or applied to other disease areas due to its modular design and generalized charting framework. Several companies have adapted the tool for their own use, leading to interesting discussions and paving the way for enhancements, which demonstrates the power of open source and community collaboration.","Talk",NA,"2019",2019-08-22,"10:50:00","11:10:00","Becca Krouse","Rho","Building Open Source Tools for Safety Monitoring: Advancing Research Through Community Collaboration","https://github.com/rinpharma/rinpharma2019program/tree/master/talks_folder/2019-Krouse-Building_Open_Source_Tools_for_Safety_Monitoring.pptx",NA,"The Interactive Safety Graphics (ISG) workstream of the ASA-DIA Biopharm Safety Working Group is excited to introduce the safetyGraphics package an interactive framework for evaluating clinical trial safety in R using a flexible data pipeline. Our group seeks to modernize clinical trial safety monitoring by building tools for data exploration and reporting in a highly collaborative open source environment. At present, our team includes clinical and technical representatives from the pharmaceutical industry, academia, and the FDA, and additional contributors are always welcome. The current release of the safetyGraphics R package includes graphics related to drug-induced liver injury. The R package is paired with an in-depth clinical workflow for monitoring liver function created by expert clinicians based on medical literature. safetyGraphics features interactive visualizations built using htmlwidgets, a Shiny application, and the ability to export a fully reproducible instance of the charts with associated source code. To ensure quality and accuracy, the package includes more than 300 unit tests, and it has been vetted through a beta testing process that included feedback from more than 20 clinicians and analysts. The Shiny application can easily be extended to include new charts or applied to other disease areas due to its modular design and generalized charting framework. Several companies have adapted the tool for their own use, leading to interesting discussions and paving the way for enhancements, which demonstrates the power of open source and community collaboration.",NA
"rinpharma_105","2019 Conference","Start browsing through R tutorials online and it won't take long to stumble across a read.csv statement. CSV files serve well for detached, static analyses. They tend fail, however, when tasked with storing large, dynamic data sets being accessed interactively by globally dispersed, concurrent users. Often the go to in this situation is a traditional relational database management system such as Oracle or MySQL, but there are other options! This talk will review the various back-ends, along with potential considerations, Merck's Digital Proactive Process Analytics group has implemented to support various Shiny applications, dashboards, and automated data analysis pipelines.","Talk",NA,"2019",2019-08-22,"11:10:00","11:30:00","Marcus Adams","Merck","Its Not Whats on the Outside, but Its Whats on the Back-end That Matters: The World Beyond CSV Files",NA,NA,"Start browsing through R tutorials online and it won't take long to stumble across a read.csv statement. CSV files serve well for detached, static analyses. They tend fail, however, when tasked with storing large, dynamic data sets being accessed interactively by globally dispersed, concurrent users. Often the go to in this situation is a traditional relational database management system such as Oracle or MySQL, but there are other options! This talk will review the various back-ends, along with potential considerations, Merck's Digital Proactive Process Analytics group has implemented to support various Shiny applications, dashboards, and automated data analysis pipelines.",NA
"rinpharma_106","2019 Conference","The installation of a cohort of R packages can constitute a challenge; especially considering different dependency types, package versions, overlapping namespaces and varying risks assigned to each of the packages. At the same time, the number of R packages to be installed grows exponentially with each new package added. Their complex dependencies may create conflicts. In this context, the R admin is often confronted with a cohort of packages without knowing the package of interest. We use statistical analysis techniques from the field of complex network analysis in order to shed light into the non-trivial dependency structures of package cohorts. Furthermore, we simplify the network graph to find improved installation sequences for a pre-selected cohorts of R packages. We reduce large package cohorts to a sufficient shortlist of packages, whose installation automatically pulls in other packages via dependencies without causing conflicts. The build time of a library may be greatly reduced. As a byproduct, we generate a graph of the build on the exact dependency tree and actual versions used for auditing and change control in the regulated workflows. This strategy also allows for the identification of high-risk packages and their importance in the dependency tree.","Talk",NA,"2019",2019-08-22,"11:30:00","11:40:00","Juliane Manitz","EDM Serono","Improve installation sequences for R package cohorts",NA,NA,"The installation of a cohort of R packages can constitute a challenge; especially considering different dependency types, package versions, overlapping namespaces and varying risks assigned to each of the packages. At the same time, the number of R packages to be installed grows exponentially with each new package added. Their complex dependencies may create conflicts. In this context, the R admin is often confronted with a cohort of packages without knowing the package of interest. We use statistical analysis techniques from the field of complex network analysis in order to shed light into the non-trivial dependency structures of package cohorts. Furthermore, we simplify the network graph to find improved installation sequences for a pre-selected cohorts of R packages. We reduce large package cohorts to a sufficient shortlist of packages, whose installation automatically pulls in other packages via dependencies without causing conflicts. The build time of a library may be greatly reduced. As a byproduct, we generate a graph of the build on the exact dependency tree and actual versions used for auditing and change control in the regulated workflows. This strategy also allows for the identification of high-risk packages and their importance in the dependency tree.",NA
"rinpharma_107","2019 Conference","Cohort studies of treatments developed from healthcare claims often have hundreds of thousands of patients and up to several thousand measured covariates. Therefore, new causal inference methods that combine ideas from machine learning and causal inference may improve analysis of these studies by taking advantage of the wealth of information measured in claims. In order to evaluate the performance of these methods as applied to claims-based studies, we use a combination of real data examples and plasmode simulation, implemented in R package 'plasmode', which creates realistic simulated datasets based on a real cohort study. In this talk, I will give an overview of our progress so far and what is left to be done.","Talk",NA,"2019",2019-08-22,"11:40:00","12:00:00","Jessica Myers Franklin","Harvard University","Evaluating the performance of advanced causal inference methods applied to healthcare claims data","https://github.com/rinpharma/rinpharma2019program/tree/master/talks_folder/2019-Franklin-Advanced_Causal_Inference_Methods_Applied_to_Healthcare_Claims_Data.pptx",NA,"Cohort studies of treatments developed from healthcare claims often have hundreds of thousands of patients and up to several thousand measured covariates. Therefore, new causal inference methods that combine ideas from machine learning and causal inference may improve analysis of these studies by taking advantage of the wealth of information measured in claims. In order to evaluate the performance of these methods as applied to claims-based studies, we use a combination of real data examples and plasmode simulation, implemented in R package 'plasmode', which creates realistic simulated datasets based on a real cohort study. In this talk, I will give an overview of our progress so far and what is left to be done.",NA
"rinpharma_108","2019 Conference","We are amidst a data revolution. Just the past 5 years, the cost of sequencing a human genome has gone down approximately 10-fold. This development moves equally fast within areas such as mass spectrometry, in vitro immuno-peptide screening a.o. This facilitates the search for bio-markers, biologics, therapeutics, etc. but also redefines the requirements for storing, accessing and working with data and the skillset of bio data scientists. In this talk I will present tidysq, an R-package aiming at extending the Tidyverse framework to include (tidy) bio-data-science / bioinformatics. Tidysq will be presented in context with current status in ML driven (neo)epitope prediction within cancer immunotherapy.","Talk",NA,"2019",2019-08-22,"12:00:00","12:10:00","Leon Eyrich Jessen","Technical University of Denmark","Tidysq for Working with Biological Sequence Data in ML Driven Epitope Prediction in Cancer Immunotherapy","https://github.com/rinpharma/rinpharma2019program/tree/master/talks_folder/2019-Jessen-Tidysq_Cancer_Immunotherapy.html",NA,"We are amidst a data revolution. Just the past 5 years, the cost of sequencing a human genome has gone down approximately 10-fold. This development moves equally fast within areas such as mass spectrometry, in vitro immuno-peptide screening a.o. This facilitates the search for bio-markers, biologics, therapeutics, etc. but also redefines the requirements for storing, accessing and working with data and the skillset of bio data scientists. In this talk I will present tidysq, an R-package aiming at extending the Tidyverse framework to include (tidy) bio-data-science / bioinformatics. Tidysq will be presented in context with current status in ML driven (neo)epitope prediction within cancer immunotherapy.",NA
"rinpharma_109","2019 Conference",NA,"Schedule only",NA,"2019",2019-08-22,"12:10:00","12:30:00",NA,NA,"Lunch",NA,NA,NA,"Unfortunately we do not currently have an abstract, copy of the slides or link to the video to this presentation"
"rinpharma_110","2019 Conference","Even though a model prediction can be made, there are times when it should taken with some skepticism. For example, if a new data point is substantially different from the training set, its predicted value may be suspect. In chemistry, it is not uncommon to create an ""applicability domain"" model that measures the amount of potential extrapolation from the training set. The applicable package will be used to demonstrate different method to measure how much a new data point is an extrapolation from the original data (if at all).","Keynote",NA,"2019",2019-08-22,"12:30:00","13:30:00","Max Kuhn","RStudio","This one is not like the others: Applicability Domain methods in R","https://github.com/topepo/R-Pharma-2019",NA,"Even though a model prediction can be made, there are times when it should taken with some skepticism. For example, if a new data point is substantially different from the training set, its predicted value may be suspect. In chemistry, it is not uncommon to create an ""applicability domain"" model that measures the amount of potential extrapolation from the training set. The applicable package will be used to demonstrate different method to measure how much a new data point is an extrapolation from the original data (if at all).",NA
"rinpharma_111","2019 Conference","The development of a streamlined data-aggregation methodology utilizing the statistical programming language R is described. The centralization of high-throughput experimentation data enabled the use of statistics and data exploration methods within R to accelerate the identification and optimization of chemical reactions.","Talk",NA,"2019",2019-08-22,"13:30:00","13:50:00","Jason Stevens","Bristol Myers Squibb","Accelerating Chemistry Research through the Integration of Data Science with High-Throughput Experimentation",NA,NA,"The development of a streamlined data-aggregation methodology utilizing the statistical programming language R is described. The centralization of high-throughput experimentation data enabled the use of statistics and data exploration methods within R to accelerate the identification and optimization of chemical reactions.",NA
"rinpharma_112","2019 Conference","Shiny makes it easy to take domain logic from an existing R script and wrap some reactive logic around it to produce an interactive webpage where others can quickly explore different variables, parameter values, models/algorithms, etc. Although the interactivity is great for many reasons, once an interesting result is found, it's more difficult to prove the correctness of the result since: (1) the result can only be (easily) reproduced via the Shiny app and (2) the relevant domain logic which produced the result is obscured by Shiny's reactive logic. The R package shinymeta provides tools for capturing and exporting domain logic for execution outside of a Shiny runtime (so that others can reproduce Shiny-based result(s) from a new R session).","Talk",NA,"2019",2019-08-22,"13:50:00","14:00:00","Carson Sievert","RStudio","Reproducible shiny apps with shinymeta","https://talks.cpsievert.me/20190823/",NA,"Shiny makes it easy to take domain logic from an existing R script and wrap some reactive logic around it to produce an interactive webpage where others can quickly explore different variables, parameter values, models/algorithms, etc. Although the interactivity is great for many reasons, once an interesting result is found, it's more difficult to prove the correctness of the result since (1) the result can only be (easily) reproduced via the Shiny app and (2) the relevant domain logic which produced the result is obscured by Shiny's reactive logic. The R package shinymeta provides tools for capturing and exporting domain logic for execution outside of a Shiny runtime (so that others can reproduce Shiny-based result(s) from a new R session).",NA
"rinpharma_113","2019 Conference","Scientists in drug discovery research utilize a wide variety of instrumentation and techniques to advance their research. While instrumentation vendors often provide software tools to deal with data wrangling and visualization, a simple collection of isolated tools often fails to address the scale and overall scope of the data analysis encountered in discovery research. This can lead to lost productivity as scientists work to process, collate and summarize their work across various informatics systems. Shiny has seen increasing use in Pharma clinical research. On the other hand, Shiny apps are also transforming discovery research by putting powerful data wrangling, visualization and reporting tools into the hands of bench scientists. To solve the aforementioned problems in drug discovery research, we developed a suite of tools using Shiny to automate data wrangling, integration, visualization and reporting. Examples will be presented in areas such as automated signal processing and batch analysis of electrocardiogram data, collection and visualization of biomarker and physiology measurements from pharmacology studies, and access to a high performance computation cluster for non-experts. These Shiny tools and have shown value by increasing productivity and accelerating scientific research.","Talk",NA,"2019",2019-08-22,"14:00:00","14:20:00","Gordon Turner","Novartis","Shiny apps for accelerating early drug discovery research",NA,NA,"Scientists in drug discovery research utilize a wide variety of instrumentation and techniques to advance their research. While instrumentation vendors often provide software tools to deal with data wrangling and visualization, a simple collection of isolated tools often fails to address the scale and overall scope of the data analysis encountered in discovery research. This can lead to lost productivity as scientists work to process, collate and summarize their work across various informatics systems. Shiny has seen increasing use in Pharma clinical research. On the other hand, Shiny apps are also transforming discovery research by putting powerful data wrangling, visualization and reporting tools into the hands of bench scientists. To solve the aforementioned problems in drug discovery research, we developed a suite of tools using Shiny to automate data wrangling, integration, visualization and reporting. Examples will be presented in areas such as automated signal processing and batch analysis of electrocardiogram data, collection and visualization of biomarker and physiology measurements from pharmacology studies, and access to a high performance computation cluster for non-experts. These Shiny tools and have shown value by increasing productivity and accelerating scientific research.",NA
"rinpharma_114","2019 Conference",NA,"Schedule only",NA,"2019",2019-08-22,"14:20:00","14:30:00",NA,NA,"Coffee",NA,NA,NA,"Unfortunately we do not currently have an abstract, copy of the slides or link to the video to this presentation"
"rinpharma_115","2019 Conference","Bayesian model-based dose-escalation designs, including one and two parameter logistic regression models, have meanwhile proven themselves in Phase I dose-escalation trials (Iasonos and O'Quigley, 2014 [1]). Compared to rule/algorithm-based designs such as the 3+3 design, model-based designs have the advantage of being more flexible in choosing the target toxicity rate and cohort size. Bayesian modeling allows to combine prior knowledge of the drug (e.g. from animal tox studies, data from comparator drugs or data from other studies) with the observed data from the current trial. The model-based approach accounts for uncertainty, optimize dose recommendations (balance of risk versus benefit for patients) and allows for dose de-escalation as well as dose re-escalation. Recent research has shown that model-based approaches are more reliable in estimating the maximum tolerated dose (MTD) and allocating less patients to ineffective or excessively toxic doses (Jaki et al., 2019 [2]). Because of their higher complexity, model-based designs are still seen critical among clinicians (Le Tourneau et al., 2012 [3]), thus the classical 3+3 design is still widely implemented due to its simplicity and transparency. Conaway et al., 2019 [4] have highlighted that the choice of design in early phase affects the outcome of the drug development process, therefore more attention should be paid to early-stage designs. In this talk we will showcase how we bring Bayesian dose-escalation models closer to non-statisticians by means of R. We will discuss how we plan, implement and communicate the dose-escalation design to the clinicians. Moreover, we show how we present our results to the safety monitoring committee (SMC) and how we support the SMC in dose escalation decisions. We use a simple data example to illustrate the proposed methodology. All will be discussed within the context of using R as primary tool. [1] Iasonos, A. and O'Quigley, J (2014). Adaptive Dose-Finding Studies: A Review of Model-Guided Phase I Clinical Trials. Journal of clinical oncology, 2014; 32(23). [2] Jaki, T., Clive, S. and Weir, C.J. (2013). Principles of dose finding studies in cancer: a comparison of trial designs. Cancer Chemother Pharmacol 71:1107-1114. [3] Le Tourneau C, Gan HK, Razak ARA, Paoletti X (2012). Efficiency of New Dose Escalation Designs in Dose-Finding Phase I Trials of Molecularly Targeted Agents. PLoS ONE 7(12): e51039. [4] Conaway, M.R. and Petroni, G.R. (2019). The impact of early phase trial design in the drug development process. Clinical Cancer Research.","Talk",NA,"2019",2019-08-22,"14:30:00","14:40:00","Marianna Grinberg","Merck","Using R to foster the communication with non-statisticians on Bayesian dose escalation models",NA,NA,"Bayesian model-based dose-escalation designs, including one and two parameter logistic regression models, have meanwhile proven themselves in Phase I dose-escalation trials (Iasonos and O'Quigley, 2014 [1]). Compared to rule/algorithm-based designs such as the 3+3 design, model-based designs have the advantage of being more flexible in choosing the target toxicity rate and cohort size. Bayesian modeling allows to combine prior knowledge of the drug (e.g. from animal tox studies, data from comparator drugs or data from other studies) with the observed data from the current trial. The model-based approach accounts for uncertainty, optimize dose recommendations (balance of risk versus benefit for patients) and allows for dose de-escalation as well as dose re-escalation. Recent research has shown that model-based approaches are more reliable in estimating the maximum tolerated dose (MTD) and allocating less patients to ineffective or excessively toxic doses (Jaki et al., 2019 [2]). Because of their higher complexity, model-based designs are still seen critical among clinicians (Le Tourneau et al., 2012 [3]), thus the classical 3+3 design is still widely implemented due to its simplicity and transparency. Conaway et al., 2019 [4] have highlighted that the choice of design in early phase affects the outcome of the drug development process, therefore more attention should be paid to early-stage designs. In this talk we will showcase how we bring Bayesian dose-escalation models closer to non-statisticians by means of R. We will discuss how we plan, implement and communicate the dose-escalation design to the clinicians. Moreover, we show how we present our results to the safety monitoring committee (SMC) and how we support the SMC in dose escalation decisions. We use a simple data example to illustrate the proposed methodology. All will be discussed within the context of using R as primary tool. [1] Iasonos, A. and O'Quigley, J (2014). Adaptive Dose-Finding Studies A Review of Model-Guided Phase I Clinical Trials. Journal of clinical oncology, 2014; 32(23). [2] Jaki, T., Clive, S. and Weir, C.J. (2013). Principles of dose finding studies in cancer a comparison of trial designs. Cancer Chemother Pharmacol 711107-1114. [3] Le Tourneau C, Gan HK, Razak ARA, Paoletti X (2012). Efficiency of New Dose Escalation Designs in Dose-Finding Phase I Trials of Molecularly Targeted Agents. PLoS ONE 7(12) e51039. [4] Conaway, M.R. and Petroni, G.R. (2019). The impact of early phase trial design in the drug development process. Clinical Cancer Research.",NA
"rinpharma_116","2019 Conference","Physiologically based pharmacokinetic (PBPK) models are used extensively in drug development to address of number of problems. However, most PBPK applications have limited knowledge sharing impact because they are implemented in closed, proprietary software. Much of the physiologic data and knowledge required for these models is publically available or available in the pre-competitive space. To this end, we've engaged in the development of open science PBPK models, using R as the scaffolding for this work. In particular, our group has developed the mrgsolve R package which utilizes Rcpp to compile models of systems of ordinary differential equations. One example is the development of a PBPK model to predict maternal/fetal exposures for drugs that are primarily metabolized by liver CYP450 enzymes throughout pregnancy. This model aims to utilize a quantitative understanding of the physiological and biochemical changes that occur throughout pregnancy to inform clinical pharmacology decisions where clinical trials cannot. The model was validated against the observed data of 5 different drugs: midazolam, metoprolol, caffeine, nevirapine, and artemether. A series of local sensitivity analyses followed by parameter optimization further improved model predictions using the mrgsolve and nloptr R packages. The developed maternal-fetal PBPK model in its flexible open-source implementation provides a transparent, platform-independent, and reproducible system for model-informed decision support while developing exposure-based dosing recommendations in maternal/fetal patient populations.","Talk",NA,"2019",2019-08-22,"14:40:00","15:00:00","Madeleine S. Gastonguay","Metrum Research Group","Prediction of maternal-fetal exposures of CYP450-metabolized drugs using physiologic pharmacokinetic modeling implemented in R and mrgsolve","https://github.com/rinpharma/rinpharma2019program/tree/master/talks_folder/2019-Gastonguay-Prediction_of_maternal_fetal_exposures_of_CYP450_metabolized_drugs.pdf",NA,"Physiologically based pharmacokinetic (PBPK) models are used extensively in drug development to address of number of problems. However, most PBPK applications have limited knowledge sharing impact because they are implemented in closed, proprietary software. Much of the physiologic data and knowledge required for these models is publically available or available in the pre-competitive space. To this end, we've engaged in the development of open science PBPK models, using R as the scaffolding for this work. In particular, our group has developed the mrgsolve R package which utilizes Rcpp to compile models of systems of ordinary differential equations. One example is the development of a PBPK model to predict maternal/fetal exposures for drugs that are primarily metabolized by liver CYP450 enzymes throughout pregnancy. This model aims to utilize a quantitative understanding of the physiological and biochemical changes that occur throughout pregnancy to inform clinical pharmacology decisions where clinical trials cannot. The model was validated against the observed data of 5 different drugs midazolam, metoprolol, caffeine, nevirapine, and artemether. A series of local sensitivity analyses followed by parameter optimization further improved model predictions using the mrgsolve and nloptr R packages. The developed maternal-fetal PBPK model in its flexible open-source implementation provides a transparent, platform-independent, and reproducible system for model-informed decision support while developing exposure-based dosing recommendations in maternal/fetal patient populations.",NA
"rinpharma_117","2019 Conference","In the early phases of clinical development, the future of a compound depends on more than just the result of hypothesis test on a single endpoint, in a single phase 2 study. We think a lot about how design choices affect immediate outcomes. GSK's Quantitative Decision Making (QDM) framework focusses on the question,""How do we design our study in order to increase the chances that it will deliver data that will allow us to decide whether the drug should continue in development, or stop?"" The QDM Framework has been developed in R and takes advantage of the Biostatistics HPC environment, running thousands of hypothetical scenarios in close to real-time. The initiative is changing the way we plan and deliver clinical trials. Thanks to a Shiny front end, Statisticians are able to walk clinical teams through key trial design decisions in order to estimate the Probability of Success â€“ a key component in the QDM framework. This presentation will cover the core QDM concepts and present the key communication outputs created to support the process.","Talk",NA,"2019",2019-08-22,"15:00:00","15:10:00","Andy Nicholls","GlaxoSmithKline","Making Better Decisions","https://github.com/rinpharma/rinpharma2019program/tree/master/talks_folder/2019-Nicholls-Making_Better_Decisions.pdf",NA,"In the early phases of clinical development, the future of a compound depends on more than just the result of hypothesis test on a single endpoint, in a single phase 2 study. We think a lot about how design choices affect immediate outcomes. GSK's Quantitative Decision Making (QDM) framework focusses on the question,""How do we design our study in order to increase the chances that it will deliver data that will allow us to decide whether the drug should continue in development, or stop?"" The QDM Framework has been developed in R and takes advantage of the Biostatistics HPC environment, running thousands of hypothetical scenarios in close to real-time. The initiative is changing the way we plan and deliver clinical trials. Thanks to a Shiny front end, Statisticians are able to walk clinical teams through key trial design decisions in order to estimate the Probability of Success â€“ a key component in the QDM framework. This presentation will cover the core QDM concepts and present the key communication outputs created to support the process.",NA
"rinpharma_118","2019 Conference","The data wrangling and manipulation capabilities in R make it perfectly suited for transforming raw clinical database data into structured, submission-ready CDISC datasets. By extensively using the dplyr, tidyr, and other packages in the tidyverse we create datasets that are ready for: 1. pharmacokinetic analysis (done in other software), 2. generation of tables, listings, and figures (TLFs) and 3. submission to the FDA. I'll also go over report ready TLF generation in R and how we've had great success in being able to produce beautiful and easy to read TLFs for our analysts and clients by using the ggplot2 and the officer packages.","Talk",NA,"2019",2019-08-22,"15:10:00","15:30:00","Jessica Higgins","Nuventra Pharma Sciences","From CDISC to TLFs, using R to support Pharmacokinetic Analyses",NA,NA,"The data wrangling and manipulation capabilities in R make it perfectly suited for transforming raw clinical database data into structured, submission-ready CDISC datasets. By extensively using the dplyr, tidyr, and other packages in the tidyverse we create datasets that are ready for 1. pharmacokinetic analysis (done in other software), 2. generation of tables, listings, and figures (TLFs) and 3. submission to the FDA. I'll also go over report ready TLF generation in R and how we've had great success in being able to produce beautiful and easy to read TLFs for our analysts and clients by using the ggplot2 and the officer packages.",NA
"rinpharma_119","2019 Conference",NA,"Schedule only",NA,"2019",2019-08-22,"15:30:00","15:40:00",NA,NA,"Coffee",NA,NA,NA,"Unfortunately we do not currently have an abstract, copy of the slides or link to the video to this presentation"
"rinpharma_120","2019 Conference",NA,"Talk",NA,"2019",2019-08-22,"15:40:00","16:00:00","Paul Schuette","FDA","Simulations, and Complex Innovative Trial Designs","https://github.com/rinpharma/rinpharma2019program/tree/master/talks_folder/2019-Schuette-R_Simulations_and_Complex_Innovative_Trial_Designs.pdf",NA,NA,NA
"rinpharma_121","2019 Conference","In this talk I will discuss the steps that have been created for validating internally generated R packages at SCHARP (Statistical Center for HIV/AIDS Research and Prevention) and the lessons learned while creating packages as a team. Housed within Fred Hutch, SCHARP is an instrumental partner in the research and clinical trials surrounding HIV prevention and vaccine development. Part of SCHARP's work involves analyzing experimental biomarkers and endpoints which change as the experimental question, analysis methods, antigens measured, and assays evolve. Maintaining a validated code base that is rigid in its output format, but flexible enough to cater a variety of inputs with minimal custom coding has proven to be important for reproducibility and scalability. SCHARP has developed several key steps in the creation, validation, and documentation of R packages that take advantage of R's packaging functionality. First, the programming team works with leadership to define specifications and lay out a roadmap of the package at the functional level. Next, statistical programmers work together and approach the task from a software development view. Once the code has been developed, the package is validated according to procedures that comply with 21 CFR part 11, and leverage software development life cycle (SDLC) methodology. Finally, the package is made available for use across the team on live data. These procedures set up a framework for validating assay processing packages that furthers the ability of Fred Hutch to provide world-class support for our clinical trials.","Talk",NA,"2019",2019-08-22,"16:00:00","16:45:00","Ellis Hughes","Fred Hutch Cancer Research Center","Validation Framework for Assay Processing Pipelines","https://thebioengineer.github.io/post/2019-08-24-r-in-pharma/r_pharma_scharp_validation",NA,"In this talk I will discuss the steps that have been created for validating internally generated R packages at SCHARP (Statistical Center for HIV/AIDS Research and Prevention) and the lessons learned while creating packages as a team. Housed within Fred Hutch, SCHARP is an instrumental partner in the research and clinical trials surrounding HIV prevention and vaccine development. Part of SCHARP's work involves analyzing experimental biomarkers and endpoints which change as the experimental question, analysis methods, antigens measured, and assays evolve. Maintaining a validated code base that is rigid in its output format, but flexible enough to cater a variety of inputs with minimal custom coding has proven to be important for reproducibility and scalability. SCHARP has developed several key steps in the creation, validation, and documentation of R packages that take advantage of R's packaging functionality. First, the programming team works with leadership to define specifications and lay out a roadmap of the package at the functional level. Next, statistical programmers work together and approach the task from a software development view. Once the code has been developed, the package is validated according to procedures that comply with 21 CFR part 11, and leverage software development life cycle (SDLC) methodology. Finally, the package is made available for use across the team on live data. These procedures set up a framework for validating assay processing packages that furthers the ability of Fred Hutch to provide world-class support for our clinical trials.",NA
"rinpharma_122","2019 Conference","We know that adopting documentation, testing, and version control mechanisms are important for creating a culture of reproducibility in data science. But once you've embraced some basic development best practices, what comes next? What does it take to feel confident that our data products will make it to production? This talk will cover case studies in how I work with R users at various organizations to bridge the gaps that form between development and production. I'll cover reasons why CI/CD tools can enhance reproducibility for R and data science, showcase practical examples like automated testing and push-based application deployment, and point to simple resources for getting started with these tools in a number of different environments.","Talk",NA,"2019",2019-08-22,"16:45:00","16:55:00","Kelly O'Briant","RStudio","Shiny in Production: Building bridges from data science to IT",NA,NA,"We know that adopting documentation, testing, and version control mechanisms are important for creating a culture of reproducibility in data science. But once you've embraced some basic development best practices, what comes next? What does it take to feel confident that our data products will make it to production? This talk will cover case studies in how I work with R users at various organizations to bridge the gaps that form between development and production. I'll cover reasons why CI/CD tools can enhance reproducibility for R and data science, showcase practical examples like automated testing and push-based application deployment, and point to simple resources for getting started with these tools in a number of different environments.",NA
"rinpharma_123","2019 Conference","Purpose: To establish a gold-standard methodology for accurately extracting progression-free survival (PFS) following Diffuse Large B-Cell Lymphoma (DLBCL) treatment using real-world electronic healthcare record (EHR) data. Results: We produced an R Shiny application which can capture, annotate, and transform unstructured EHR data into structured data - specifically, treatment lines, cycles, and response criteria with corresponding dates - ready for analysis of PFS. An annotation schema for capturing real-world data was also developed. Mapping of common phrases used by clinicians in real-world practice to response criteria resulted in a dictionary of these phrases.","Talk",NA,"2019",2019-08-22,"16:55:00","17:15:00","Debbie Morreall","University of Utah","Identifying progression-free survival in Veterans with Diffuse Large B-Cell Lymphoma using electronic healthcare records",NA,NA,"Purpose To establish a gold-standard methodology for accurately extracting progression-free survival (PFS) following Diffuse Large B-Cell Lymphoma (DLBCL) treatment using real-world electronic healthcare record (EHR) data. Results We produced an R Shiny application which can capture, annotate, and transform unstructured EHR data into structured data - specifically, treatment lines, cycles, and response criteria with corresponding dates - ready for analysis of PFS. An annotation schema for capturing real-world data was also developed. Mapping of common phrases used by clinicians in real-world practice to response criteria resulted in a dictionary of these phrases.",NA
"rinpharma_124","2019 Conference","The primary objective of the presentation is to share insights of democratizing powerful natural language processing tool like I2E lingumatics and open source R and Shiny. The talk will focus on how we can leverage I2E python sdk natural language processing toolkit to perform natural language processing and visualize text mining results with R and Shiny. We will present several uses of our R shiny platform called pharmine and its use cases which we developed for minining biomedical data.","Talk",NA,"2019",2019-08-22,"17:15:00","17:35:00","Abhik Seal","Abbvie","Democratizing Natural Language Processing with I2E and R Shiny","https://github.com/rinpharma/2019_presentations/blob/master/talks_folder/2019-Seal-Democratizing_NLP_Search_Through_I2E_and_R_Shiny.pptx",NA,"The primary objective of the presentation is to share insights of democratizing powerful natural language processing tool like I2E lingumatics and open source R and Shiny. The talk will focus on how we can leverage I2E python sdk natural language processing toolkit to perform natural language processing and visualize text mining results with R and Shiny. We will present several uses of our R shiny platform called pharmine and its use cases which we developed for minining biomedical data.",NA
"rinpharma_125","2020 Conference","This workshop is introductory and open to everyone assuming basic R/Data Science skills. Please note, the workshop is very hands-on oriented, so expect to get your fingers dirty! The aim will be an introduction to ANNs in R. ANNs form the basic unit of deep learning and are immensely powerful in predictive modelling, but not without pitfalls. In this workshop, we will be working with conceptually understanding what an ANN is, how we train an ANN and how predictions are subsequently made. We will also touch upon parameters, hyper-parameters and how to handle data all in context of model over-fitting. All of the aforementioned will be done using TensorFlow via Keras for R.","Workshop",NA,"2020",2020-10-05,"09:00:00","13:00:00","Leon Eyrich Jessen","Technical University of Denmark","Artificial Neural Networks in R with Keras and TensorFlow","https://github.com/leonjessen/RPharma2020",NA,"This workshop is introductory and open to everyone assuming basic R/Data Science skills. Please note, the workshop is very hands-on oriented, so expect to get your fingers dirty! The aim will be an introduction to ANNs in R. ANNs form the basic unit of deep learning and are immensely powerful in predictive modelling, but not without pitfalls. In this workshop, we will be working with conceptually understanding what an ANN is, how we train an ANN and how predictions are subsequently made. We will also touch upon parameters, hyper-parameters and how to handle data all in context of model over-fitting. All of the aforementioned will be done using TensorFlow via Keras for R.",NA
"rinpharma_126","2020 Conference","We will be presenting an overview of the interoperability between Python and R for the R user community at R/Pharma 2020. This workshop will highlight how statistical programmers can leverage the power of both R and Python in their daily processes. Participants will get hands on experience working with some of the best aspects of both R and Python, and how these two languages can work together within R Markdown.","Workshop",NA,"2020",2020-10-05,"14:00:00","17:00:00","Mike Stackhouse | Nathan Kosiba","Atorus Research | Atorus Research","Multilingual Markdown with R and Python Using Reticulate","https://github.com/atorus-research/MultilingualMarkdown","https://www.youtube.com/watch?v=fEoZynvUrkc","We will be presenting an overview of the interoperability between Python and R for the R user community at R/Pharma 2020. This workshop will highlight how statistical programmers can leverage the power of both R and Python in their daily processes. Participants will get hands on experience working with some of the best aspects of both R and Python, and how these two languages can work together within R Markdown.",NA
"rinpharma_127","2020 Conference","In this workshop we will present how to perform analysis of RNA sequencing data following the tidy data paradigm. The tidy data paradigm provides a standard way to organise data values within a dataset, where each variable is a column, each observation is a row, and data is manipulated using an easy-to-understand vocabulary. Most importantly, the data structure remains consistent across manipulation and analysis functions. We can achieve this for bulk RNA sequencing data with the tidybulk, tidyHeatmap and tidyverse packages. We will also touch on packages for tidy single-cell transcriptional analyses. These packages are part of the tidytranscriptomics suite that introduces a tidy approach to RNA sequencing data. Recommended pre-requisites- Basic knowledge of RStudio- Some familiarity with tidyverse syntax- Background Reading Introduction to R for Biologists","Workshop",NA,"2020",2020-10-06,"08:00:00","11:00:00","Stefano Mangiola | Maria Doyle","Walter and Eliza Hall Institute | Peter MacCallum Cancer Centre","Tidy Transcriptomics","https://github.com/stemangiola/rpharma2020_tidytranscriptomics/","https://www.youtube.com/watch?v=6HNjZVBArmQ","In this workshop we will present how to perform analysis of RNA sequencing data following the tidy data paradigm. The tidy data paradigm provides a standard way to organise data values within a dataset, where each variable is a column, each observation is a row, and data is manipulated using an easy-to-understand vocabulary. Most importantly, the data structure remains consistent across manipulation and analysis functions. We can achieve this for bulk RNA sequencing data with the tidybulk, tidyHeatmap and tidyverse packages. We will also touch on packages for tidy single-cell transcriptional analyses. These packages are part of the tidytranscriptomics suite that introduces a tidy approach to RNA sequencing data. Recommended pre-requisites- Basic knowledge of RStudio- Some familiarity with tidyverse syntax- Background Reading Introduction to R for Biologists",NA
"rinpharma_128","2020 Conference","In this workshop we will walk through an implementation of the R Validation Hub's white paper: A Risk-based Approach for Assessing R Package Accuracy within a Validated Infrastructure (https://www.pharmar.org/white-paper/). The workshop will explore two core themes: 1. R Packages Risk Assessment2. TestingIn part 1, we will use a small set of pre-selected R packages to see how the R Validation Hub's Risk Assessment Application and the riskmetric R package can be used to create risk assessment reports for an R package.In part 2, we will discuss how testing can be used to reduce the risk for those packages with high risk. In particular, we will discuss the testing philosphy with respect to software validation and demonstrate how the 'testthat' package can be used to perform the necessary steps to test traceability requirements.Prior knowledge of the basic structure of R packages is required for the second part of this workshop.","Workshop",NA,"2020",2020-10-06,"12:00:00","15:00:00","Andy Nicholls | Marly Gotti","GlaxoSmithKline | Biogen","Implementing a Risk-based Approach to R Validation","https://pharmar.github.io/rpharma2020/","https://www.youtube.com/watch?v=9AiJSEZAz4g","In this workshop we will walk through an implementation of the R Validation Hub's white paper A Risk-based Approach for Assessing R Package Accuracy within a Validated Infrastructure (https//www.pharmar.org/white-paper/). The workshop will explore two core themes 1. R Packages Risk Assessment2. TestingIn part 1, we will use a small set of pre-selected R packages to see how the R Validation Hub's Risk Assessment Application and the riskmetric R package can be used to create risk assessment reports for an R package.In part 2, we will discuss how testing can be used to reduce the risk for those packages with high risk. In particular, we will discuss the testing philosphy with respect to software validation and demonstrate how the 'testthat' package can be used to perform the necessary steps to test traceability requirements.Prior knowledge of the basic structure of R packages is required for the second part of this workshop.",NA
"rinpharma_129","2020 Conference","A four-hour workshop that will take you on a tour of how to get from data to manuscript using R Markdown. You'll learn: - The basics of Markdown and knitr- How to add tables for different outputs- Workflows for working with data- How to include and style graphics","Workshop",NA,"2020",2020-10-07,"08:00:00","12:00:00","Alison Hill | Tom Mock","RStudio | RStudio","RMarkdown",NA,NA,"A four-hour workshop that will take you on a tour of how to get from data to manuscript using R Markdown. You'll learn - The basics of Markdown and knitr- How to add tables for different outputs- Workflows for working with data- How to include and style graphics",NA
"rinpharma_130","2020 Conference","This is a 3-hour workshop on Stan (https://mc-stan.org). The overall goal of the workshop will be to make the best use of time to answer as many Stan-related questions as possible. The level of the workshop will be intermediate to advanced, but anyone is welcome to join. The workshop will be taught by Daniel Lee. Daniel is one of the original Stan developers (started in 2011). He's been involved in the whole stack: language, CmdStan, RStan, PyStan, continuous integration, setting up the forums, StanCon, and more. He's had a lot of experience with debugging computational issues, the crossover between statistical models and computational, understanding how all the pieces fit in together, and knowing a lot of different ways to accomplish the same thing in the Stan language.The format of this workshop won't be a straight online lecture. I'm personally tired of Zoom meetings; I don't think the intro course I teach works in this format. Instead, we'll have a blend of an instructor-led example, a masterclass, and an AMA. Please come with questions or ask them as we go along. Here's a rough plan (but we can deviate from this):1. Brief introduction to Stan. Goal: understand what Stan is, what the inferences are (and why they're different), and agree on terminology.2. Walkthrough an example (survival or PK/PD model). Show differences between posterior distributions and point estimates. Maybe discuss quality of MCMC sampling.3. One-on-one with a participant. Walk through their problem, attempt at a solution, walk through the different modeling choices we're making, how to structure simulated data, etc.4. One-on-one with another participant.5. Questions / Wrap up.","Workshop",NA,"2020",2020-10-07,"13:00:00","16:00:00","Daniel Lee","Generable","Stan",NA,NA,"This is a 3-hour workshop on Stan (https//mc-stan.org). The overall goal of the workshop will be to make the best use of time to answer as many Stan-related questions as possible. The level of the workshop will be intermediate to advanced, but anyone is welcome to join. The workshop will be taught by Daniel Lee. Daniel is one of the original Stan developers (started in 2011). He's been involved in the whole stack language, CmdStan, RStan, PyStan, continuous integration, setting up the forums, StanCon, and more. He's had a lot of experience with debugging computational issues, the crossover between statistical models and computational, understanding how all the pieces fit in together, and knowing a lot of different ways to accomplish the same thing in the Stan language.The format of this workshop won't be a straight online lecture. I'm personally tired of Zoom meetings; I don't think the intro course I teach works in this format. Instead, we'll have a blend of an instructor-led example, a masterclass, and an AMA. Please come with questions or ask them as we go along. Here's a rough plan (but we can deviate from this)1. Brief introduction to Stan. Goal understand what Stan is, what the inferences are (and why they're different), and agree on terminology.2. Walkthrough an example (survival or PK/PD model). Show differences between posterior distributions and point estimates. Maybe discuss quality of MCMC sampling.3. One-on-one with a participant. Walk through their problem, attempt at a solution, walk through the different modeling choices we're making, how to structure simulated data, etc.4. One-on-one with another participant.5. Questions / Wrap up.",NA
"rinpharma_131","2020 Conference","Data science can be slow. A single round of statistical computation can take several minutes, hours, or even days to complete. The targets R package keeps results up to date and reproducible while minimizing the number of expensive tasks that actually run. Targets learns how your pipeline fits together, skips costly runtime for steps that are already up to date, runs the rest with optional implicit parallel computing, abstracts files as R objects, and shows tangible evidence that the output matches the underlying code and data. In other words, the package saves time while increasing our ability to trust the conclusions of the research. Targets surpasses the most burdensome permanent limitations of its predecessor, drake, to achieve greater efficiency and provide a safer, smoother, friendlier user experience. This hands-on workshop teaches targets using a realistic case study. Participants begin with the R implementation of a machine learning project, convert the workflow into a targets-powered pipeline, and efficiently maintain the output as the code and data change. R proficiency: intermediate and above required.","Workshop",NA,"2020",2020-10-08,"08:00:00","12:00:00","Will Landau","Eli Lilly","Targets and Reproducible Pipelines","https://wlandau.github.io/rpharma2020/",NA,"Data science can be slow. A single round of statistical computation can take several minutes, hours, or even days to complete. The targets R package keeps results up to date and reproducible while minimizing the number of expensive tasks that actually run. Targets learns how your pipeline fits together, skips costly runtime for steps that are already up to date, runs the rest with optional implicit parallel computing, abstracts files as R objects, and shows tangible evidence that the output matches the underlying code and data. In other words, the package saves time while increasing our ability to trust the conclusions of the research. Targets surpasses the most burdensome permanent limitations of its predecessor, drake, to achieve greater efficiency and provide a safer, smoother, friendlier user experience. This hands-on workshop teaches targets using a realistic case study. Participants begin with the R implementation of a machine learning project, convert the workflow into a targets-powered pipeline, and efficiently maintain the output as the code and data change. R proficiency intermediate and above required.",NA
"rinpharma_132","2020 Conference",NA,"Workshop",NA,"2020",2020-10-08,"13:00:00","16:00:00","Rich Iannone","RStudio","gt","https://github.com/rich-iannone/gt-workshop-2020","https://www.youtube.com/watch?v=puzMITLVrqE",NA,NA
"rinpharma_133","2020 Conference","In recent years, R users' understanding of Shiny has greatly increased but so have client expectations. While one of Shiny's greatest strengths is that it allows producing web applications solely from R code, meeting client's more delicate expectations will often involve going beyond R code and work with HTML, CSS, and JavaScript. We recognize that R developers tend not to be familiar with the latter as they generally do not have significant background in web development, these may therefore appear daunting at first.This workshop aims to put attendees at ease with inviting those web technologies into their shiny applications so they can exceed client's expectations. The workshop will comprise three parts.Part 1 hones in on the development of a new template on top of Shiny with the {htmltools} package. Workshop attendees will have the opportunity to collaborate with the RinteRface team on the {shinybulma} project (https://github.com/RinteRface/shinybulma).Part 2 delves into bi-directional communication in Shiny: how the R server communicates with the front-end and vice versa, how the input/output system works.Part 3 ends the workshop by exposing all the less known functions/methods that are however likely to help you in your Shiny journey!Prerequisites for the workshop:- Be proficient with Shiny- Basic knowledge about R6- Be proficient with package development- JavaScript/CSS skills may help but are not mandatory","Workshop",NA,"2020",2020-10-09,"08:00:00","12:00:00","David Granjon | John Coene","Novartis | World Economic Forum","Unleash Shiny","https://rinterface.com/shiny/talks/RPharma2020/",NA,"In recent years, R users' understanding of Shiny has greatly increased but so have client expectations. While one of Shiny's greatest strengths is that it allows producing web applications solely from R code, meeting client's more delicate expectations will often involve going beyond R code and work with HTML, CSS, and JavaScript. We recognize that R developers tend not to be familiar with the latter as they generally do not have significant background in web development, these may therefore appear daunting at first.This workshop aims to put attendees at ease with inviting those web technologies into their shiny applications so they can exceed client's expectations. The workshop will comprise three parts.Part 1 hones in on the development of a new template on top of Shiny with the  htmltools  package. Workshop attendees will have the opportunity to collaborate with the RinteRface team on the  shinybulma  project (https//github.com/RinteRface/shinybulma).Part 2 delves into bi-directional communication in Shiny how the R server communicates with the front-end and vice versa, how the input/output system works.Part 3 ends the workshop by exposing all the less known functions/methods that are however likely to help you in your Shiny journey!Prerequisites for the workshop- Be proficient with Shiny- Basic knowledge about R6- Be proficient with package development- JavaScript/CSS skills may help but are not mandatory",NA
"rinpharma_134","2020 Conference","After a brief introduction to mrgsolve (https://mrgsolve.github.io), we will discuss concepts and applications for using the package in R to simulate from pharmacokinetic (PK) and physiologically-based PK (PBPK) models, estimate parameters given a model and data, and visualize simulation results with a Shiny app. We will establish a basic framework for running optimization in R and work hands-on examples using different optimizers, including local and global search algorithms. Building on this framework, we will also illustrate related workflows including global and local sensitivity analysis. Finally, we will develop and deploy a Shiny app using Rstudio Connect, allowing interaction with the model and optimization results by non-modeling stakeholders.","Workshop",NA,"2020",2020-10-09,"11:00:00","15:00:00","Devin Pastoor | Kyle Baron","Metrum Research Group | Metrum Research Group","A PK & PBPK Modelling Workflow in R: Simulation, Optimization & Visualization","https://github.com/metrumresearchgroup/r-pharma-pkpd-2020","https://www.youtube.com/watch?v=EbDeZ5PgNlQ","After a brief introduction to mrgsolve (https//mrgsolve.github.io), we will discuss concepts and applications for using the package in R to simulate from pharmacokinetic (PK) and physiologically-based PK (PBPK) models, estimate parameters given a model and data, and visualize simulation results with a Shiny app. We will establish a basic framework for running optimization in R and work hands-on examples using different optimizers, including local and global search algorithms. Building on this framework, we will also illustrate related workflows including global and local sensitivity analysis. Finally, we will develop and deploy a Shiny app using Rstudio Connect, allowing interaction with the model and optimization results by non-modeling stakeholders.",NA
"rinpharma_135","2020 Conference","Have you ever encountered text data and suspected there was useful insight latent within it but felt frustrated about how to find that insight? Are you familiar with dplyr and ggplot2, and ready to learn how unstructured text data can be used for prediction within the tidyverse and tidymodels ecosystems? Do you need a flexible framework for handling text data that allows you to engage in tasks from exploratory data analysis to supervised predictive modeling? This tutorial is geared toward an R user with intermediate familiarity with R, RStudio, the basics of regression and classification modeling, and tidyverse packages such as dplyr and ggplot2. This person is comfortable with the main functions from dplyr and ggplot2 and is now ready to learn how to analyze and model text using tidy data principles. This R user has some experience with statistical modeling (such as using lm() and glm()) for prediction and classification and wants to learn how to build models with text.","Workshop",NA,"2020",2020-10-09,"14:00:00","18:00:00","Emil Hvitfeldt","University Southern California","Predictive modeling with text using tidy data principles","https://textmodels4pharma.netlify.app/",NA,"Have you ever encountered text data and suspected there was useful insight latent within it but felt frustrated about how to find that insight? Are you familiar with dplyr and ggplot2, and ready to learn how unstructured text data can be used for prediction within the tidyverse and tidymodels ecosystems? Do you need a flexible framework for handling text data that allows you to engage in tasks from exploratory data analysis to supervised predictive modeling? This tutorial is geared toward an R user with intermediate familiarity with R, RStudio, the basics of regression and classification modeling, and tidyverse packages such as dplyr and ggplot2. This person is comfortable with the main functions from dplyr and ggplot2 and is now ready to learn how to analyze and model text using tidy data principles. This R user has some experience with statistical modeling (such as using lm() and glm()) for prediction and classification and wants to learn how to build models with text.",NA
"rinpharma_136","2020 Conference",NA,"Remarks",NA,"2020",2020-10-13,"10:00:00","10:10:00","Harvey Lieberman","Novartis","Opening Remarks",NA,"https://youtu.be/4_or19J0Mqo",NA,NA
"rinpharma_137","2020 Conference","With recent technological advances and availability of new data sources, we are experiencing exciting changes to the human medical product regulatory landscape. While these new areas have created challenges, they also present opportunities. This presentation will review the various FDA initiatives in Real World Data/Real World Evidence, Complex Innovative Designs, digital health technology, and COVID-19 and highlight the areas for which statisticians play a key strategic role in efficiently addressing current and future medical product development and evaluation challenges. Statisticians need to be effective leaders and communicators in interdisciplinary teams.","Keynote",NA,"2020",2020-10-13,"10:10:00","10:50:00","Matilde Kam","FDA","Challenges in an Evolving Regulatory Landscape: How Statisticians Can Contribute","https://github.com/rinpharma/2020_presentations/tree/master/talks_folder/2020-Kam-Challenges_in_an Evolving_Regulatory_Landscape.pdf","https://youtu.be/pX0G6NOz6_M","With recent technological advances and availability of new data sources, we are experiencing exciting changes to the human medical product regulatory landscape. While these new areas have created challenges, they also present opportunities. This presentation will review the various FDA initiatives in Real World Data/Real World Evidence, Complex Innovative Designs, digital health technology, and COVID-19 and highlight the areas for which statisticians play a key strategic role in efficiently addressing current and future medical product development and evaluation challenges. Statisticians need to be effective leaders and communicators in interdisciplinary teams.",NA
"rinpharma_138","2020 Conference",NA,"Schedule only",NA,"2020",2020-10-13,"10:50:00","11:00:00",NA,NA,"Coffee",NA,NA,NA,"Unfortunately we do not currently have an abstract, copy of the slides or link to the video to this presentation"
"rinpharma_139","2020 Conference",NA,"Talk",NA,"2020",2020-10-13,"11:00:00","11:20:00","Max Kuhn | Simon Couch","RStudio | Reed College","StackEm High! Ensembles Using tidymodels","https://github.com/rinpharma/2020_presentations/tree/main/talks_folder/2020-Kuhn-tidymodels","https://youtu.be/IwnhUyS0n_g",NA,NA
"rinpharma_140","2020 Conference",NA,"Talk",NA,"2020",2020-10-13,"11:20:00","11:40:00","Andy Nicholls","GlaxoSmithKline","The R Validation Hub: Implementing a Risk-Based Approach to R","https://pharmar.github.io/rpharma2020_pres/","https://youtu.be/CFhXu0amNAw",NA,NA
"rinpharma_141","2020 Conference","Medical oversight during a clinical trial is an extensive and time-consuming process. To safeguard patient safety, medical monitors need to review and explore raw safety data interactively, using standard visualizations as well as specific analyses tailored to the disease and the clinical study. The creation of semi-automated reports in R could facilitate this operation. The reports include interactive visualizations (with the plotly package) and interactive descriptive statistics tables and listings (with the DT package) for safety review of the patients. Template reports (based on Rmarkdown) incorporating standard analyses are integrated within an R package. The reports are set up via YAML configuration files to allow non-R users to customize the report for his/her specific study. Such report is created from datasets in CDISC standard SDTM or ADaM format, and delivered in the form of linked self-contained html pages. The creation of the report documentation (in the R package) and the validation of the input parameters in the config files is automated and provided with the JSON schema format. The medical oversight tool is integrated with functionalities to generate patient profiles, CSR-ready in-text tables, and enables comparison of results between multiple interim data batches delivered in the course of the clinical trial. The tool will be demonstrated on a publicly available dataset.","Talk",NA,"2020",2020-10-13,"11:40:00","11:50:00","Laure Cougnaud | Michela Pasetto | Arne de Roeck","OpenAnalytics | OpenAnalytics | Galapagos","Interactive medical oversight reporting in R","https://medical-monitoring.openanalytics.io/slides/#1","https://youtu.be/Aeu1_xCUVPQ","Medical oversight during a clinical trial is an extensive and time-consuming process. To safeguard patient safety, medical monitors need to review and explore raw safety data interactively, using standard visualizations as well as specific analyses tailored to the disease and the clinical study. The creation of semi-automated reports in R could facilitate this operation. The reports include interactive visualizations (with the plotly package) and interactive descriptive statistics tables and listings (with the DT package) for safety review of the patients. Template reports (based on Rmarkdown) incorporating standard analyses are integrated within an R package. The reports are set up via YAML configuration files to allow non-R users to customize the report for his/her specific study. Such report is created from datasets in CDISC standard SDTM or ADaM format, and delivered in the form of linked self-contained html pages. The creation of the report documentation (in the R package) and the validation of the input parameters in the config files is automated and provided with the JSON schema format. The medical oversight tool is integrated with functionalities to generate patient profiles, CSR-ready in-text tables, and enables comparison of results between multiple interim data batches delivered in the course of the clinical trial. The tool will be demonstrated on a publicly available dataset.",NA
"rinpharma_142","2020 Conference","MMRMs are often used as the primary analysis of continuous endpoints in longitudinal clinical trials (see e.g. Mallinckrod et al, 2008). Essentially, an MMRM is a specific linear mixed effects model that includes (at least) an interaction of treatment arm and categorical visit variables as fixed effects. The covariance structure of the residuals can have different forms, and often an unstructured (i.e. saturated parametrization) covariance matrix is preferred. This structure can be represented by random effects in the mixed model. All of this has typically been implemented in proprietary software, such as SAS, as its PROC MIXED routine is generally seen as a gold standard for mixed models. However, this does not allow the use of interactive web applications to explore the clinical study data in a flexible way. Furthermore, fitting such proprietary software into workflows such as automatic document generation is not convenient. Therefore, we wanted to implement MMRM in R. Several challenges had to be solved, such as finding the right R-packages for this purpose. We finally settled on {lme4} in combination with {lmerTest}, which could match results in SAS up to numerical precision. Convergence of estimates can be an issue and multiple optimization algorithms are therefore tried in parallel to enhance robustness. Extracting the covariance matrix estimate from {lme4} results was solved as well as finding model fit statistics that match SAS results. We use our own {rtables} to produce tables and {ggplot2} for plots. We developed a Shiny module in our internal framework for exploratory web applications. Further validation in the next months will allow us to use the R implementation for regulatory purposes, with greater flexibility and efficiency than before.","Talk",NA,"2020",2020-10-13,"11:50:00","12:00:00","Daniel Sabanés Bové","Roche","Implementing Mixed Models with Repeated Measures (MMRM) in R and Shiny for Regulatory Purposes","https://github.com/rinpharma/2020_presentations/tree/master/talks_folder/2020-Sabanes_Bove-Implementing_MMRM_in_R.pdf","https://youtu.be/moEksA8gHoY","MMRMs are often used as the primary analysis of continuous endpoints in longitudinal clinical trials (see e.g. Mallinckrod et al, 2008). Essentially, an MMRM is a specific linear mixed effects model that includes (at least) an interaction of treatment arm and categorical visit variables as fixed effects. The covariance structure of the residuals can have different forms, and often an unstructured (i.e. saturated parametrization) covariance matrix is preferred. This structure can be represented by random effects in the mixed model. All of this has typically been implemented in proprietary software, such as SAS, as its PROC MIXED routine is generally seen as a gold standard for mixed models. However, this does not allow the use of interactive web applications to explore the clinical study data in a flexible way. Furthermore, fitting such proprietary software into workflows such as automatic document generation is not convenient. Therefore, we wanted to implement MMRM in R. Several challenges had to be solved, such as finding the right R-packages for this purpose. We finally settled on  lme4  in combination with  lmerTest , which could match results in SAS up to numerical precision. Convergence of estimates can be an issue and multiple optimization algorithms are therefore tried in parallel to enhance robustness. Extracting the covariance matrix estimate from  lme4  results was solved as well as finding model fit statistics that match SAS results. We use our own  rtables  to produce tables and  ggplot2  for plots. We developed a Shiny module in our internal framework for exploratory web applications. Further validation in the next months will allow us to use the R implementation for regulatory purposes, with greater flexibility and efficiency than before.",NA
"rinpharma_143","2020 Conference",NA,"Schedule only",NA,"2020",2020-10-13,"12:00:00","12:20:00",NA,NA,"Coffee",NA,NA,NA,"Unfortunately we do not currently have an abstract, copy of the slides or link to the video to this presentation"
"rinpharma_144","2020 Conference","In this talk I will discuss the steps that have been created for validating internally generated R packages at SCHARP (Statistical Center for HIV/AIDS Research and Prevention). Housed within Fred Hutch, SCHARP is an instrumental partner in the research and clinical trials surrounding HIV prevention and vaccine development. Part of SCHARP's work involves analyzing experimental biomarkers and endpoints which change as the experimental question, analysis methods, antigens measured, and assays evolve. Maintaining a validated code base that is rigid in its output format, but flexible enough to cater a variety of inputs with minimal custom coding has proven to be important for reproducibility and scalability. SCHARP has developed several key steps in the creation, validation, and documentation of R packages that take advantage of R's packaging functionality. First, the programming team works with leadership to define specifications and lay out a roadmap of the package at the functional level. Next, statistical programmers work together to develop the package, taking advantage of the rich R ecosystem of packages for development such as roxygen2, devtools, usethis, and testthat. Once the code has been developed, the package is validated to ensure it passes all specifications using a combination of testthat and rmarkdown. Finally, the package is made available for use across the team on live data. These procedures set up a framework for validating assay processing packages that furthers the ability of Fred Hutch to provide world-class support for our clinical trials.","Talk",NA,"2020",2020-10-13,"12:20:00","12:40:00","Ellis Hughes","Fred Hutch Cancer Research Center","R Package Validation Framework","https://thebioengineer.github.io/validation_rpharma/","https://youtu.be/zEH-6Ik-5h8","In this talk I will discuss the steps that have been created for validating internally generated R packages at SCHARP (Statistical Center for HIV/AIDS Research and Prevention). Housed within Fred Hutch, SCHARP is an instrumental partner in the research and clinical trials surrounding HIV prevention and vaccine development. Part of SCHARP's work involves analyzing experimental biomarkers and endpoints which change as the experimental question, analysis methods, antigens measured, and assays evolve. Maintaining a validated code base that is rigid in its output format, but flexible enough to cater a variety of inputs with minimal custom coding has proven to be important for reproducibility and scalability. SCHARP has developed several key steps in the creation, validation, and documentation of R packages that take advantage of R's packaging functionality. First, the programming team works with leadership to define specifications and lay out a roadmap of the package at the functional level. Next, statistical programmers work together to develop the package, taking advantage of the rich R ecosystem of packages for development such as roxygen2, devtools, usethis, and testthat. Once the code has been developed, the package is validated to ensure it passes all specifications using a combination of testthat and rmarkdown. Finally, the package is made available for use across the team on live data. These procedures set up a framework for validating assay processing packages that furthers the ability of Fred Hutch to provide world-class support for our clinical trials.",NA
"rinpharma_145","2020 Conference","metashiny is an R package that provides a point-and-click interface to quickly design, prototype, and deploy essential Shiny applications without having to write one single line of R code. The core idea behind metashiny is to parametrize Shiny modules, which are reusable units of Shiny logic with their own namespace. Instead of modifying a module to fit various analytical needs, metashiny strives to build a module template that encompasses a wide range of popular Shiny logic, then uses a ""meta""-Shiny interface to collect user requirements and customize the Shiny modules using these inputs as parameters. The customized Shiny modules are embedded in the ""meta""-Shiny for preview, may be downloaded in a self-contained, functioning Shiny directory and may be deployed to a Shiny Server with minimal configuration. metashiny may be very useful in the initial design phase of Shiny products. Finally, an important feature for non-R users is it eliminates the need of learning Shiny code and the R environment, thus enables analytical colleagues from all backgrounds to explore the fantastic power of Shiny.","Talk",NA,"2020",2020-10-13,"12:40:00","12:50:00","Bo Wang","Novartis","metashiny: build Shiny apps with a Shiny app","https://github.com/rinpharma/2020_presentations/tree/master/talks_folder/2020-Wang-metashiny.pptx","https://youtu.be/jvm6cITehT0","metashiny is an R package that provides a point-and-click interface to quickly design, prototype, and deploy essential Shiny applications without having to write one single line of R code. The core idea behind metashiny is to parametrize Shiny modules, which are reusable units of Shiny logic with their own namespace. Instead of modifying a module to fit various analytical needs, metashiny strives to build a module template that encompasses a wide range of popular Shiny logic, then uses a ""meta""-Shiny interface to collect user requirements and customize the Shiny modules using these inputs as parameters. The customized Shiny modules are embedded in the ""meta""-Shiny for preview, may be downloaded in a self-contained, functioning Shiny directory and may be deployed to a Shiny Server with minimal configuration. metashiny may be very useful in the initial design phase of Shiny products. Finally, an important feature for non-R users is it eliminates the need of learning Shiny code and the R environment, thus enables analytical colleagues from all backgrounds to explore the fantastic power of Shiny.",NA
"rinpharma_146","2020 Conference",NA,"Talk",NA,"2020",2020-10-13,"12:50:00","13:10:00","Leigh Alexander","SomaLogic","Out of Chaos, Comes Order: Adventures in Standardized and Reproducible Research",NA,NA,NA,"Unfortunately we do not currently have an abstract, copy of the slides or link to the video to this presentation"
"rinpharma_147","2020 Conference",NA,"Schedule only",NA,"2020",2020-10-13,"13:10:00","13:20:00",NA,NA,"Coffee",NA,NA,NA,"Unfortunately we do not currently have an abstract, copy of the slides or link to the video to this presentation"
"rinpharma_148","2020 Conference","Validation of the R statistical package has become a hot topic since 2015, when the FDA issued the Statistical Software Clarifying Statement, stating officially that no specific software is required for submissions, and that any tool can be used if only it is reliable and documented appropriately. It instantly brought the attention of the pharmaceutical industry. Individual attempts to fulfil validation requirement and bring R to the controlled environments were made by a number of companies independently. In addition, combined efforts of the biggest pharmaceutical companies resulted in launching the R Validation Hub project. While most of the initiatives seem to focus on documentation and package quality assessment, relying on the results of unit tests delivered ""as is"" by the authors of R packages, we at 2KMM CRO set different priorities, driven by the importance of exhaustive numerical validation done in the first place. Without that, there is a risk that all the efforts on documentation and quality assurance will pertain to routines which results differ from those obtained with other trusted software in a way that cannot be adequately justified. While we do not undermine the importance of documentation and early unit testing, we believe that numerical validation, going far beyond running those tests, is mandatory to achieve satisfying level of reliability. We would like to share our findings in this area, including: the choice of reference input data and results used during the validation, sources of discrepancies between R and other software, interpretation and acceptance of the results.","Talk",NA,"2020",2020-10-13,"13:20:00","13:30:00","Adrian Olszewski","2KMM","Numerical validation as a critical aspect in bringing R to the Clinical Research","https://github.com/rinpharma/2020_presentations/tree/master/talks_folder/2020-Olszewski-Numerical_Validation_Clinical_Research.pdf","https://youtu.be/qLuPjEOoHl4","Validation of the R statistical package has become a hot topic since 2015, when the FDA issued the Statistical Software Clarifying Statement, stating officially that no specific software is required for submissions, and that any tool can be used if only it is reliable and documented appropriately. It instantly brought the attention of the pharmaceutical industry. Individual attempts to fulfil validation requirement and bring R to the controlled environments were made by a number of companies independently. In addition, combined efforts of the biggest pharmaceutical companies resulted in launching the R Validation Hub project. While most of the initiatives seem to focus on documentation and package quality assessment, relying on the results of unit tests delivered ""as is"" by the authors of R packages, we at 2KMM CRO set different priorities, driven by the importance of exhaustive numerical validation done in the first place. Without that, there is a risk that all the efforts on documentation and quality assurance will pertain to routines which results differ from those obtained with other trusted software in a way that cannot be adequately justified. While we do not undermine the importance of documentation and early unit testing, we believe that numerical validation, going far beyond running those tests, is mandatory to achieve satisfying level of reliability. We would like to share our findings in this area, including the choice of reference input data and results used during the validation, sources of discrepancies between R and other software, interpretation and acceptance of the results.",NA
"rinpharma_149","2020 Conference","The crisis of opioid abuse and overdose in the United States has involved unprecedented levels of opioid prescriptions and opioid-related mortality. Greater understanding of current trends in prescription opioid utilization may help prevent new cases of abuse, addiction, and overdose. The U.S. Food and Drug Administration (FDA, the Agency) is expanding its capacity for proactive pharmacovigilance of drug abuse, in addition to other drug safety signals. In post-market safety surveillance, pharmacy dispensing data provide valuable insights to the Agency for oversight of drug utilization. The drug dispensing data include the number of product dispensings aggregated over a time frame (e.g., months) by geographical locations (e.g., states, core-based statistical areas). One promising approach to enhance pharmacovigilance using these data would be through data enrichment: geographically referenced public data sources covering detailed information on demographic, socioeconomic, and healthcare service can be overlaid to proprietary, nationally projected data for prescription drug dispensing. Our project, funded by the Center for Drug Evaluation and Research (CDER) Safety Research Interest Group (SRIG) program, seeks to develop a data analysis pipeline and software for generating real-world evidence (RWE) that will monitor changes in prescription opioid use and guide proactive pharmacovigilance of drug abuse. The software will provide tools to augment proprietary, nationally projected data for prescription drug dispensing with other geographically referenced, publicly available, demographic, socioeconomic, or healthcare service data. The software will generate RWE including user-interactive data visualization, spatio-temporal modeling, and machine learning for identifying factors potentially associated with drug utilization, misuse, and abuse.","Talk",NA,"2020",2020-10-13,"13:30:00","13:50:00","Jaejoon Song","FDA","geoMapr: A Shiny Application for Enriched Analysis of Drug Utilization Data","https://github.com/rinpharma/2020_presentations/tree/master/talks_folder/2020-Song-geoMapr.pptx","https://youtu.be/avV1OWFbN5o","The crisis of opioid abuse and overdose in the United States has involved unprecedented levels of opioid prescriptions and opioid-related mortality. Greater understanding of current trends in prescription opioid utilization may help prevent new cases of abuse, addiction, and overdose. The U.S. Food and Drug Administration (FDA, the Agency) is expanding its capacity for proactive pharmacovigilance of drug abuse, in addition to other drug safety signals. In post-market safety surveillance, pharmacy dispensing data provide valuable insights to the Agency for oversight of drug utilization. The drug dispensing data include the number of product dispensings aggregated over a time frame (e.g., months) by geographical locations (e.g., states, core-based statistical areas). One promising approach to enhance pharmacovigilance using these data would be through data enrichment geographically referenced public data sources covering detailed information on demographic, socioeconomic, and healthcare service can be overlaid to proprietary, nationally projected data for prescription drug dispensing. Our project, funded by the Center for Drug Evaluation and Research (CDER) Safety Research Interest Group (SRIG) program, seeks to develop a data analysis pipeline and software for generating real-world evidence (RWE) that will monitor changes in prescription opioid use and guide proactive pharmacovigilance of drug abuse. The software will provide tools to augment proprietary, nationally projected data for prescription drug dispensing with other geographically referenced, publicly available, demographic, socioeconomic, or healthcare service data. The software will generate RWE including user-interactive data visualization, spatio-temporal modeling, and machine learning for identifying factors potentially associated with drug utilization, misuse, and abuse.",NA
"rinpharma_150","2020 Conference","As stated in my 2018 R/Pharma presentation ""Becoming Bilingual in SAS and R"" I believe in problem-solving using different data science tools. This talk is about my team's efforts at using different data science tools (SAS R and Python) to harmonize data from 10+ clinical studies to build a robust and automated data mart that will eventually integrate biomarker data from clinical studies and real world data(RWD). (1) SAS data dictionary and ODS are first used because of two reasons: Firstly ADaM datasets are in sas7bdat format. Secondly Data dictionary and ODS are powerful tools that R or Python have not well-established package. (2) R is used for its visualization power and Shiny and Rstudio's Reticulate tools for integration of Python into R projects. (3) Python is used for its fuzzywuzzy package and potentially NLTK package. In this project we are particularly pleased and impressed by Rstudio's work on seamlessly integrating Python tools into R projects. This project showcases the use case of combining the three programming languages in Clinical Data Integration space. It also provides a POC(proof of concept) for integrating Kite internal data with external data and RWD data. It is also future looking in the sense that it prepares us to deal with future wearable device data that innovative technology and precision medicine will bring into Oncology treatment scene.","Talk",NA,"2020",2020-10-13,"13:50:00","14:00:00","Bella Feng","KitePharma A Gilead Company","Becoming Multilingual","https://github.com/rinpharma/2020_presentations/tree/master/talks_folder/2020-Feng-Becoming_Multilingual.pptx","https://youtu.be/k7X29akVOK8","As stated in my 2018 R/Pharma presentation ""Becoming Bilingual in SAS and R"" I believe in problem-solving using different data science tools. This talk is about my team's efforts at using different data science tools (SAS R and Python) to harmonize data from 10+ clinical studies to build a robust and automated data mart that will eventually integrate biomarker data from clinical studies and real world data(RWD). (1) SAS data dictionary and ODS are first used because of two reasons Firstly ADaM datasets are in sas7bdat format. Secondly Data dictionary and ODS are powerful tools that R or Python have not well-established package. (2) R is used for its visualization power and Shiny and Rstudio's Reticulate tools for integration of Python into R projects. (3) Python is used for its fuzzywuzzy package and potentially NLTK package. In this project we are particularly pleased and impressed by Rstudio's work on seamlessly integrating Python tools into R projects. This project showcases the use case of combining the three programming languages in Clinical Data Integration space. It also provides a POC(proof of concept) for integrating Kite internal data with external data and RWD data. It is also future looking in the sense that it prepares us to deal with future wearable device data that innovative technology and precision medicine will bring into Oncology treatment scene.",NA
"rinpharma_151","2020 Conference",NA,"Remarks",NA,"2020",2020-10-13,"14:00:00","14:10:00","Devin Pastoor","Metrum Research Group","Closing Remarks",NA,"https://youtu.be/54WAnoFGyKg",NA,NA
"rinpharma_152","2020 Conference",NA,"Remarks",NA,"2020",2020-10-14,"10:00:00","10:10:00","Timothy Tsai","Harvard University","Opening Remarks",NA,"https://youtu.be/OOp2LaF99Cc",NA,NA
"rinpharma_153","2020 Conference","Visual representations of data inform how machine learning practitioners think, understand, and decide. Before charts are ever used for outward communication about a ML system, they are used by the system designers and operators themselves as a tool to make better modeling choices. Practitioners use visualization, from very familiar statistical graphics to creative and less standard plots, at the points of most important human decisions when other ways to validate those decisions can be difficult. Visualization approaches are used to understand both the data that serves as input for machine learning and the models that practitioners create. In this talk, learn about the process of building a ML model in the real world, how and when practitioners use visualization to make more effective choices, and considerations for ML visualization tooling.","Keynote",NA,"2020",2020-10-14,"10:10:00","10:50:00","Julia Silge","RStudio","Data visualization for real-world machine learning","https://github.com/rinpharma/2020_presentations/tree/master/talks_folder/2020-Silge-Data_Visualization_Real_World_ML.pdf","https://youtu.be/Poeic8TjCx8","Visual representations of data inform how machine learning practitioners think, understand, and decide. Before charts are ever used for outward communication about a ML system, they are used by the system designers and operators themselves as a tool to make better modeling choices. Practitioners use visualization, from very familiar statistical graphics to creative and less standard plots, at the points of most important human decisions when other ways to validate those decisions can be difficult. Visualization approaches are used to understand both the data that serves as input for machine learning and the models that practitioners create. In this talk, learn about the process of building a ML model in the real world, how and when practitioners use visualization to make more effective choices, and considerations for ML visualization tooling.",NA
"rinpharma_154","2020 Conference",NA,"Schedule only",NA,"2020",2020-10-14,"10:50:00","11:00:00",NA,NA,"Coffee",NA,NA,NA,"Unfortunately we do not currently have an abstract, copy of the slides or link to the video to this presentation"
"rinpharma_155","2020 Conference","Supporting data-driven decisions in the planning of clinical trials during the current pandemic involves extensive integration of heterogenous data sources, sophisticated predictive modelling, and custom visualization to communicate the predictions to decision makers. We used R to rapidly deliver end-to-end planning tools for GSK in this difficult time. We built a pipeline to integrate, clean and, crucially - test, a variety of internal and external datasets. This data then fed into a patient recruitment model and, finally, into a SQL-powered shiny app for interactive visualizations. The creation of the planning tool required bringing together statisticians, data scientists and clinical operations in an intense collaboration, powered by R.","Talk",NA,"2020",2020-10-14,"11:00:00","11:20:00","Christina Fillmore","GlaxoSmithKline","Using R to Create an End to End Process for Predicting Delays in Recruitment from Covid-19","https://github.com/rinpharma/2020_presentations/tree/master/talks_folder/2020-Fillmore-Recruitment_Covid19.pptx","https://youtu.be/ixlMuxu31tg","Supporting data-driven decisions in the planning of clinical trials during the current pandemic involves extensive integration of heterogenous data sources, sophisticated predictive modelling, and custom visualization to communicate the predictions to decision makers. We used R to rapidly deliver end-to-end planning tools for GSK in this difficult time. We built a pipeline to integrate, clean and, crucially - test, a variety of internal and external datasets. This data then fed into a patient recruitment model and, finally, into a SQL-powered shiny app for interactive visualizations. The creation of the planning tool required bringing together statisticians, data scientists and clinical operations in an intense collaboration, powered by R.",NA
"rinpharma_156","2020 Conference","Effective visual communication is a core competency for pharmacometricians, statisticians, and, more generally, any quantitative scientist. It is essential in every step of a quantitative workflow, from scoping to execution and communicating results and conclusions. With this competency, we can better understand data and influence decisions toward appropriate actions. Without it, we can fool ourselves and others and pave the way to wrong conclusions and actions. The goal of this talk is to convey this competency through three laws of effective visual communication for the quantitative scientist: have a clear purpose, show the data clearly, and make the message obvious.","Talk",NA,"2020",2020-10-14,"11:20:00","11:40:00","Baldur Magnusson","Novartis","With great graphs comes great power","https://github.com/rinpharma/2020_presentations/tree/master/talks_folder/2020-Magnusson-Graphs_and_Power.pdf","https://youtu.be/TNMC-Ota29g","Effective visual communication is a core competency for pharmacometricians, statisticians, and, more generally, any quantitative scientist. It is essential in every step of a quantitative workflow, from scoping to execution and communicating results and conclusions. With this competency, we can better understand data and influence decisions toward appropriate actions. Without it, we can fool ourselves and others and pave the way to wrong conclusions and actions. The goal of this talk is to convey this competency through three laws of effective visual communication for the quantitative scientist have a clear purpose, show the data clearly, and make the message obvious.",NA
"rinpharma_157","2020 Conference",NA,"Talk",NA,"2020",2020-10-14,"11:40:00","11:50:00","Charlotta Fruchtenicht","Roche","visR - a package for effective visualization in Pharma","https://github.com/rinpharma/2020_presentations/tree/master/talks_folder/2020-Fruchtenicht-visR.pdf","https://youtu.be/JxvPBp2OhgA",NA,NA
"rinpharma_158","2020 Conference","The visR project for effective graphics in drug development visR is an open collaborative effort to develop solutions for effective visual communication with a focus on reporting medical and clinical data. The aim of the collaboration is to develop a user-friendly, fit for purpose, open source package to simplify the use of good graphical principles for effective visual communication of typical analyses of interventional and observational data encountered in clinical drug development.","Talk",NA,"2020",2020-10-14,"11:50:00","12:00:00","Jeremy Wildfire","Gilead","safetyGraphics v2.0 - Open Source Collaboration in Pharma using R and Shiny",NA,NA,"The visR project for effective graphics in drug development visR is an open collaborative effort to develop solutions for effective visual communication with a focus on reporting medical and clinical data. The aim of the collaboration is to develop a user-friendly, fit for purpose, open source package to simplify the use of good graphical principles for effective visual communication of typical analyses of interventional and observational data encountered in clinical drug development.",NA
"rinpharma_159","2020 Conference",NA,"Schedule only",NA,"2020",2020-10-14,"12:00:00","12:20:00",NA,NA,"Coffee",NA,NA,NA,"Unfortunately we do not currently have an abstract, copy of the slides or link to the video to this presentation"
"rinpharma_160","2020 Conference","The pharmaceutical industry has witnessed a growing interest in open source languages such as R and Python as an alternative to SAS for many activities related to clinical research. Hop on board for a whistle-stop tour of our efforts within GSK Biostatistics to integrate R programming into the clinical reporting pipeline. Hear how our journey started, where we are now, and what challenges and opportunities lie ahead.","Talk",NA,"2020",2020-10-14,"12:20:00","12:40:00","Carson Sievert","RStudio","Styling Shiny & R Markdown with bootstraplib & thematic","https://talks.cpsievert.me/20201014/","https://youtu.be/7pJhTgJubWM","The pharmaceutical industry has witnessed a growing interest in open source languages such as R and Python as an alternative to SAS for many activities related to clinical research. Hop on board for a whistle-stop tour of our efforts within GSK Biostatistics to integrate R programming into the clinical reporting pipeline. Hear how our journey started, where we are now, and what challenges and opportunities lie ahead.",NA
"rinpharma_161","2020 Conference","The development of laboratory developed tests (LDTs) and in vitro diagnostics (IVDs) requires the execution of studies to determine the analytical performance of the assay. Examples of analytical studies include limit of detection, intermediate precision, and stability studies. These studies often require similar analyses to be repeated multiple times on replicates or different sample types. The results of these analyses need to be stored in data structures that are easily accessible to the lead analyst as well as additional team members responsible for validating the work. Nested data frames are a powerful and flexible data structures that are well suited for these requirements. This talk will show how storing all of the steps of an analysis pipeline in a nested data frame allows analysts to utilize the well-established functionality of the tidyverse family of packages for efficient analysis and summarization of the data. It will also discuss how nested data frames are well suited for reproducibility and traceability, which are vital to documenting analytical performance. Reproducibility is often achieved by writing R notebooks in an environment that maintains package version consistency (e.g. docker, RStudio Server). Using nested data frames as the underlying data structure within these frameworks provides a transparent and modular method for storing the results of an existing analysis and providing easily accessible data for downstream analysis.","Talk",NA,"2020",2020-10-14,"12:40:00","12:50:00","Michael Rimler","GlaxoSmithKline","Clinical Reporting Using R at GSK","https://github.com/rinpharma/2020_presentations/tree/master/talks_folder/2020-Rimler-Clinical_Reporting_GSK.pptx","https://youtu.be/Z4JXMERYunc","The development of laboratory developed tests (LDTs) and in vitro diagnostics (IVDs) requires the execution of studies to determine the analytical performance of the assay. Examples of analytical studies include limit of detection, intermediate precision, and stability studies. These studies often require similar analyses to be repeated multiple times on replicates or different sample types. The results of these analyses need to be stored in data structures that are easily accessible to the lead analyst as well as additional team members responsible for validating the work. Nested data frames are a powerful and flexible data structures that are well suited for these requirements. This talk will show how storing all of the steps of an analysis pipeline in a nested data frame allows analysts to utilize the well-established functionality of the tidyverse family of packages for efficient analysis and summarization of the data. It will also discuss how nested data frames are well suited for reproducibility and traceability, which are vital to documenting analytical performance. Reproducibility is often achieved by writing R notebooks in an environment that maintains package version consistency (e.g. docker, RStudio Server). Using nested data frames as the underlying data structure within these frameworks provides a transparent and modular method for storing the results of an existing analysis and providing easily accessible data for downstream analysis.",NA
"rinpharma_162","2020 Conference",NA,"Talk",NA,"2020",2020-10-14,"12:50:00","13:00:00","Mike Mehan","Illumina Inc","Leveraging Nested Data Frames for Analytical Studies","https://github.com/rinpharma/2020_presentations/tree/master/talks_folder/2020-Mehan-Nested_Data_Frames.pptx","https://youtu.be/LkFzPkvlmRo",NA,NA
"rinpharma_163","2020 Conference","In the recent years, R Shiny apps have gained considerable momentum and have been utilized to develop many useful dashboards and user interfaces (UI) that allow non-programmers access to innovative tools. Due to the ease of development of Shiny apps and lack of complex examples, R developers often create a new shiny app in a single app.r file that contains both the ui and server code/ As a project grows, and capabilities expand in the app, a common practice is to separate the code into two files, one for the server object and one for the ui object. While these approaches may suffice for simple applications, they can lead a developer or team of developers down a path to an application with many lines of code (e.g. 15,000+) in a single file that can be extremely difficult to debug, test, maintain or expand. This approach can also lead to a file with a mixture of UI/server related code in the same files as complex computational code. In this talk, I will present the {PREP} (Packages fRom tEmPlates) package that was created to help teams streamline development of R Shiny apps and R packages using an approach that follows software development best practices. The PREP package adds new project types to R Studio to help streamline new project creation and development. There are three PREP project type options: 1) a Shiny app as a package, 2) a Shiny app or 3) R package that is setup with the unit testing framework included utilizing {testthat} and is intended to contain all the complex computational functionality. Both Shiny app options are organized using modules with a consistent default theme, ability to switch between color theme options and example code for commonly implemented tasks. By developing the complex computations in the R packages and the Shiny app as separate projects, teams can utilize each person's skill set better and simplify the testing thus making a more robust final product. By developing the Shiny app with modules, teams can avoid extremely long single files and allow for sharing customized controls within different pages, make it much easier of using source control technology like GitHub. In addition, the PREP package includes functions to add new tabs and modules to the Shiny app and create new functions with testing setup in the computational package to avoid multiple steps of creating files for new functions and testing. PREP is designed to be used by new package/Shiny developers and is highly customizable for expert users without adding a dependency to your final product.","Talk",NA,"2020",2020-10-14,"13:00:00","13:10:00","J. Kyle Wathen","Gilead","PREP - Packages fRom tEmPlates - An R Package to Streamline Development of Shiny Apps and R Packages","https://github.com/rinpharma/2020_presentations/tree/master/talks_folder/2020-Wathen-PREP.pptx","https://youtu.be/_Hfq8ymQWIY","In the recent years, R Shiny apps have gained considerable momentum and have been utilized to develop many useful dashboards and user interfaces (UI) that allow non-programmers access to innovative tools. Due to the ease of development of Shiny apps and lack of complex examples, R developers often create a new shiny app in a single app.r file that contains both the ui and server code/ As a project grows, and capabilities expand in the app, a common practice is to separate the code into two files, one for the server object and one for the ui object. While these approaches may suffice for simple applications, they can lead a developer or team of developers down a path to an application with many lines of code (e.g. 15,000+) in a single file that can be extremely difficult to debug, test, maintain or expand. This approach can also lead to a file with a mixture of UI/server related code in the same files as complex computational code. In this talk, I will present the  PREP  (Packages fRom tEmPlates) package that was created to help teams streamline development of R Shiny apps and R packages using an approach that follows software development best practices. The PREP package adds new project types to R Studio to help streamline new project creation and development. There are three PREP project type options 1) a Shiny app as a package, 2) a Shiny app or 3) R package that is setup with the unit testing framework included utilizing  testthat  and is intended to contain all the complex computational functionality. Both Shiny app options are organized using modules with a consistent default theme, ability to switch between color theme options and example code for commonly implemented tasks. By developing the complex computations in the R packages and the Shiny app as separate projects, teams can utilize each person's skill set better and simplify the testing thus making a more robust final product. By developing the Shiny app with modules, teams can avoid extremely long single files and allow for sharing customized controls within different pages, make it much easier of using source control technology like GitHub. In addition, the PREP package includes functions to add new tabs and modules to the Shiny app and create new functions with testing setup in the computational package to avoid multiple steps of creating files for new functions and testing. PREP is designed to be used by new package/Shiny developers and is highly customizable for expert users without adding a dependency to your final product.",NA
"rinpharma_164","2020 Conference",NA,"Schedule only",NA,"2020",2020-10-14,"13:10:00","13:20:00",NA,NA,"Coffee",NA,NA,NA,"Unfortunately we do not currently have an abstract, copy of the slides or link to the video to this presentation"
"rinpharma_165","2020 Conference","Non-compartmental pharmacokinetic analysis (NCA) is used in the characteristization of drugs absorption, distribution and elimination in the body. Software that implements NCA is available from commercial and non-commercial, open-source, sources. openNCA is a Pfizer, Inc in-house developed desktop application with enterprise capabilities designed to provide a PK bioanalysis result repository as well as an NCA computation routines. The system is built with modern technologies including Javascript/Typescript, Angular, Electron, Elasticsearch, Modeshape, Splunk, docker and a substantial R code base that implements system functions, configuration, analysis, reporting and user defined functionality. openNCA capabilities include: -Repository/Library/Metadata stores -Data Loading/Merging/Validation -Integration with Clinical Trial operational data -Integration with Patient Information Management System -Data Access controls -Data Transformation -NCA Analysis -RMarkdown and LaTeX Reporting -Shiny Apps -Quality Control -Workflow, Data, Transformation and Analysis Lineage -Navigation and Search -Reporting Event management -Publishing/Data Sharing Design considerations for openNCA include reproducibility, security/integrity, extensibility, discoverability and traceability. Extensibility is a cornerstone characteristic that is enabled through extensive utilization of the application of R scripts and Shiny apps to configure the system functions. The openNCA computation engine R package (https://github.com/tensfeldt/openNCA) for NCA analyses enables some unique capabilities and forms one module of the system and is open-sourced under the MIT license. openNCA, both the R driven application and NCA computation R package, provides an example of an industrial application of R and is represents the in-kind contribution from Pfizer Inc to the intial prototype project of the Pharmaceutical Open Source Software Consortium (POSSC: https://www.possc.org/) to promote industrial support for open-source software development and innovation for the Clinical Pharmacology and Pharmacometrics discipline.","Talk",NA,"2020",2020-10-14,"13:20:00","13:40:00","Thomas Tensfeldt","Pfizer","openNCA Pharmacokinetic data repository and Non-compartmental Analysis System","https://github.com/rinpharma/2020_presentations/tree/master/talks_folder/2020-Tensfeldt-OpenNCA.pptx","https://youtu.be/Dw6HrBUdcmU","Non-compartmental pharmacokinetic analysis (NCA) is used in the characteristization of drugs absorption, distribution and elimination in the body. Software that implements NCA is available from commercial and non-commercial, open-source, sources. openNCA is a Pfizer, Inc in-house developed desktop application with enterprise capabilities designed to provide a PK bioanalysis result repository as well as an NCA computation routines. The system is built with modern technologies including Javascript/Typescript, Angular, Electron, Elasticsearch, Modeshape, Splunk, docker and a substantial R code base that implements system functions, configuration, analysis, reporting and user defined functionality. openNCA capabilities include -Repository/Library/Metadata stores -Data Loading/Merging/Validation -Integration with Clinical Trial operational data -Integration with Patient Information Management System -Data Access controls -Data Transformation -NCA Analysis -RMarkdown and LaTeX Reporting -Shiny Apps -Quality Control -Workflow, Data, Transformation and Analysis Lineage -Navigation and Search -Reporting Event management -Publishing/Data Sharing Design considerations for openNCA include reproducibility, security/integrity, extensibility, discoverability and traceability. Extensibility is a cornerstone characteristic that is enabled through extensive utilization of the application of R scripts and Shiny apps to configure the system functions. The openNCA computation engine R package (https//github.com/tensfeldt/openNCA) for NCA analyses enables some unique capabilities and forms one module of the system and is open-sourced under the MIT license. openNCA, both the R driven application and NCA computation R package, provides an example of an industrial application of R and is represents the in-kind contribution from Pfizer Inc to the intial prototype project of the Pharmaceutical Open Source Software Consortium (POSSC https//www.possc.org/) to promote industrial support for open-source software development and innovation for the Clinical Pharmacology and Pharmacometrics discipline.",NA
"rinpharma_166","2020 Conference","The current paradigm for analyzing clinical trial data is cumbersome: it is an inefficient, slow, and expensive process. Several rounds of iterations between the main programmer and the validation programmer are usually needed to thoroughly explore the data. Furthermore, clinicians and statisticians often would like to explore the data themselves but lack a robust and flexible platform to carry out this data exploration. For instance, they may need to inspect an endpoint for patients with certain genetic markers, to analyze biomarker data, or to create table summaries. To meet these needs, we created tidyCDISC, an open source Shiny application that can be used to generate custom tables, statistics, and figures. The application has three modules: a drag and drop table generator, a graphical population explorer, and a patient history explorer. We've taken a modularized approach to our package to ensure the application can be easily expanded upon to include further analyses and figures. By sharing our application as an open source solution, we hope to help other scientists with similar problems as well as promote collaboration in the pharmaceutical industry.","Talk",NA,"2020",2020-10-14,"13:40:00","13:50:00","Maya Gans | Marly Gotti","Cytel | Biogen","tidyCDISC an Open Source Platform in R to Analyze Clinical Trial Data","https://rmed-tidycdisc.netlify.app/#1","https://youtu.be/XzcMsNr_c0E","The current paradigm for analyzing clinical trial data is cumbersome it is an inefficient, slow, and expensive process. Several rounds of iterations between the main programmer and the validation programmer are usually needed to thoroughly explore the data. Furthermore, clinicians and statisticians often would like to explore the data themselves but lack a robust and flexible platform to carry out this data exploration. For instance, they may need to inspect an endpoint for patients with certain genetic markers, to analyze biomarker data, or to create table summaries. To meet these needs, we created tidyCDISC, an open source Shiny application that can be used to generate custom tables, statistics, and figures. The application has three modules a drag and drop table generator, a graphical population explorer, and a patient history explorer. We've taken a modularized approach to our package to ensure the application can be easily expanded upon to include further analyses and figures. By sharing our application as an open source solution, we hope to help other scientists with similar problems as well as promote collaboration in the pharmaceutical industry.",NA
"rinpharma_167","2020 Conference","In the pharmaceutical industry, a great deal of the data presented in the outputs we create are very similar. For the most part, most of these tables can be broken down into a few categories: Counting for event based variables or categories, shifting to describe changes in state, and descriptive statistics to summarize continuous variables. For many of the tables that go into a clinical submission, at least when considering safety outputs, the tables are made up of a combination of these approaches. Consider a demographics table. When you look at the table, you can begin breaking the output down into smaller, redundant, components. These components can be viewed as 'layers', and the table as a whole is constructed by stacking those layers. Tplyr uses this concept to provide an intuitive framework to building clinical safety summaries.","Talk",NA,"2020",2020-10-14,"13:50:00","14:00:00","Mike Stackhouse","Atorus Research","Tplyr: An Intuitive Framework for Building Clinical Safety Summaries","https://github.com/rinpharma/2020_presentations/tree/master/talks_folder/2020-Stackhouse-Tplyr.pptx","https://youtu.be/bWmfrew7bPk","In the pharmaceutical industry, a great deal of the data presented in the outputs we create are very similar. For the most part, most of these tables can be broken down into a few categories Counting for event based variables or categories, shifting to describe changes in state, and descriptive statistics to summarize continuous variables. For many of the tables that go into a clinical submission, at least when considering safety outputs, the tables are made up of a combination of these approaches. Consider a demographics table. When you look at the table, you can begin breaking the output down into smaller, redundant, components. These components can be viewed as 'layers', and the table as a whole is constructed by stacking those layers. Tplyr uses this concept to provide an intuitive framework to building clinical safety summaries.",NA
"rinpharma_168","2020 Conference",NA,"Talk",NA,"2020",2020-10-14,"14:00:00","14:10:00","Kyle Baron","Metrum Research Group","yspec: an R Package to Create and Deploy Data Set Specification Objects in a Modeling and Simulation Workflow","https://github.com/rinpharma/2020_presentations/tree/master/talks_folder/2020-Baron-yspec.pdf","https://youtu.be/Q7_wFMmwxMs",NA,NA
"rinpharma_169","2020 Conference",NA,"Remarks",NA,"2020",2020-10-14,"14:10:00","14:20:00","Paul Schuette","FDA","Closing Remarks",NA,"https://youtu.be/YxbKkdkTkgw",NA,NA
"rinpharma_170","2020 Conference",NA,"Remarks",NA,"2020",2020-10-15,"10:00:00","10:10:00","Raul Torres","Takeda","Opening Remarks",NA,"https://youtu.be/yKabYEnSBSM",NA,NA
"rinpharma_171","2020 Conference","The Beatles rose to music fame in the 1960's and became a worldwide phenomenon. With millions of screaming fans and selling over 600 million records, they are often cited as one of the most influential rock bands in history. One reason for their fame was their ability to communicate in the middle of songs without using words and without missing a single beat. This led me to consider some of the best collaborations I have been a part of, which are those where the team is in complete alignment and information flows easily from one team member to another. As analysts, it is our job to enhance the ability of teams to communicate with the best tool at our disposal; graphics. Just like Paul and John, our graphics need to communicate without speaking to convey information and help teams make critical decisions about clinical trials. Novartis leverages the potential of R - Shiny to develop interactive tools that engage users to explore their clinical trial data with ease. Although several programs have been impacted with this technology, the goal of reaching the entire drug development portfolio is still a work in progress. This talk will describe our experiences with R - Shiny with some examples. Finally, it should be stressed that creating effective Shiny Apps requires thought, as well as adherence to strong graphical principles. In this vein, we will provide and describe our Graphical Principles Cheat Sheet(TM) that covers many aspects and considerations one should follow when devising either static or dynamic graphics.","Keynote",NA,"2020",2020-10-15,"10:10:00","10:50:00","Douglas Robinson","Novartis","Would John, Paul, George or Ringo have been famous if it were not for The Beatles","https://github.com/rinpharma/2020_presentations/tree/master/talks_folder/2020-Robinson-Would_John_Paul_George_Ringo_Have_Been_Famous_Without_Beatles.pdf","https://youtu.be/y52P2dcug7M","The Beatles rose to music fame in the 1960's and became a worldwide phenomenon. With millions of screaming fans and selling over 600 million records, they are often cited as one of the most influential rock bands in history. One reason for their fame was their ability to communicate in the middle of songs without using words and without missing a single beat. This led me to consider some of the best collaborations I have been a part of, which are those where the team is in complete alignment and information flows easily from one team member to another. As analysts, it is our job to enhance the ability of teams to communicate with the best tool at our disposal; graphics. Just like Paul and John, our graphics need to communicate without speaking to convey information and help teams make critical decisions about clinical trials. Novartis leverages the potential of R - Shiny to develop interactive tools that engage users to explore their clinical trial data with ease. Although several programs have been impacted with this technology, the goal of reaching the entire drug development portfolio is still a work in progress. This talk will describe our experiences with R - Shiny with some examples. Finally, it should be stressed that creating effective Shiny Apps requires thought, as well as adherence to strong graphical principles. In this vein, we will provide and describe our Graphical Principles Cheat Sheet(TM) that covers many aspects and considerations one should follow when devising either static or dynamic graphics.",NA
"rinpharma_172","2020 Conference",NA,"Schedule only",NA,"2020",2020-10-15,"10:50:00","11:00:00",NA,NA,"Coffee",NA,NA,NA,"Unfortunately we do not currently have an abstract, copy of the slides or link to the video to this presentation"
"rinpharma_173","2020 Conference","Julia is a modern programming language that provides the ease of use of R with the speed of C++. Julia has been in development for over 11 years. Research on Julia originated at MIT in 2009. Julia is powered by multiple dispatch - a generalization of both, object oriented programming and functional programming. Julia's multiple dispatch makes it easy to write programs at a high level of abstraction while simultaneously getting high performance. This has led to Julia being used by over 10,000 companies and 1,500 universities worldwide. Pumas, developed in Julia, integrates mechanistic pharmacometric models with Scientific Machine Learning and neural networks. In a recent case study, we demonstrated 175x speedup for a QSP workload. Pumas is designed for every type of analysis scientists perform throughout the drug development lifecycle in one seamless environment. Leveraging Julia's parallel capabilities, Pumas leverages distributed computing and GPUs and runs on the cloud through the JuliaHub platform. These workflows leverage the Julia's database, statistics, and visualization functionality in a single package.","Talk",NA,"2020",2020-10-15,"11:00:00","11:20:00","Viral Shah | Vijay Ivaturi","Julia Computing | Pumas-AI","Julia in Pharma","https://github.com/rinpharma/2020_presentations/tree/master/talks_folder/2020-Shah-Julia_in_Pharma.pdf","https://youtu.be/kPcJ4Xqxrf8","Julia is a modern programming language that provides the ease of use of R with the speed of C++. Julia has been in development for over 11 years. Research on Julia originated at MIT in 2009. Julia is powered by multiple dispatch - a generalization of both, object oriented programming and functional programming. Julia's multiple dispatch makes it easy to write programs at a high level of abstraction while simultaneously getting high performance. This has led to Julia being used by over 10,000 companies and 1,500 universities worldwide. Pumas, developed in Julia, integrates mechanistic pharmacometric models with Scientific Machine Learning and neural networks. In a recent case study, we demonstrated 175x speedup for a QSP workload. Pumas is designed for every type of analysis scientists perform throughout the drug development lifecycle in one seamless environment. Leveraging Julia's parallel capabilities, Pumas leverages distributed computing and GPUs and runs on the cloud through the JuliaHub platform. These workflows leverage the Julia's database, statistics, and visualization functionality in a single package.",NA
"rinpharma_174","2020 Conference","Genetically modified organisms (GMOs) and cell lines are widely used models to estimate the efficacy of drugs and understand mechanism of actions in biopharmaceutical research. As part of characterising these models, DNA sequencing technology and bioinformatics analyses are used systematically to study their genomes. Therefore, large volumes of data are generated and various algorithms are applied to analyse this data, which introduces a challenge on representing all findings in an informative and concise manner. Scientific visualisation can be used to facilitate the explanation of complex genomic editing events such as integration events, deletions, insertions, etc. However, current visualization tools tend to focus on numerical data, ignoring the need to visualise editing events on a larger yet biologically-relevant scale. Thus, we have developed gmoviz, an R package designed to extend traditional bioinformatics workflows used for genomic characterization with powerful visualization capabilities based on the Circos plotting framework. The circular layout used in gmoviz's plots enables users to succinctly display genome-wide information about complex genomic editing events along with contextual biological information to improve the interpretation of findings. The gmoviz package has been developed by utilizing the many features of the Bioconductor ecosystem in order to support several genomic file formats and to seamlessly generate publication-quality figures. Finally, a complex transgenic mouse model, which harbours human gene knock-in, gene knock-outs, segmental insertion, deletion and concatemerisation events, has been used to illustrate the functionality of gmoviz.","Talk",NA,"2020",2020-10-15,"11:20:00","11:30:00","Kathleen Zeglinski","CSL","Seamless Visualisation of Complex Genomic Variations in GMOs and Edited Cell Lines Using gmoviz","https://github.com/rinpharma/2020_presentations/tree/master/talks_folder/2020-Zeglinski-gmoviz.pptx","https://youtu.be/0RAvTYaZ4io","Genetically modified organisms (GMOs) and cell lines are widely used models to estimate the efficacy of drugs and understand mechanism of actions in biopharmaceutical research. As part of characterising these models, DNA sequencing technology and bioinformatics analyses are used systematically to study their genomes. Therefore, large volumes of data are generated and various algorithms are applied to analyse this data, which introduces a challenge on representing all findings in an informative and concise manner. Scientific visualisation can be used to facilitate the explanation of complex genomic editing events such as integration events, deletions, insertions, etc. However, current visualization tools tend to focus on numerical data, ignoring the need to visualise editing events on a larger yet biologically-relevant scale. Thus, we have developed gmoviz, an R package designed to extend traditional bioinformatics workflows used for genomic characterization with powerful visualization capabilities based on the Circos plotting framework. The circular layout used in gmoviz's plots enables users to succinctly display genome-wide information about complex genomic editing events along with contextual biological information to improve the interpretation of findings. The gmoviz package has been developed by utilizing the many features of the Bioconductor ecosystem in order to support several genomic file formats and to seamlessly generate publication-quality figures. Finally, a complex transgenic mouse model, which harbours human gene knock-in, gene knock-outs, segmental insertion, deletion and concatemerisation events, has been used to illustrate the functionality of gmoviz.",NA
"rinpharma_175","2020 Conference","The scope of the paper is to show how to produce a statistical summary report along with explanatory text using R Markdown in RStudio. Programmers write a lot of reports that describe the results of data analyses. There should be a clear and automatic path from data and code to the final report. R Markdown is ideal for this as it is a system for combining code and text into a single document. It is also an efficient, user-friendly tool for producing reports that do not need constant updating. RStudio is often used in the Pharmaceutical and Healthcare industries for analysis and data visualization, and the R Markdown tool can also be leveraged for creating reports and datasets for submission to regulatory agencies. This paper presents an RStudio program that demonstrates how to use R Markdown to generate a statistical table showing adverse events (AE) by system organ class (or preferred term) and severity grade along with text that explains the table. Collecting AE data and performing analysis of AEs is a common and critical part of Clinical Trials. A well-developed reporting system such as one generated with R Markdown, provides a solid foundation and an efficient approach towards a better understanding of what the data represent.","Talk",NA,"2020",2020-10-15,"11:30:00","11:40:00","Radhika Etikala | Xuehan Zhang","Fred Hutch Cancer Research Center | Fred Hutch Cancer Research Center","Using R Markdown to Generate Clinical Trials Summary Reports","https://github.com/rinpharma/2020_presentations/tree/master/talks_folder/2020-Etikala-R_Markdown_Clinical_Trial_Summary_Reports.pptx","https://youtu.be/vpHJuWkdahc","The scope of the paper is to show how to produce a statistical summary report along with explanatory text using R Markdown in RStudio. Programmers write a lot of reports that describe the results of data analyses. There should be a clear and automatic path from data and code to the final report. R Markdown is ideal for this as it is a system for combining code and text into a single document. It is also an efficient, user-friendly tool for producing reports that do not need constant updating. RStudio is often used in the Pharmaceutical and Healthcare industries for analysis and data visualization, and the R Markdown tool can also be leveraged for creating reports and datasets for submission to regulatory agencies. This paper presents an RStudio program that demonstrates how to use R Markdown to generate a statistical table showing adverse events (AE) by system organ class (or preferred term) and severity grade along with text that explains the table. Collecting AE data and performing analysis of AEs is a common and critical part of Clinical Trials. A well-developed reporting system such as one generated with R Markdown, provides a solid foundation and an efficient approach towards a better understanding of what the data represent.",NA
"rinpharma_176","2020 Conference","Data science can be slow. A single round of statistical computation can take several minutes, hours, or even days to complete. The targets R package keeps results up to date and reproducible while minimizing the number of expensive tasks that actually run. The targets package learns how your pipeline fits together, skips costly runtime for steps that are already up to date, runs the rest with optional implicit parallel computing, abstracts files as R objects, and shows tangible evidence that the output matches the underlying code and data. In other words, the package saves time while increasing our ability to trust the conclusions of the research. In addition, it surpasses the most burdensome permanent limitations of its predecessor, drake, to achieve greater efficiency and provide a safer, smoother, friendlier user experience. This talk debuts targets with an example COVID-19 clinical trial simulation study.","Talk",NA,"2020",2020-10-15,"11:40:00","11:50:00","Will Landau","Eli Lilly","Reproducible computation at scale in R with targets","https://wlandau.github.io/rpharma2020/#1","https://youtu.be/GRqKJBaC5g4","Data science can be slow. A single round of statistical computation can take several minutes, hours, or even days to complete. The targets R package keeps results up to date and reproducible while minimizing the number of expensive tasks that actually run. The targets package learns how your pipeline fits together, skips costly runtime for steps that are already up to date, runs the rest with optional implicit parallel computing, abstracts files as R objects, and shows tangible evidence that the output matches the underlying code and data. In other words, the package saves time while increasing our ability to trust the conclusions of the research. In addition, it surpasses the most burdensome permanent limitations of its predecessor, drake, to achieve greater efficiency and provide a safer, smoother, friendlier user experience. This talk debuts targets with an example COVID-19 clinical trial simulation study.",NA
"rinpharma_177","2020 Conference","R and Biocondutor are important tools supporting scientific workflows across early Research and Development at Roche/Genentech. We have a broad R users community, which includes Data Scientists, Software Developers and consumers of Data Products developed with R. The presentation will explain the guiding principles behind the creation and management of computational environments for Research. The first part will show how we provide shared R environments, which enable result reproducibility and provide access to custom compute resources for interactive data analysis workflows. While the second part will demonstrate how we create corresponding environments for software development, including a brief overview of the tooling and infrastructure, which streamlines the development, testing and deployment of R packages and Shiny applications.","Talk",NA,"2020",2020-10-15,"11:50:00","12:00:00","Dariusz Ratman","Roche","Building and Managing Unified R Environments for Data Science and Software Development","https://github.com/rinpharma/2020_presentations/tree/master/talks_folder/2020-Ratman-Unified_R_Environments.pdf","https://youtu.be/H8kG6RZsXFY","R and Biocondutor are important tools supporting scientific workflows across early Research and Development at Roche/Genentech. We have a broad R users community, which includes Data Scientists, Software Developers and consumers of Data Products developed with R. The presentation will explain the guiding principles behind the creation and management of computational environments for Research. The first part will show how we provide shared R environments, which enable result reproducibility and provide access to custom compute resources for interactive data analysis workflows. While the second part will demonstrate how we create corresponding environments for software development, including a brief overview of the tooling and infrastructure, which streamlines the development, testing and deployment of R packages and Shiny applications.",NA
"rinpharma_178","2020 Conference",NA,"Schedule only",NA,"2020",2020-10-15,"12:00:00","12:20:00",NA,NA,"Coffee",NA,NA,NA,"Unfortunately we do not currently have an abstract, copy of the slides or link to the video to this presentation"
"rinpharma_179","2020 Conference","Routinely-collected healthcare databases generated from insurance claims and electronic health records have tremendous potential to provide information on the real-world effectiveness and safety of medical products. However, unmeasured confounding stemming from non-randomized treatments and poorly measured comorbidities remains the greatest obstacle to utilizing these data sources for real-world evidence generation. To reduce unmeasured confounding, data-driven algorithms can be used to leverage the large volume of information in healthcare databases to identify proxy variables for confounders that are either unknown to the investigator or not directly measured in these data sources (proxy confounder adjustment). Evidence has shown that data-driven algorithms for proxy confounder adjustment can supplement investigator-specified variables to improve confounding control compared to adjustment based on investigator-specified variables alone. Consequently, there has been a recent explosion in the development of data-driven methods for high-dimensional proxy confounder adjustment. In this talk, I will discuss recent advancements in data-driven methods for high-dimensional proxy confounder adjustment and their implementation within the R computing environment. I will discuss challenges in assessing the validity of alternative analytic choices to tailor analyses to the given study to improve validity and robustness when estimating treatment effects in healthcare databases.","Talk",NA,"2020",2020-10-15,"12:20:00","12:40:00","Richard Wyss","Harvard University","Automated Data-Adaptive Analytics to Improve Robustness of Confounding Control when Estimating Treatment Effects in Electronic Healthcare Databases","https://github.com/rinpharma/2020_presentations/tree/master/talks_folder/2020-Wyss-Automated_Data_Adaptive_Analytics.pdf","https://youtu.be/-2YpaSgEBmw","Routinely-collected healthcare databases generated from insurance claims and electronic health records have tremendous potential to provide information on the real-world effectiveness and safety of medical products. However, unmeasured confounding stemming from non-randomized treatments and poorly measured comorbidities remains the greatest obstacle to utilizing these data sources for real-world evidence generation. To reduce unmeasured confounding, data-driven algorithms can be used to leverage the large volume of information in healthcare databases to identify proxy variables for confounders that are either unknown to the investigator or not directly measured in these data sources (proxy confounder adjustment). Evidence has shown that data-driven algorithms for proxy confounder adjustment can supplement investigator-specified variables to improve confounding control compared to adjustment based on investigator-specified variables alone. Consequently, there has been a recent explosion in the development of data-driven methods for high-dimensional proxy confounder adjustment. In this talk, I will discuss recent advancements in data-driven methods for high-dimensional proxy confounder adjustment and their implementation within the R computing environment. I will discuss challenges in assessing the validity of alternative analytic choices to tailor analyses to the given study to improve validity and robustness when estimating treatment effects in healthcare databases.",NA
"rinpharma_180","2020 Conference","The use of open-source R is evolving in drug discovery, research and development for study design, data analysis, visualization, and report generation in the pharmaceutical industry. The ability to produce tables, listings and figures (TLFs) in customized rich text format (RTF) using R is crucial to enhance the workflow of using Microsoft Word to assemble analysis results. We developed an R package, r2rtf, that standardizes the approach to generate highly customized TLFs in RTF format. The r2rtf package provides flexibility to customize table appearance for table title, subtitle, column header, footnote, and data source. The table size, border type, color, and line width can be adjusted in each cell as well as column width, row height, text format, font size, text color, alignment, etc. The control of the format can be row or column vectorized by leveraging the vectorization in R. Furthermore, r2rtf provides pagination, section grouping, multiple tables concatenations for complicated table layouts. In this paper, we provide an overview r2rtf workflow with examples for both required and optional easy-to-use functions. Code examples are provided to create customized RTF tables and figures with highlighted features. The open-source r2rtf R package is available at: https://github.com/Merck/r2rtf.","Talk",NA,"2020",2020-10-15,"12:40:00","12:50:00","Yilong Zhang | Siruo Wang | Simiao Ye | Madhusudhan Ginnaram | Keaven Anderson","Merck | Johns Hopkins | Merck | Merck | Merck","r2rtf - a Lightweight R Package to Produce Tables and Figures in RTF Format","https://github.com/rinpharma/2020_presentations/tree/master/talks_folder/2020-Zhang-r2rtf.pdf","https://youtu.be/MNdMME66xBw","The use of open-source R is evolving in drug discovery, research and development for study design, data analysis, visualization, and report generation in the pharmaceutical industry. The ability to produce tables, listings and figures (TLFs) in customized rich text format (RTF) using R is crucial to enhance the workflow of using Microsoft Word to assemble analysis results. We developed an R package, r2rtf, that standardizes the approach to generate highly customized TLFs in RTF format. The r2rtf package provides flexibility to customize table appearance for table title, subtitle, column header, footnote, and data source. The table size, border type, color, and line width can be adjusted in each cell as well as column width, row height, text format, font size, text color, alignment, etc. The control of the format can be row or column vectorized by leveraging the vectorization in R. Furthermore, r2rtf provides pagination, section grouping, multiple tables concatenations for complicated table layouts. In this paper, we provide an overview r2rtf workflow with examples for both required and optional easy-to-use functions. Code examples are provided to create customized RTF tables and figures with highlighted features. The open-source r2rtf R package is available at https//github.com/Merck/r2rtf.",NA
"rinpharma_181","2020 Conference","Identification of subgroups with increased or decreased treatment effect is a challenging topic with several traps and pitfalls. In this project, we would like to establish good practices for subgroup identification, by building a simulation platform that allows for assessment and comparison of different quantitative subgroup identification strategies. Based on that we would like to provide guidance on different technical approaches. In addition, we would like to provide guidance on a recommended workflow for subgroup identification efforts to ensure best practices are used.","Talk",NA,"2020",2020-10-15,"12:50:00","13:00:00","Sophie Sun","Novartis","Subgroup Benchmarking Framework","https://github.com/rinpharma/2020_presentations/tree/master/talks_folder/2020-Sun-Subgroup_Benchmarking.pdf","https://youtu.be/6CBxoxECihs","Identification of subgroups with increased or decreased treatment effect is a challenging topic with several traps and pitfalls. In this project, we would like to establish good practices for subgroup identification, by building a simulation platform that allows for assessment and comparison of different quantitative subgroup identification strategies. Based on that we would like to provide guidance on different technical approaches. In addition, we would like to provide guidance on a recommended workflow for subgroup identification efforts to ensure best practices are used.",NA
"rinpharma_182","2020 Conference","Statistical graphics play an important role in exploratory data analysis, model checking and diagnostics. The lineup protocol (Buja et. al 2009) enables statistical significance testing using visualizations, bridging the gap between exploratory and inferential statistics. We created an R-shiny App that facilitates the user to generate these lineups by using preloaded examples or by uploading their own data. The user can then act as a human judge to select the plot which he/she think has the real data and see if a correct choice is made. If a correct choice is made, it would be enough evidence to believe that the real plot is significantly different from the ""null"" plots. The app also calculates the ""see""-value based on the selections made by multiple independent users which can be used to decide statistical significance. The app supports different types of analysis using continuous, binary or time-to-event response and continuous or categorical predictors.","Talk",NA,"2020",2020-10-15,"13:00:00","13:10:00","Hannah Diehl | Andy Stein | Niladri Roy Chowdhury | Tamara Broderick","MIT | Novartis | Novartis | MIT","The See Value App: Visual Decision Making for Drug Development",NA,NA,"Statistical graphics play an important role in exploratory data analysis, model checking and diagnostics. The lineup protocol (Buja et. al 2009) enables statistical significance testing using visualizations, bridging the gap between exploratory and inferential statistics. We created an R-shiny App that facilitates the user to generate these lineups by using preloaded examples or by uploading their own data. The user can then act as a human judge to select the plot which he/she think has the real data and see if a correct choice is made. If a correct choice is made, it would be enough evidence to believe that the real plot is significantly different from the ""null"" plots. The app also calculates the ""see""-value based on the selections made by multiple independent users which can be used to decide statistical significance. The app supports different types of analysis using continuous, binary or time-to-event response and continuous or categorical predictors.",NA
"rinpharma_183","2020 Conference",NA,"Schedule only",NA,"2020",2020-10-15,"13:10:00","13:20:00",NA,NA,"Coffee",NA,NA,NA,"Unfortunately we do not currently have an abstract, copy of the slides or link to the video to this presentation"
"rinpharma_184","2020 Conference","Predictive modeling is a powerful tool, which amongst other things can be applied for prioritising drug candidates. Limiting the search space needed for target exploration, can reduce costs markedly partly eliminating lab time and expensive kits. Predictive modeling is however not without pitfalls... In this short talk, I will present a (fictive) data science case story, outlining one major challenge in predictive modeling, while demonstrating how to address said challenge.","Talk",NA,"2020",2020-10-15,"13:20:00","13:40:00","Leon Eyrich Jessen","Technical University of Denmark","Its a trap! A data science case story","https://rpubs.com/leonjessen/rpharma2020","https://youtu.be/t2OaQ9jkQ08","Predictive modeling is a powerful tool, which amongst other things can be applied for prioritising drug candidates. Limiting the search space needed for target exploration, can reduce costs markedly partly eliminating lab time and expensive kits. Predictive modeling is however not without pitfalls... In this short talk, I will present a (fictive) data science case story, outlining one major challenge in predictive modeling, while demonstrating how to address said challenge.",NA
"rinpharma_185","2020 Conference","Introduction to the X-Omics Platform (XOP), a digital biomarker research platform for bioinformaticians and other scientist at Merck KGaA. XOP is a validated system for storing, processing, and analyzing ""omics"" data, including RNASeq, DNASeq (whole-exome and whole-genome), digital pathology datasets, and eventually proteomics and other datatypes.","Talk",NA,"2020",2020-10-15,"13:40:00","13:50:00","Stefan Pinkert","Merck","X-Omics Platform","https://github.com/rinpharma/2020_presentations/tree/master/talks_folder/2020-Pinkert-X_Omics_Platform.pdf","https://youtu.be/5mLkY046RKg","Introduction to the X-Omics Platform (XOP), a digital biomarker research platform for bioinformaticians and other scientist at Merck KGaA. XOP is a validated system for storing, processing, and analyzing ""omics"" data, including RNASeq, DNASeq (whole-exome and whole-genome), digital pathology datasets, and eventually proteomics and other datatypes.",NA
"rinpharma_186","2020 Conference","RStudio will share a number of exciting product updates specifically built for pharmaceutical companies","Talk",NA,"2020",2020-10-15,"13:50:00","14:00:00","Sean Lopp","RStudio","RStudio Pharma Updates","https://github.com/rinpharma/2020_presentations/tree/master/talks_folder/2020-Lopp-RStudio_Pharma_Updates.pdf","https://youtu.be/5BpvwgbzHLo","RStudio will share a number of exciting product updates specifically built for pharmaceutical companies",NA
"rinpharma_187","2020 Conference",NA,"Remarks",NA,"2020",2020-10-15,"14:00:00","14:10:00","Joseph Rickert","RStudio","Closing Remarks",NA,NA,NA,"Unfortunately we do not currently have an abstract, copy of the slides or link to the video to this presentation"
"rinpharma_188","2021 Conference",NA,"Workshop",NA,"2021",2021-10-25,"09:00:00","12:00:00","Adrian Waddell","Genentech","Clinical Trials Data Analysis at Roche",NA,NA,NA,"Unfortunately we do not currently have an abstract, copy of the slides or link to the video to this presentation"
"rinpharma_189","2021 Conference",NA,"Workshop",NA,"2021",2021-10-25,"14:00:00","16:00:00","Ted Laderas","DNANexus","Intro Shiny",NA,NA,NA,"Unfortunately we do not currently have an abstract, copy of the slides or link to the video to this presentation"
"rinpharma_190","2021 Conference",NA,"Workshop",NA,"2021",2021-10-26,"09:00:00","12:00:00","Daniel Lee","Generable","Stan: Building a survival model from scratch",NA,NA,NA,"Unfortunately we do not currently have an abstract, copy of the slides or link to the video to this presentation"
"rinpharma_191","2021 Conference",NA,"Workshop",NA,"2021",2021-10-26,"14:00:00","16:00:00","John Coene | David Granjon","Opifex | Novartis","Unleash your Shiny apps with JavaScript",NA,"https://github.com/RinteRface/unleash-shiny-2021",NA,NA
"rinpharma_192","2021 Conference",NA,"Workshop",NA,"2021",2021-10-27,"09:00:00","12:00:00","Devin Pastoor","Metrum Research Group","A case-study driven introduction to the Julia language for R programmers",NA,"https://github.com/metrumresearchgroup/2021-r-in-pharma",NA,NA
"rinpharma_193","2021 Conference",NA,"Workshop",NA,"2021",2021-10-27,"13:00:00","16:00:00","Juliane Manitz | Leigh Alexander","EMD Serono | SomaLogic","Building Tidy R Packages",NA,"https://github.com/jmanitz/Rpharma2021_pkg-dev",NA,NA
"rinpharma_194","2021 Conference",NA,"Workshop",NA,"2021",2021-10-28,"10:00:00","12:30:00","Rich Iannone","RStudio","Clinical Tables in gt",NA,NA,NA,"Unfortunately we do not currently have an abstract, copy of the slides or link to the video to this presentation"
"rinpharma_195","2021 Conference",NA,"Workshop",NA,"2021",2021-10-28,"13:30:00","17:00:00","Yilong Zhang | Nan Xiao | Keaven Anderson","Merck | Merck | Merck","R for Clinical Study Reports and Submission",NA,"https://r4csr.org/",NA,NA
"rinpharma_196","2021 Conference",NA,"Workshop",NA,"2021",2021-10-29,"09:00:00","12:00:00","Jeremy Wildfire | Maya Gans | Xiao Ni","Gilead | Atorus Research | Sarepta","SafetyGraphics",NA,"https://github.com/SafetyGraphics/RPharma2021-Workshop",NA,NA
"rinpharma_197","2021 Conference",NA,"Workshop",NA,"2021",2021-10-29,"15:00:00","17:00:00","Kevin Lee","Genpact","Python Machine Learning NLP",NA,NA,NA,"Unfortunately we do not currently have an abstract, copy of the slides or link to the video to this presentation"
"rinpharma_198","2021 Conference",NA,"Workshop",NA,"2021",2021-11-01,"08:00:00","11:00:00","Stefano Mangiola | Maria Doyle","Walter and Eliza Hall Institute | Peter MacCallum Cancer Centre","tidy-transcriptomics",NA,"https://stemangiola.github.io/bioc2021_tidytranscriptomics/articles/tidytranscriptomics.html",NA,NA
"rinpharma_199","2021 Conference",NA,"Workshop",NA,"2021",2021-11-01,"13:00:00","16:00:00","Kelly O'Briant","RStudio","R Admin - RStudio Connect",NA,NA,NA,"Unfortunately we do not currently have an abstract, copy of the slides or link to the video to this presentation"
"rinpharma_200","2021 Conference",NA,"Remarks",NA,"2021",2021-11-02,"10:00:00","10:10:00","Harvey Lieberman","Novartis","Opening Remarks",NA,"https://youtu.be/gZrDITo4mSE",NA,NA
"rinpharma_201","2021 Conference","The gt package is table preparation package for R which makes the presentation of tabular data fairly easy and also has power to customize tables should you need it. The package has been in continuous development at RStudio for over three years and so it's now a good time to reflect on what's been done, where we are at, and how we can make this package and table publication even better in the future.

I'll provide some background and insight on the decisions made when starting the gt project. We'll go over what gt is capable of doing today. It's indeed a very useful package at this point in time and I'd like to talk about some of the features that make it great. I'll provide some examples of tables that can be made right now.

We want to make even more investments in table generation tooling so, to this end, we are working on a new project that aims to make table rendering easier through software that focuses entirely on rendering (i.e., writing to HTML, LaTeX, and RTF) an intermediate representation (IR) of a table. By doing this, authors of table packages won't have to focus on writing code that renders tables to different formats. Instead, the authors of Pharma-focused table packages could concentrate their efforts on making their APIs even better.","Keynote",NA,"2021",2021-11-02,"10:10:00","10:50:00","Rich Iannone","RStudio","The gt Package: Past, Present, and Future",NA,"https://youtu.be/LwP21KMV3MA","The gt package is table preparation package for R which makes the presentation of tabular data fairly easy and also has power to customize tables should you need it. The package has been in continuous development at RStudio for over three years and so it's now a good time to reflect on what's been done, where we are at, and how we can make this package and table publication even better in the future.  I'll provide some background and insight on the decisions made when starting the gt project. We'll go over what gt is capable of doing today. It's indeed a very useful package at this point in time and I'd like to talk about some of the features that make it great. I'll provide some examples of tables that can be made right now.  We want to make even more investments in table generation tooling so, to this end, we are working on a new project that aims to make table rendering easier through software that focuses entirely on rendering (i.e., writing to HTML, LaTeX, and RTF) an intermediate representation (IR) of a table. By doing this, authors of table packages won't have to focus on writing code that renders tables to different formats. Instead, the authors of Pharma-focused table packages could concentrate their efforts on making their APIs even better.",NA
"rinpharma_202","2021 Conference",NA,"Schedule only",NA,"2021",2021-11-02,"10:50:00","11:00:00",NA,NA,"Break",NA,NA,NA,"Unfortunately we do not currently have an abstract, copy of the slides or link to the video to this presentation"
"rinpharma_203","2021 Conference","R package validation is in all our minds since the pharmaceutical industry started moving away from SAS to R for its statistical analysis and regulatory submissions.  Opting for open source programming requires to revisit our way of validating code, internally but also in a cross-Pharma effort when it comes to CRAN.  Roche will present its approach to R package validation, and share some material for you to apply.","Talk",NA,"2021",2021-11-02,"11:00:00","11:20:00","Coline Zeballos","Roche","R Package Validation at Roche","https://github.com/rinpharma/2021_presentations/tree/master/talks_folder/2021-Zeballos-R_Package_Validation_Roche.pdf","https://youtu.be/xksxuvXVimM","R package validation is in all our minds since the pharmaceutical industry started moving away from SAS to R for its statistical analysis and regulatory submissions.  Opting for open source programming requires to revisit our way of validating code, internally but also in a cross-Pharma effort when it comes to CRAN.  Roche will present its approach to R package validation, and share some material for you to apply.",NA
"rinpharma_204","2021 Conference","Like many other companies, Merck KGaA/EMD Serono has embarked on their journey to enable the use R for regulatory submissions. Following the framework introduced by the R validation hub (Nicholls et al., 2020), we started to develop an algorithm to qualify a CRAN package as a Merck standard package. In a nutshell: If an R package passes the installation qualification and successfully executes available tests, the package will be made available to the user. Then, an automated risk assessment of R packages is performed based on the test coverage score (more is better) and the riskmetric score generated from the meta-information (smaller is better). If pre-defined thresholds are fulfilled, the package is qualified as Merck standard package, otherwise an explicit (manual) risk assessment is needed. In this presentation, we introduce our pathway to a risk-based assessment of R packages at Merck. We provide relevant details on the statistical analysis which led to the definition of thresholds supporting a robust classification of CRAN packages as Merck standard packages. We want to inspire other companies and seek feedback from the community.","Talk",NA,"2021",2021-11-02,"11:20:00","11:30:00","Juliane Manitz","EMD Serono","Statistical Analysis and Pathway to a Risk-based Assessment of R packages at Merck KGaA/EMD Serono","https://github.com/rinpharma/2021_presentations/tree/master/talks_folder/2021-Manitz-Risk_Based_Assessment.pdf","https://youtu.be/g_rAoiDf_ac","Like many other companies, Merck KGaA/EMD Serono has embarked on their journey to enable the use R for regulatory submissions. Following the framework introduced by the R validation hub (Nicholls et al., 2020), we started to develop an algorithm to qualify a CRAN package as a Merck standard package. In a nutshell If an R package passes the installation qualification and successfully executes available tests, the package will be made available to the user. Then, an automated risk assessment of R packages is performed based on the test coverage score (more is better) and the riskmetric score generated from the meta-information (smaller is better). If pre-defined thresholds are fulfilled, the package is qualified as Merck standard package, otherwise an explicit (manual) risk assessment is needed. In this presentation, we introduce our pathway to a risk-based assessment of R packages at Merck. We provide relevant details on the statistical analysis which led to the definition of thresholds supporting a robust classification of CRAN packages as Merck standard packages. We want to inspire other companies and seek feedback from the community.",NA
"rinpharma_205","2021 Conference","In the safety analysis of clinical trials, the forest plot plays an important role. Currently, most of the forest plots are static, which makes them non-reader-friendly to Data Monitoring Committee (DMC). In this project, we propose an R package - forestly - to realize interactive forest plots. There are five fancy interactive features. First, users can apply filters to filter out the adverse event (AE) category of interest, for example, the serious AE, drug-related AE, AE with toxicity grade 3-5, etc... Second, the filtered AE summary tables can be downloaded as .rft files. Third, subject-level details can be drilled down by clicking the downward triangle bottom. Forth, labels can be revealed by hovering the mouse over a point. Fifth, search bars are embedded for users to quickly find an AE of interest.","Talk",NA,"2021",2021-11-02,"11:30:00","11:40:00","Yujie Zhao | Xuan Deng | Benjamin Wang | Yilong Zhang","Merck | Merck | Merck | Merck","Interactive Forest Plot for DMC Safety Monitoring in Clinical Trials",NA,"https://youtu.be/HICBeSqD6kI","In the safety analysis of clinical trials, the forest plot plays an important role. Currently, most of the forest plots are static, which makes them non-reader-friendly to Data Monitoring Committee (DMC). In this project, we propose an R package - forestly - to realize interactive forest plots. There are five fancy interactive features. First, users can apply filters to filter out the adverse event (AE) category of interest, for example, the serious AE, drug-related AE, AE with toxicity grade 3-5, etc... Second, the filtered AE summary tables can be downloaded as .rft files. Third, subject-level details can be drilled down by clicking the downward triangle bottom. Forth, labels can be revealed by hovering the mouse over a point. Fifth, search bars are embedded for users to quickly find an AE of interest.",NA
"rinpharma_206","2021 Conference","abstract to follow","Talk",NA,"2021",2021-11-02,"11:40:00","12:00:00","Thomas Neitmann | Teckla Akinyi","Roche | GlaxoSmithKline","Introducing {admiral}—The ADaM in R Asset Library","https://github.com/rinpharma/2021_presentations/tree/master/talks_folder/2021-Neitmann-Admiral.pptx","https://youtu.be/N7Bw8c3D5fU","abstract to follow",NA
"rinpharma_207","2021 Conference",NA,"Schedule only",NA,"2021",2021-11-02,"12:00:00","12:20:00",NA,NA,"Break",NA,NA,NA,"Unfortunately we do not currently have an abstract, copy of the slides or link to the video to this presentation"
"rinpharma_208","2021 Conference","abstract to follow","Talk",NA,"2021",2021-11-02,"12:20:00","12:40:00","Volha Tryputsen | Wilson Tendong | Kathy Mutambanengwe","Janssen | Janssen | OpenAnalytics","R/Shiny tools for Immune Fitness Exploration","https://github.com/rinpharma/2021_presentations/tree/master/talks_folder/2021-Tryputsen-Immune_Fitness_Exploration.pdf","https://youtu.be/1P4xv8wIWTA","abstract to follow",NA
"rinpharma_209","2021 Conference","In this short talk I will present few packages that can be used inside package testing framework that will help to increase overall quality of a package. The main point of focus would be static R code analysis tools such as well-known {{codetools}} or {{lintr}} and also less popular packages such as {{prefixer}}. For each of them, I am going to give a short introduction, present its configuration capabilities and how to use them within {{testthat}} framework.","Talk",NA,"2021",2021-11-02,"12:40:00","12:50:00","Pawel Rucki","Roche","5 testing packages to make your package better!","https://github.com/rinpharma/2021_presentations/tree/master/talks_folder/2021-Rucki-5_Testing_Packages.pptx","https://youtu.be/Oi79JiY1sA4","In this short talk I will present few packages that can be used inside package testing framework that will help to increase overall quality of a package. The main point of focus would be static R code analysis tools such as well-known   codetools   or   lintr   and also less popular packages such as   prefixer  . For each of them, I am going to give a short introduction, present its configuration capabilities and how to use them within   testthat   framework.",NA
"rinpharma_210","2021 Conference","Detailed exploration of large transcriptomics datasets, increasingly available at single-cell resolution, is a time-consuming task which often requires the complementary skill sets of data analysts and experimental scientists to complete analyses and interpretation in an efficient manner. The iSEE (Interactive SummarizedExperiment Explorer) R/Bioconductor software package (https://bioconductor.org/packages/iSEE/), built on the shiny R framework, provides a general-purpose graphical interface for exploring any rectangular dataset with additional sample and feature annotations, such as single-cell RNA-seq data. Users can create, configure, and interact with the iSEE interface, enabling quick iterations of data visualization. This facilitates generation of new scientific hypotheses and insights into biological phenomena, and empowers a wide range of researchers to explore their data in depth. iSEE also guarantees the reproducibility of the analysis, by reporting the code generating all the output elements as well as the layout and configuration of the user interface. The combination of interactivity and reproducibility makes iSEE an ideal candidate to bridge and complement the expertise of researchers, who are able to design flexible, accessible, and robust dashboards that can also be directly shared and deployed in collaborative contexts - connecting large data collections to broad audiences, thus further increasing the value of generated research data.","Talk",NA,"2021",2021-11-02,"12:50:00","13:00:00","Charlotte Soneson | Kevin Rue-Albrecht | Federico Marini | Aaron Lun","Friedrich Miescher Institute | Friedrich Miescher Institute | Friedrich Miescher Institute | Friedrich Miescher Institute","Interactive and collaborative exploration of large-scale transcriptomics data with iSEE","https://github.com/rinpharma/2021_presentations/tree/master/talks_folder/2021-Soneson-Large_Scale_Transcriptomics.pdf","https://youtu.be/SZT94n5vnwA","Detailed exploration of large transcriptomics datasets, increasingly available at single-cell resolution, is a time-consuming task which often requires the complementary skill sets of data analysts and experimental scientists to complete analyses and interpretation in an efficient manner. The iSEE (Interactive SummarizedExperiment Explorer) R/Bioconductor software package (https//bioconductor.org/packages/iSEE/), built on the shiny R framework, provides a general-purpose graphical interface for exploring any rectangular dataset with additional sample and feature annotations, such as single-cell RNA-seq data. Users can create, configure, and interact with the iSEE interface, enabling quick iterations of data visualization. This facilitates generation of new scientific hypotheses and insights into biological phenomena, and empowers a wide range of researchers to explore their data in depth. iSEE also guarantees the reproducibility of the analysis, by reporting the code generating all the output elements as well as the layout and configuration of the user interface. The combination of interactivity and reproducibility makes iSEE an ideal candidate to bridge and complement the expertise of researchers, who are able to design flexible, accessible, and robust dashboards that can also be directly shared and deployed in collaborative contexts - connecting large data collections to broad audiences, thus further increasing the value of generated research data.",NA
"rinpharma_211","2021 Conference","We ALL have a tendency to solve problems with solutions that may be far from optimal. How does this tendency shape our Scientific Software Architecture?  
What are the long-term consequences of that?  
What pushes us towards sub-optimal solutions? What prevents us from reaching the optimal ones?  
Are there better solutions that we are missing?  
How could we make sure we do not miss potentially superior solutions?  
How those superior solutions could help us achieve our mission in a more efficient way? 

I will try to answer those questions in the context of an exemplary scientific software architecture which evolves over time and with the help from recently published outcomes of problem-solving experiments.","Talk",NA,"2021",2021-11-02,"13:00:00","13:10:00","Kamil Wais","7N","The Arithmetic Problems in Scientific Software Architecture",NA,"https://youtu.be/b3kEcKMpKLo","We ALL have a tendency to solve problems with solutions that may be far from optimal. How does this tendency shape our Scientific Software Architecture?   What are the long-term consequences of that?   What pushes us towards sub-optimal solutions? What prevents us from reaching the optimal ones?   Are there better solutions that we are missing?   How could we make sure we do not miss potentially superior solutions?   How those superior solutions could help us achieve our mission in a more efficient way?   I will try to answer those questions in the context of an exemplary scientific software architecture which evolves over time and with the help from recently published outcomes of problem-solving experiments.",NA
"rinpharma_212","2021 Conference",NA,"Schedule only",NA,"2021",2021-11-02,"13:10:00","13:20:00",NA,NA,"Break",NA,NA,NA,"Unfortunately we do not currently have an abstract, copy of the slides or link to the video to this presentation"
"rinpharma_213","2021 Conference","How do you roll out R to hundreds of colleagues, ensuring that the version you're providing is tested, qualified and well managed? Is it possible to ensure that everyone is using the same version of R and packages? How do you account for differences between departments and groups in which R packages they need? How do you minimise effort so that you're not perpetually in the process of qualifying and deploying R and packages? How do you balance the need to be flexible and allow colleagues to try new R packages and methods, versus having R under strict version and change control to ensure that their results are submission ready and reproducible in the long term?  In this talk we'll discuss how we're trying to achieve this at Pfizer.","Talk",NA,"2021",2021-11-02,"13:20:00","13:40:00","Mike Smith","Pfizer","There’s only one R in Pfizer. Attempts to harmonise R release across a large pharma organisation",NA,"https://youtu.be/bnRdI6jvGpM","How do you roll out R to hundreds of colleagues, ensuring that the version you're providing is tested, qualified and well managed? Is it possible to ensure that everyone is using the same version of R and packages? How do you account for differences between departments and groups in which R packages they need? How do you minimise effort so that you're not perpetually in the process of qualifying and deploying R and packages? How do you balance the need to be flexible and allow colleagues to try new R packages and methods, versus having R under strict version and change control to ensure that their results are submission ready and reproducible in the long term?  In this talk we'll discuss how we're trying to achieve this at Pfizer.",NA
"rinpharma_214","2021 Conference","The CDISC-SEND data standard has created new opportunities for collaborative development of open-source software solutions to facilitate cross-study analyses of toxicology study data. A public private partnership between BioCelerate and FDA/CDER was established in part to develop and publicize novel methods of extracting value from SEND datasets. As part of this work in collaboration with PHUSE, an R package, sendigR, has been developed to enable end users to easily construct a relational database from any collection of SEND datasets and then query that database to perform cross-study analyses. The package includes an R Shiny application with a graphical user interface, allowing users who are not familiar with the R programming language to perform cross-study analysis. Experienced R programmers, on the other hand, will be able to integrate the package functions into their own custom scripts/packages and potentially contribute improvements to the functionality of sendigR.","Talk",NA,"2021",2021-11-02,"13:40:00","13:50:00","Kevin Snyder","FDA","SENDing Toxicology Study Data Analysis into the 21st Century with a New R Package: sendigR.","https://github.com/rinpharma/2021_presentations/tree/master/talks_folder/2021-Snyder-SENDing_Toxicology_Study_Data_Analysis.pptx","https://youtu.be/OHsxdDY0xrQ","The CDISC-SEND data standard has created new opportunities for collaborative development of open-source software solutions to facilitate cross-study analyses of toxicology study data. A public private partnership between BioCelerate and FDA/CDER was established in part to develop and publicize novel methods of extracting value from SEND datasets. As part of this work in collaboration with PHUSE, an R package, sendigR, has been developed to enable end users to easily construct a relational database from any collection of SEND datasets and then query that database to perform cross-study analyses. The package includes an R Shiny application with a graphical user interface, allowing users who are not familiar with the R programming language to perform cross-study analysis. Experienced R programmers, on the other hand, will be able to integrate the package functions into their own custom scripts/packages and potentially contribute improvements to the functionality of sendigR.",NA
"rinpharma_215","2021 Conference","Panel Discussion - Validation","Panel",NA,"2021",2021-11-02,"13:50:00","14:20:00","Panel Discussion - Validation","various","Panel Discussion - Validation",NA,NA,"Panel Discussion - Validation",NA
"rinpharma_216","2021 Conference",NA,"Remarks",NA,"2021",2021-11-03,"10:00:00","10:10:00","Chirag Patel","Harvard Medical School","Opening Remarks",NA,"https://youtu.be/M8tQqj_hu6U",NA,NA
"rinpharma_217","2021 Conference","In this talk, we will be discussing an architecturally and bioinformatically multi-layered integrative multiomic approach to the development of target hypotheses.

Scientists work to help pharmaceutical companies advance towards the identification of potent therapeutics on a daily basis.  In some scenarios, biological scientists can develop therapeutic tools without a specific target in mind.  In this case, they would like to generate a list of potential targets for their tools, within a given set of parameters for the delivery.  However, combing through all of the appropriate databases to find these targets that have the appropriate molecular biology characteristics, viable mouse models that recapitulate the human disease phenotypes, and pathologies in the tissues of interest, to generate this list is very difficult to perform manually.

This work requires making recursive decisions from the present wealth of biological literature and its data at scale.  Such decision-making is a herculean task that requires the simultaneous propagated joins of annotated entity catalogs (genes, knockout mice, diseases, structured vocabulary terms, etc.) and, orthogonally, recursive filtration of hierarchical associations between those entities and controlled biomedical vocabularies.

To streamline and accelerate this process, we used public data repositories (Uniprot, National Center for Biotechnology Information, International Mouse Phenotyping Consortium, Online Mendelian Inheritance in Man), ontologies (Gene Ontology, Mammalian Phenotype Ontology, Human Phenotype Ontology), and their multi-species (mouse, human) entity annotations to populate and index a MySQL relational database and a Neo4j graph database with their descriptive and relational properties.

We then built an API (application programming interface) via the plumber package for R to dynamically generate optimized SQL and Neo4j Cypher queries that interact with the MySQL database, via the RMariaDB package for R, and the Neo4j graph database, via the neo4r package for R, to fuse data across the ingested biomedical repository data and use the yielded results to generate parseable JSON objects.

Finally, we built a user-friendly shiny app for constructing and submitting queries via the API, parsing the JSON API outputs, and providing interactive network visualizations of the queries via the VisNet package for R, in-depth explanations of how the results were generated, and links to external resources for further relevant scientific data.  We delivered this app to fellow scientist collaborators via RStudio Connect, enabling these biologists to, within milliseconds, leverage high-dimensional, multi-species relationships to identify potential targets.","Keynote",NA,"2021",2021-11-03,"10:10:00","10:50:00","Regis James","Regeneron","Intermap: An integrative multiomics approach to generating therapeutic target hypotheses","https://github.com/rinpharma/2021_presentations/tree/master/talks_folder/2021-James-Intermap.pdf","https://youtu.be/fHO6PpJoL2k","In this talk, we will be discussing an architecturally and bioinformatically multi-layered integrative multiomic approach to the development of target hypotheses.  Scientists work to help pharmaceutical companies advance towards the identification of potent therapeutics on a daily basis.  In some scenarios, biological scientists can develop therapeutic tools without a specific target in mind.  In this case, they would like to generate a list of potential targets for their tools, within a given set of parameters for the delivery.  However, combing through all of the appropriate databases to find these targets that have the appropriate molecular biology characteristics, viable mouse models that recapitulate the human disease phenotypes, and pathologies in the tissues of interest, to generate this list is very difficult to perform manually.  This work requires making recursive decisions from the present wealth of biological literature and its data at scale.  Such decision-making is a herculean task that requires the simultaneous propagated joins of annotated entity catalogs (genes, knockout mice, diseases, structured vocabulary terms, etc.) and, orthogonally, recursive filtration of hierarchical associations between those entities and controlled biomedical vocabularies.  To streamline and accelerate this process, we used public data repositories (Uniprot, National Center for Biotechnology Information, International Mouse Phenotyping Consortium, Online Mendelian Inheritance in Man), ontologies (Gene Ontology, Mammalian Phenotype Ontology, Human Phenotype Ontology), and their multi-species (mouse, human) entity annotations to populate and index a MySQL relational database and a Neo4j graph database with their descriptive and relational properties.  We then built an API (application programming interface) via the plumber package for R to dynamically generate optimized SQL and Neo4j Cypher queries that interact with the MySQL database, via the RMariaDB package for R, and the Neo4j graph database, via the neo4r package for R, to fuse data across the ingested biomedical repository data and use the yielded results to generate parseable JSON objects.  Finally, we built a user-friendly shiny app for constructing and submitting queries via the API, parsing the JSON API outputs, and providing interactive network visualizations of the queries via the VisNet package for R, in-depth explanations of how the results were generated, and links to external resources for further relevant scientific data.  We delivered this app to fellow scientist collaborators via RStudio Connect, enabling these biologists to, within milliseconds, leverage high-dimensional, multi-species relationships to identify potential targets.",NA
"rinpharma_218","2021 Conference",NA,"Schedule only",NA,"2021",2021-11-03,"10:50:00","11:00:00",NA,NA,"Break",NA,NA,NA,"Unfortunately we do not currently have an abstract, copy of the slides or link to the video to this presentation"
"rinpharma_219","2021 Conference","Tidymodels has begun to create tools for modeling event time data. This will include methods for fitting, resampling, and characterizing models with censored outcomes. This talk will describe our design goals, show some syntax for modeling, and describe subsequent additions to tidymodels.","Talk",NA,"2021",2021-11-03,"11:00:00","11:20:00","Max Kuhn | Hannah Frick","RStudio | RStudio","Survival analysis with tidymodels: The censored package",NA,"https://youtu.be/orAlJ321hOc","Tidymodels has begun to create tools for modeling event time data. This will include methods for fitting, resampling, and characterizing models with censored outcomes. This talk will describe our design goals, show some syntax for modeling, and describe subsequent additions to tidymodels.",NA
"rinpharma_220","2021 Conference","Drug repositioning is an area of growing interest in drug development that can accelerate the discovery of new treatment options to benefit patients worldwide. Briefly, drug repositioning refers to the systematic investigation of a novel disease indication for a drug molecule. Drug repositioning can be accelerated using various tools and technologies, including intelligent dashboards, data integration and human-in-the-loop machine learning.  A typical drug repositioning investigation generates a large amount that often needs to be linked and interpreted using a visual grammar familiar to various scientific groups leading drug repositioning investigation. We developed OneView - a shiny app that enables seamless integration, computing and visualization to accelerate drug repositioning investigations.  As in many clinical and pre-clinical projects, the problem that OneView tries to solve is to connect biologists and clinicians with the data in a meaningful way. The core data behind the dashboard are from an analysis comparing transcriptomic signatures of drug molecules with hundreds of disease transcriptomic signatures, creating connections between a compound and diseases based on an inverse correlation between the transcriptomic signatures. To fully understand the significance of the relationships, OneView provides a dynamic dashboard enabling scientists to filter/search within the data, follow connections through multiple datasets, and provide meaningful interactive visualizations.  We have incorporated additional data from several internal knowledge repositories to find further evidence to substantiate potential links between a compound and a disease.  
From a technical aspect, the most challenging part has been visualizing the data in the best way. A lot of the interesting information is in the standard connections of different elements in the data - such as common genes in multiple mappings between compound and disease signatures. In many cases, network plots were too busy to display those connections meaningfully. Instead, UpSet plots were found the best way to visualize interactions between multiple sets. While several packages are implementing UpSet plots in R, none of them allowed for interactive visualizations. To allow interaction with the visualization and further drilling down the data by selecting bars in the graph, we implemented our version of UpSet plots using the JavaScript library D3.","Talk",NA,"2021",2021-11-03,"11:20:00","11:30:00","Monika Huhn | Saleha Patel | Kalliopi Tsafou | Björn Magnusson | Elke Ericson | Wen Yu | Eliseo Papa | Stefano Bragaglia | Claire Donoghue | Faisal Khan | Hitesh Sanganee | Shameer Khader | Adrian Freeman","AstraZeneca | AstraZeneca | AstraZeneca | AstraZeneca | AstraZeneca | AstraZeneca | AstraZeneca | AstraZeneca | AstraZeneca | AstraZeneca | AstraZeneca | AstraZeneca | AstraZeneca","OneView – A Shiny app to unlock the full potential of drug repositioning investigations","https://github.com/rinpharma/2021_presentations/tree/master/talks_folder/2021-Huhn-OneView.html","https://youtu.be/vgvLs98yTIM","Drug repositioning is an area of growing interest in drug development that can accelerate the discovery of new treatment options to benefit patients worldwide. Briefly, drug repositioning refers to the systematic investigation of a novel disease indication for a drug molecule. Drug repositioning can be accelerated using various tools and technologies, including intelligent dashboards, data integration and human-in-the-loop machine learning.  A typical drug repositioning investigation generates a large amount that often needs to be linked and interpreted using a visual grammar familiar to various scientific groups leading drug repositioning investigation. We developed OneView - a shiny app that enables seamless integration, computing and visualization to accelerate drug repositioning investigations.  As in many clinical and pre-clinical projects, the problem that OneView tries to solve is to connect biologists and clinicians with the data in a meaningful way. The core data behind the dashboard are from an analysis comparing transcriptomic signatures of drug molecules with hundreds of disease transcriptomic signatures, creating connections between a compound and diseases based on an inverse correlation between the transcriptomic signatures. To fully understand the significance of the relationships, OneView provides a dynamic dashboard enabling scientists to filter/search within the data, follow connections through multiple datasets, and provide meaningful interactive visualizations.  We have incorporated additional data from several internal knowledge repositories to find further evidence to substantiate potential links between a compound and a disease.   From a technical aspect, the most challenging part has been visualizing the data in the best way. A lot of the interesting information is in the standard connections of different elements in the data - such as common genes in multiple mappings between compound and disease signatures. In many cases, network plots were too busy to display those connections meaningfully. Instead, UpSet plots were found the best way to visualize interactions between multiple sets. While several packages are implementing UpSet plots in R, none of them allowed for interactive visualizations. To allow interaction with the visualization and further drilling down the data by selecting bars in the graph, we implemented our version of UpSet plots using the JavaScript library D3.",NA
"rinpharma_221","2021 Conference","RNA-seq transcriptome analysis workflows often generate the essential information (data and results) distributed among a variety of different tabular files and formats, e.g. raw and normalized expression values, results of differential gene expression analysis, or functional enrichment analysis. The efficient interpretation of the results can be hampered due to this fragmentation, and the same can happen even when providing static analysis reports. 
We developed the GeneTonic package (https://bioconductor.org/packages/GeneTonic/), containing a Shiny application which provides an efficient and interactive solution to combine the results of RNA-seq analysis. GeneTonic assists users in the identification of relevant functional patterns, as well as their contextualization in the data and results at hand, with interactivity (to make the analysis simple and accessible) and reproducibility (via RMarkdown reports) to simplify the integration of all components and communication of results. 
With GeneTonic, researchers can generate a variety of visualizations, including bird’s eye perspective summaries (with interactive bipartite gene-geneset graphs or enrichment maps) as well as detailed information and visualizations of individual genes and gene-sets. These can be further inspected via drill-down actions that display additional content in specific elements of the user interface, streamlining analysis, interpretation, and knowledge extraction of transcriptome data for a broad spectrum of collaborating scientists. 
(https://doi.org/10.1101/2021.05.19.444862)","Talk",NA,"2021",2021-11-03,"11:30:00","11:40:00","Annekathrin Ludt","IMBEI","GeneTonic: enjoying the interpretation of your RNA-seq data analysis","https://github.com/rinpharma/2021_presentations/tree/master/talks_folder/2021-Ludt-GeneTonic.pptx","https://youtu.be/9jRr62u_Kz8","RNA-seq transcriptome analysis workflows often generate the essential information (data and results) distributed among a variety of different tabular files and formats, e.g. raw and normalized expression values, results of differential gene expression analysis, or functional enrichment analysis. The efficient interpretation of the results can be hampered due to this fragmentation, and the same can happen even when providing static analysis reports.  We developed the GeneTonic package (https//bioconductor.org/packages/GeneTonic/), containing a Shiny application which provides an efficient and interactive solution to combine the results of RNA-seq analysis. GeneTonic assists users in the identification of relevant functional patterns, as well as their contextualization in the data and results at hand, with interactivity (to make the analysis simple and accessible) and reproducibility (via RMarkdown reports) to simplify the integration of all components and communication of results.  With GeneTonic, researchers can generate a variety of visualizations, including bird’s eye perspective summaries (with interactive bipartite gene-geneset graphs or enrichment maps) as well as detailed information and visualizations of individual genes and gene-sets. These can be further inspected via drill-down actions that display additional content in specific elements of the user interface, streamlining analysis, interpretation, and knowledge extraction of transcriptome data for a broad spectrum of collaborating scientists.  (https//doi.org/10.1101/2021.05.19.444862)",NA
"rinpharma_222","2021 Conference","In this talk, we would like to provide updates on the four biopharmaceutical industry focused R consortium cross-industry working groups. These working groups have a similar overall objective to support the use of R within the biopharmaceutical industry, with complementary scopes. We would also like to call for volunteers for these three working groups (these working groups are open to everyone).

R-based submission pilots to FDA: provide example R-submission materials to the public, identify potential gaps in R based submissions  - Presenter: Ning Leng (Roche).  

R table for regulatory reporting: develop packages and white papers for generating tables in R to fulfill regulatory requirements - Presenter: Adrian Waddell (Roche).  

R certificates: R trainings and certification for the SAS->R transition - Presenter: Kate Ostbye (SCHARP).  

R adoption series: A series of webinars focusing on adoption of R - Presenter: Andy Nicholls (GSK).","Talk",NA,"2021",2021-11-03,"11:40:00","12:00:00","Ning Leng | Adrian Waddell | Kate Ostbye | Andy Nicholls","Genentech | Roche | SCHARP | GlaxoSmithKline","R Consortium Pharma Working Groups Overview and Updates",NA,"https://youtu.be/oTjeYOrrTOY","In this talk, we would like to provide updates on the four biopharmaceutical industry focused R consortium cross-industry working groups. These working groups have a similar overall objective to support the use of R within the biopharmaceutical industry, with complementary scopes. We would also like to call for volunteers for these three working groups (these working groups are open to everyone).  R-based submission pilots to FDA provide example R-submission materials to the public, identify potential gaps in R based submissions  - Presenter Ning Leng (Roche).    R table for regulatory reporting develop packages and white papers for generating tables in R to fulfill regulatory requirements - Presenter Adrian Waddell (Roche).    R certificates R trainings and certification for the SAS->R transition - Presenter Kate Ostbye (SCHARP).    R adoption series A series of webinars focusing on adoption of R - Presenter Andy Nicholls (GSK).",NA
"rinpharma_223","2021 Conference",NA,"Schedule only",NA,"2021",2021-11-03,"12:00:00","12:20:00",NA,NA,"Break",NA,NA,NA,"Unfortunately we do not currently have an abstract, copy of the slides or link to the video to this presentation"
"rinpharma_224","2021 Conference","Terms like ""digitalization"", ""machine learning (ML)"" or ""artificial intelligence (AI)"" are more than just buzzwords these days. Databases are analyzed worldwide with modern algorithms and entire industries are making data-driven decisions at an even faster pace. In Pharma, it is not enough to get the prediction (the what). The model must also explain how it came to the prediction (the why). ML models can only be debugged and audited when they can be interpreted, which then allows for fairness, robustness and trust. Presently, however, the amount, complexity, variety, and speed of clinical data runs the risk of leaving us knowing less about our compounds than regulatory bodies. While the capabilities of ML and AI have received much attention, their role in clinical development has now moved from the theoretical to practical application stage. Using industrialized ML/AI tools, can detect clinically relevant, highly complex safety/efficacy signals that are not identifiable via classical approaches that force hypotheses on the data. By deriving the best hypothesis given the data, ML is currently the best available methodology to create holistic mathematical models of complex (biological) systems using all available data and variables while complementing findings from classical approaches.
We, the Biomarker & Data Insight Group at Bayer, have developed a MLAI pipeline in R. Our MLAI pipeline is comprised of four core-modules (data preprocessing, modeling / hyperparameter tuning, higher order interaction analysis and reporting) using most of the available data of late phase trails covering standard endpoint types (time-to-event, class and continuous.). Each core module has its own created internal R package integrating several R packages (e.g. tidyverse, tidymodels, mlr3, iml, Rmarkdown, Shiny,...). The pipeline is an industrialized, mature and validated software product with continuous delivery and continuous deployment.
Something special about this pipeline is that we have the effort to open the ""black box"" using explainable AI. With these extra tools, we can understand better why a certain variable is relevant for the prediction, reveal the nature of its relationship (monotonic or non-monotonic) with the outcome, and make the ML results more understandable and meaningful for clinicians.","Talk",NA,"2021",2021-11-03,"12:20:00","12:40:00","Adam Skubala","Bayer","Industrialized Machine Learning and Explainable AI for Late Phase Trails","https://github.com/rinpharma/2021_presentations/tree/master/talks_folder/2021-Skubala-Industrialized_ML.pdf","https://youtu.be/4YDDXQFCdwE","Terms like ""digitalization"", ""machine learning (ML)"" or ""artificial intelligence (AI)"" are more than just buzzwords these days. Databases are analyzed worldwide with modern algorithms and entire industries are making data-driven decisions at an even faster pace. In Pharma, it is not enough to get the prediction (the what). The model must also explain how it came to the prediction (the why). ML models can only be debugged and audited when they can be interpreted, which then allows for fairness, robustness and trust. Presently, however, the amount, complexity, variety, and speed of clinical data runs the risk of leaving us knowing less about our compounds than regulatory bodies. While the capabilities of ML and AI have received much attention, their role in clinical development has now moved from the theoretical to practical application stage. Using industrialized ML/AI tools, can detect clinically relevant, highly complex safety/efficacy signals that are not identifiable via classical approaches that force hypotheses on the data. By deriving the best hypothesis given the data, ML is currently the best available methodology to create holistic mathematical models of complex (biological) systems using all available data and variables while complementing findings from classical approaches. We, the Biomarker & Data Insight Group at Bayer, have developed a MLAI pipeline in R. Our MLAI pipeline is comprised of four core-modules (data preprocessing, modeling / hyperparameter tuning, higher order interaction analysis and reporting) using most of the available data of late phase trails covering standard endpoint types (time-to-event, class and continuous.). Each core module has its own created internal R package integrating several R packages (e.g. tidyverse, tidymodels, mlr3, iml, Rmarkdown, Shiny,...). The pipeline is an industrialized, mature and validated software product with continuous delivery and continuous deployment. Something special about this pipeline is that we have the effort to open the ""black box"" using explainable AI. With these extra tools, we can understand better why a certain variable is relevant for the prediction, reveal the nature of its relationship (monotonic or non-monotonic) with the outcome, and make the ML results more understandable and meaningful for clinicians.",NA
"rinpharma_225","2021 Conference","abstract to follow","Talk",NA,"2021",2021-11-03,"12:40:00","12:50:00","Donald Musgrove | Tarek Haddad | Martin Fahey","Medtronic | Medtronic | Medtronic","bayesDP - an R package for data augmentation using the Bayesian discount prior for clinical trials",NA,"https://youtu.be/youXxTgYvIs","abstract to follow",NA
"rinpharma_226","2021 Conference","abstract to follow","Talk",NA,"2021",2021-11-03,"12:50:00","13:00:00","Ben Straub | Eli Miller","GSK | Atorus Research","Closing the Gap: Creating an End to End R Package Toolkit for the Clinical Reporting Pipeline",NA,"https://youtu.be/NW9qp5QOlIU","abstract to follow",NA
"rinpharma_227","2021 Conference","R and Python compose the fundamental tools used by data scientists across industries including pharma and biotech. With a rich set of analytical packages in both language domains, analysts who are able to work with both possess a significantly larger selection of tools in their toolbox compared to single language analysts. To consolidate these camps, the reticulate package has played a fundamental and critical role in enabling the direct use of Python from the R console. Additionally, integration of Python capabilities into the RStudio IDE allows single point of access to both languages and their integration. Once a Python module or class is imported, however, accessing methods and attributes from R requires the usage of the $ operator in a way that is not completely consistent with typical R code and creates challenges for integration of objects or models developed in both languages. The result can become a mixture of R-esque and Python-like code that can resemble two different language structures, despite the efforts to combine them. In order to provide analysts an environment in which Python modules and classes can be used as though they were R-native objects, SomaLogic developed the PyR package. This package consists of a set of Python classes that wrap Python objects and a set of S3 methods providing wrappers to those imported classes. A model object hierarchy defining the expected interfaces for the Python components provides an overall architecture enabling introduction of new Python capabilities in a way that appears to the user to be native R code.","Talk",NA,"2021",2021-11-03,"13:00:00","13:10:00","Robert Kirk DeLisle","SomaLogic","Making Python Objects R-like with PyR","https://github.com/rinpharma/2021_presentations/tree/master/talks_folder/2021-DeLisle-PyR.pdf","https://youtu.be/t4bT9h5jGsA","R and Python compose the fundamental tools used by data scientists across industries including pharma and biotech. With a rich set of analytical packages in both language domains, analysts who are able to work with both possess a significantly larger selection of tools in their toolbox compared to single language analysts. To consolidate these camps, the reticulate package has played a fundamental and critical role in enabling the direct use of Python from the R console. Additionally, integration of Python capabilities into the RStudio IDE allows single point of access to both languages and their integration. Once a Python module or class is imported, however, accessing methods and attributes from R requires the usage of the $ operator in a way that is not completely consistent with typical R code and creates challenges for integration of objects or models developed in both languages. The result can become a mixture of R-esque and Python-like code that can resemble two different language structures, despite the efforts to combine them. In order to provide analysts an environment in which Python modules and classes can be used as though they were R-native objects, SomaLogic developed the PyR package. This package consists of a set of Python classes that wrap Python objects and a set of S3 methods providing wrappers to those imported classes. A model object hierarchy defining the expected interfaces for the Python components provides an overall architecture enabling introduction of new Python capabilities in a way that appears to the user to be native R code.",NA
"rinpharma_228","2021 Conference",NA,"Schedule only",NA,"2021",2021-11-03,"13:10:00","13:20:00",NA,NA,"Break",NA,NA,NA,"Unfortunately we do not currently have an abstract, copy of the slides or link to the video to this presentation"
"rinpharma_229","2021 Conference","(The) Operation (formally known as) Warp Speed is a joint venture between pharma and government to bring COVID-19 vaccines to market at unprecedented speed. A key tenet of the program is to generate the data needed to establish correlates of vaccine protection -- immune responses that predict the level of protective efficacy of the vaccines. Our team was tasked with designing an analysis plan and the code needed to analyze the data and produce results that answered these key questions. However, lacking full FDA approval of their products, some vaccine manufacturers were highly protective of their data. Thus, our team was faced with the challenge of building an analysis pipeline capable of analyzing data that we have never seen, on servers that we do not have access to, all under the extreme time pressure associated with COVID vaccine development. In this talk, I will describe the R-based set of tools that we used to achieve this goal and some lessons learned along the way.","Talk",NA,"2021",2021-11-03,"13:20:00","13:40:00","David Benkeser","Emory University","R at Warp Speed: Reproducible coding for COVID vaccine trials","https://benkeser.github.io/rpharma2021/#1","https://youtu.be/-SEVV3Dvkec","(The) Operation (formally known as) Warp Speed is a joint venture between pharma and government to bring COVID-19 vaccines to market at unprecedented speed. A key tenet of the program is to generate the data needed to establish correlates of vaccine protection -- immune responses that predict the level of protective efficacy of the vaccines. Our team was tasked with designing an analysis plan and the code needed to analyze the data and produce results that answered these key questions. However, lacking full FDA approval of their products, some vaccine manufacturers were highly protective of their data. Thus, our team was faced with the challenge of building an analysis pipeline capable of analyzing data that we have never seen, on servers that we do not have access to, all under the extreme time pressure associated with COVID vaccine development. In this talk, I will describe the R-based set of tools that we used to achieve this goal and some lessons learned along the way.",NA
"rinpharma_230","2021 Conference","Motivated by the rapid rise in clinical data exploration, there is an increasing need to utilize interactive graphical displays using Shiny apps. To date, the development and deployment of study apps have required specialized knowledge and considerable effort. However, the similarity across domains and endpoints in clinical studies motivated us to build a comprehensive framework that scales shiny app creation across the portfolio. The Datapipeline harmonized framework democratizes the shiny app creation. It enables non-technical associates to create and deploy professional shiny applications quickly. It also empowers shiny developers to build reusable shiny modules that may be easily shared in a plug-and-play manner, ultimately accelerating future application development.","Talk",NA,"2021",2021-11-03,"13:40:00","13:50:00","Ardalan Mishani","Novartis","Democratizing Shiny App Development: The Novartis DataPipeline Harmonized Framework",NA,"https://youtu.be/MWFv1hsEcws","Motivated by the rapid rise in clinical data exploration, there is an increasing need to utilize interactive graphical displays using Shiny apps. To date, the development and deployment of study apps have required specialized knowledge and considerable effort. However, the similarity across domains and endpoints in clinical studies motivated us to build a comprehensive framework that scales shiny app creation across the portfolio. The Datapipeline harmonized framework democratizes the shiny app creation. It enables non-technical associates to create and deploy professional shiny applications quickly. It also empowers shiny developers to build reusable shiny modules that may be easily shared in a plug-and-play manner, ultimately accelerating future application development.",NA
"rinpharma_231","2021 Conference","Panel Discussion - Training and Leadership","Panel",NA,"2021",2021-11-03,"13:50:00","14:20:00","Panel Discussion - Training and Leadership","various","Panel Discussion - Training and Leadership",NA,NA,"Panel Discussion - Training and Leadership",NA
"rinpharma_232","2021 Conference",NA,"Remarks",NA,"2021",2021-11-04,"10:00:00","10:10:00","Elena Rantou","FDA","Opening Remarks",NA,"https://youtu.be/6-ejmbE_L8c",NA,NA
"rinpharma_233","2021 Conference","abstract to follow","Keynote",NA,"2021",2021-11-04,"10:10:00","10:50:00","Heather Crandall | Paul Schuette","FDA | FDA","Submitting Data to CDER: What Comes Next?","https://github.com/rinpharma/2021_presentations/tree/master/talks_folder/2021-Crandall-Schuette-Submitting_CDER.pdf","https://youtu.be/d3QNh6xkyIQ","abstract to follow",NA
"rinpharma_234","2021 Conference",NA,"Schedule only",NA,"2021",2021-11-04,"10:50:00","11:00:00",NA,NA,"Break",NA,NA,NA,"Unfortunately we do not currently have an abstract, copy of the slides or link to the video to this presentation"
"rinpharma_235","2021 Conference","abstract to follow","Talk",NA,"2021",2021-11-04,"11:00:00","11:20:00","Marie Vendettouli","Fred Hutch Cancer Research Center","Using {valtools} for software validation separate from development",NA,"https://youtu.be/HVd5iGTNLGE","abstract to follow",NA
"rinpharma_236","2021 Conference","In recent years, R users' understanding of Shiny has greatly increased but so have client expectations. While one of Shiny’s greatest strengths is that it allows producing web applications solely from R code, meeting client’s more delicate expectations will often involve going beyond R code and work with HTML, CSS, and JavaScript.  We recognize that R developers tend not to be familiar with the latter as they generally do not have significant background in web development, these may therefore appear daunting at first.  In this talk, I’ll present my journey toward the creation of the RinteRface organization, powering many Shiny extensions like {bs4Dash} or {shinyMobile} as well as the work in progress ""Outstanding user interfaces with Shiny"" book (https://divadnojnarg.github.io/outstanding-shiny-ui/), exposing some keys to design amazing user experiences.","Talk",NA,"2021",2021-11-04,"11:20:00","11:40:00","David Granjon","Novartis","Outstanding User Interfaces with Shiny","https://peaceful-carson-6644ca.netlify.app/?panelset5=%25F0%259F%258E%25A8-part-12&panelset6=variables2&panelset7=%25F0%259F%2593%25A3-meet-%257Bpacker%257D2&panelset8=renderui-causes-lags2&panelset9=%25F0%259F%2593%25A3-meet-%257Bcharpente%257D2#1","https://youtu.be/9Qm_b-hGAac","In recent years, R users' understanding of Shiny has greatly increased but so have client expectations. While one of Shiny’s greatest strengths is that it allows producing web applications solely from R code, meeting client’s more delicate expectations will often involve going beyond R code and work with HTML, CSS, and JavaScript.  We recognize that R developers tend not to be familiar with the latter as they generally do not have significant background in web development, these may therefore appear daunting at first.  In this talk, I’ll present my journey toward the creation of the RinteRface organization, powering many Shiny extensions like  bs4Dash  or  shinyMobile  as well as the work in progress ""Outstanding user interfaces with Shiny"" book (https//divadnojnarg.github.io/outstanding-shiny-ui/), exposing some keys to design amazing user experiences.",NA
"rinpharma_237","2021 Conference","In recent years late stage Pharma has begun to transition from a consumer of open source, and a sporadic creator, to a heavily invested collaborator on open source tools like R packages. In this short talk, James will discuss our recent focus on open source collaboration in post-competitive tools, and some important lessons we’ve learned.","Talk",NA,"2021",2021-11-04,"11:40:00","11:50:00","James Black","Roche","Smoothing out our path to open source and pan-pharma code collaboration","https://epijim.uk/slides/2021_rinpharma.pdf","https://youtu.be/0PsyMbd9RTA","In recent years late stage Pharma has begun to transition from a consumer of open source, and a sporadic creator, to a heavily invested collaborator on open source tools like R packages. In this short talk, James will discuss our recent focus on open source collaboration in post-competitive tools, and some important lessons we’ve learned.",NA
"rinpharma_238","2021 Conference","Since its first release over eight years ago, the R community has progressively created amazing web-based applications with the Shiny package. In practically every R conference or user meetup, we see amazing examples of how Shiny is changing the landscape of data exploration and sophisticated production pipelines. Have you ever wondered just how these amazing applications came to be, and what tools you can use to carve your own Shiny journey? In this talk I will shine a spotlight on the latest books addressing best practices in application development, and how they opened tremendous possibilities in both my professional and open-source Shiny projects.","Talk",NA,"2021",2021-11-04,"11:50:00","12:00:00","Eric Nantz","Eli Lilly","The New Roads Leading to Shiny Nirvana",NA,"https://youtu.be/Ivy9Ljg-3Go","Since its first release over eight years ago, the R community has progressively created amazing web-based applications with the Shiny package. In practically every R conference or user meetup, we see amazing examples of how Shiny is changing the landscape of data exploration and sophisticated production pipelines. Have you ever wondered just how these amazing applications came to be, and what tools you can use to carve your own Shiny journey? In this talk I will shine a spotlight on the latest books addressing best practices in application development, and how they opened tremendous possibilities in both my professional and open-source Shiny projects.",NA
"rinpharma_239","2021 Conference",NA,"Schedule only",NA,"2021",2021-11-04,"12:00:00","12:20:00",NA,NA,"Break",NA,NA,NA,"Unfortunately we do not currently have an abstract, copy of the slides or link to the video to this presentation"
"rinpharma_240","2021 Conference","For data science teams, data preparation takes substantial investment of time, data science expertise and subject matter proficiency. However, as the name implies, data preparation is typically viewed merely as a means to an end, encouraging creation of expensive but often single-use and fragile elements in data analysis workflows.
Rather than seeing data preparation as an obstacle to be removed, we propose a framework that recognizes the time and expertise invested in data preparation and seeks to maximize the value that can be derived from it. Viewing analysis-ready data as a multi-purpose, modularly built product that should lend itself to collaborative development and maintenance, the framework of Data-as-a-Product (DaaP) aims to remove barriers to version tracking and collaborative data development and maintenance. Specifically, the framework, which is entirely implemented in R, enables joint code and data versioning based on git, standardizes metadata capture, tracks R packages used, and encourages best practices such as adherence to functional programming and use of data testing. Collectively, the patterns established by the DaaP framework can help data science teams transition from developing expensive, single-use ""wrangled"" datasets to building maintainable, version-controlled, and extendable data products that could serve as reliable components of their data analyses workflows.","Talk",NA,"2021",2021-11-04,"12:20:00","12:40:00","Afshin Mashadi-Hossein | Julie Rytlewski | Garth McGrath","Bristol Myers Squibb | Bristol Myers Squibb | Bristol Myers Squibb","Data-as-a-Product: A data science framework for data collaborations","https://github.com/rinpharma/2021_presentations/tree/master/talks_folder/2021-Mashadi_Hossein-DaaP.pdf","https://youtu.be/JaD6wbIGocQ","For data science teams, data preparation takes substantial investment of time, data science expertise and subject matter proficiency. However, as the name implies, data preparation is typically viewed merely as a means to an end, encouraging creation of expensive but often single-use and fragile elements in data analysis workflows. Rather than seeing data preparation as an obstacle to be removed, we propose a framework that recognizes the time and expertise invested in data preparation and seeks to maximize the value that can be derived from it. Viewing analysis-ready data as a multi-purpose, modularly built product that should lend itself to collaborative development and maintenance, the framework of Data-as-a-Product (DaaP) aims to remove barriers to version tracking and collaborative data development and maintenance. Specifically, the framework, which is entirely implemented in R, enables joint code and data versioning based on git, standardizes metadata capture, tracks R packages used, and encourages best practices such as adherence to functional programming and use of data testing. Collectively, the patterns established by the DaaP framework can help data science teams transition from developing expensive, single-use ""wrangled"" datasets to building maintainable, version-controlled, and extendable data products that could serve as reliable components of their data analyses workflows.",NA
"rinpharma_241","2021 Conference","abstract to follow","Talk",NA,"2021",2021-11-04,"12:40:00","12:50:00","Marly Gotti","Biogen","Performing a risk assessment of R packages using the Risk Assessment Shiny Application",NA,"https://youtu.be/qvZR8Prlfuw","abstract to follow",NA
"rinpharma_242","2021 Conference","In the final stage of a clinical study, a number of tables and figures are prepared, typically using SAS, for reporting the results of the study in a clinical study report. Before the clinical study report is finalized a thorough interpretation of the results are needed and results are discussed with stakeholders and management. To facilitate this, a PowerPoint presentation is prepared containing tables and figures with study results. A modest approach is to manually copy-paste the tables and figures from the clinical study report into the slides. However, due to the manual work, this approach is both time consuming and prone to errors. Rmarkdown offers the possibility to render PowerPoint presentations and can thus be used as an alternative approach to automatic generate slide decks for communication of clinical study results, and we have been working with this idea at Novo Nordisk. The idea is to use the data that underlie tables and figures prepared for the clinical study report, and with a minor programming effort create outputs that are embedded into a PowerPoint presentation. We will discuss possibilities with this automatic approach and discuss issues encountered when implementing the approach when preparing for communication of a clinical study.","Talk",NA,"2021",2021-11-04,"12:50:00","13:00:00","Rikke Nørmark Mortensen","Novo Nordisk","Automatic generation of PowerPoint presentation for communication of clinical trial results",NA,"https://youtu.be/k1eMbbh443Q","In the final stage of a clinical study, a number of tables and figures are prepared, typically using SAS, for reporting the results of the study in a clinical study report. Before the clinical study report is finalized a thorough interpretation of the results are needed and results are discussed with stakeholders and management. To facilitate this, a PowerPoint presentation is prepared containing tables and figures with study results. A modest approach is to manually copy-paste the tables and figures from the clinical study report into the slides. However, due to the manual work, this approach is both time consuming and prone to errors. Rmarkdown offers the possibility to render PowerPoint presentations and can thus be used as an alternative approach to automatic generate slide decks for communication of clinical study results, and we have been working with this idea at Novo Nordisk. The idea is to use the data that underlie tables and figures prepared for the clinical study report, and with a minor programming effort create outputs that are embedded into a PowerPoint presentation. We will discuss possibilities with this automatic approach and discuss issues encountered when implementing the approach when preparing for communication of a clinical study.",NA
"rinpharma_243","2021 Conference","In this talk, we will discuss an infrastructure-free R package exchange and distribution system. The components include: {pkglite} for compact package representations, {cleanslate} for portable R environments, and {pkglink} for runtime dependency resolution. We will also discuss its potential applications in reproducible research and submissions.","Talk",NA,"2021",2021-11-04,"13:00:00","13:10:00","Nan Xiao","Merck","Reimagine the R package distribution system for reproducible research and submissions","https://github.com/rinpharma/2021_presentations/tree/master/talks_folder/2021-Xiao-R_Package_Submissions.pdf","https://youtu.be/uqe8mFvOjUA","In this talk, we will discuss an infrastructure-free R package exchange and distribution system. The components include  pkglite  for compact package representations,  cleanslate  for portable R environments, and  pkglink  for runtime dependency resolution. We will also discuss its potential applications in reproducible research and submissions.",NA
"rinpharma_244","2021 Conference",NA,"Schedule only",NA,"2021",2021-11-04,"13:10:00","13:20:00",NA,NA,"Break",NA,NA,NA,"Unfortunately we do not currently have an abstract, copy of the slides or link to the video to this presentation"
"rinpharma_245","2021 Conference","Statistical programming of summary tables is a well-established task within the clinical world. In the last few years, the pharmaceutical industry has seen several new packages emerge to support these activities, including the Atorus package {Tplyr}. Much of the focus has been on creating static tables, be it in HTML, or more classically RTF. With the visualization power available within R and JavaScript, the natural next step is to enhance interactive capabilities. This presentation will demonstrate how {Tplyr} take this next step. Using metadata captured by Tplyr, we will show how a user can hit rewind and drill into the source data that lead to a summary data point.","Talk",NA,"2021",2021-11-04,"13:20:00","13:40:00","Maya Gans | Mike Stackhouse","Atorus Research | Atorus Research","Summary Table Rewind: From Source to Summary and Back Again",NA,"https://youtu.be/qy4mQTO0tCc","Statistical programming of summary tables is a well-established task within the clinical world. In the last few years, the pharmaceutical industry has seen several new packages emerge to support these activities, including the Atorus package  Tplyr . Much of the focus has been on creating static tables, be it in HTML, or more classically RTF. With the visualization power available within R and JavaScript, the natural next step is to enhance interactive capabilities. This presentation will demonstrate how  Tplyr  take this next step. Using metadata captured by Tplyr, we will show how a user can hit rewind and drill into the source data that lead to a summary data point.",NA
"rinpharma_246","2021 Conference","abstract to follow","Talk",NA,"2021",2021-11-04,"13:40:00","13:50:00","Keaven Anderson","Merck","The gsDesign Shiny app for clinical trial design","https://github.com/rinpharma/2021_presentations/tree/master/talks_folder/2021-Anderson-gsDesign.html","https://youtu.be/TFIwKu3wsdM","abstract to follow",NA
"rinpharma_247","2021 Conference","Panel Discussion - Scaling R and Shiny","Panel",NA,"2021",2021-11-04,"13:50:00","14:20:00","Panel Discussion - Scaling R and Shiny","various","Panel Discussion - Scaling R and Shiny",NA,NA,"Panel Discussion - Scaling R and Shiny",NA
"rinpharma_248","2021 Conference",NA,"Workshop",NA,"2021",2021-11-05,"09:00:00","13:00:00","Leon Eyrich Jessen","Technical University of Denmark","Deep Learning",NA,NA,NA,"Unfortunately we do not currently have an abstract, copy of the slides or link to the video to this presentation"
"rinpharma_249","2021 Conference",NA,"Workshop",NA,"2021",2021-11-05,"10:00:00","13:00:00","Ellis Hughes | Marie Vendettouli","Fred Hutch Cancer Research Center | Fred Hutch Cancer Research Center","R Package Validation Framework",NA,"https://github.com/phuse-org/valtools",NA,NA
"rinpharma_250","2022 Conference",NA,"Workshop",NA,"2022",2022-10-25,"10:00:00","13:00:00","Jose Storopoli","Univ Sao Paulo","Introduction to Julia",NA,"https://youtu.be/-ROJBkAkC5Q",NA,NA
"rinpharma_251","2022 Conference",NA,"Workshop",NA,"2022",2022-10-25,"13:00:00","15:00:00","Ryan Johnson","RStudio","Shiny for Python",NA,"https://youtu.be/WXaeExH9Jks",NA,NA
"rinpharma_252","2022 Conference",NA,"Workshop",NA,"2022",2022-10-26,"09:00:00","13:00:00","Mike Stackhouse","Atorus Research","Drill Down Summary Tables in Shiny with Tplyr",NA,"https://youtu.be/sgaT7QSEgM0",NA,NA
"rinpharma_253","2022 Conference",NA,"Workshop",NA,"2022",2022-10-26,"13:00:00","16:00:00","Adrian Waddell | Gabe Becker","Genentech | Genentech","Creating Submission-Quality Clinical Trial Reporting Tables in R With rtables",NA,"https://youtu.be/zBm_NZ0VtKs",NA,NA
"rinpharma_254","2022 Conference",NA,"Workshop",NA,"2022",2022-10-27,"08:00:00","11:00:00","Marcin Dubel","Appsilon","How to build Shiny testing architecture",NA,"https://youtu.be/e8S414QgNos",NA,NA
"rinpharma_255","2022 Conference",NA,"Workshop",NA,"2022",2022-10-27,"12:00:00","15:00:00","Rich Iannone","RStudio","How to use pointblank to understand, validate, and document your data",NA,"https://youtu.be/hxkTbnIXI-o",NA,NA
"rinpharma_256","2022 Conference",NA,"Workshop",NA,"2022",2022-10-28,"09:00:00","12:00:00","Nathaniel Phillips","Plinth","Using R to derive robust insights from real-world health care data",NA,"https://youtu.be/Ok4ARePys_E",NA,NA
"rinpharma_257","2022 Conference",NA,"Workshop",NA,"2022",2022-10-28,"13:00:00","16:00:00","Brian Varney","Experis","Coding Typical Clinical Processes Using R for the Entry Level Programmer",NA,"https://youtu.be/DLtHluzoNS4",NA,NA
"rinpharma_258","2022 Conference",NA,"Workshop",NA,"2022",2022-10-28,"13:00:00","16:00:00","Michael Freeman | Allison Horst","Observable | Observable","Introduction to Observable - Companion Visualization Tool for Your Analysis",NA,"https://youtu.be/dKIzFcKQyxU",NA,NA
"rinpharma_259","2022 Conference",NA,"Workshop",NA,"2022",2022-10-31,"09:00:00","12:00:00","Rachael Dempsey","RStudio","Building a Data Science Community at Your Pharma",NA,NA,NA,"Unfortunately we do not currently have an abstract, copy of the slides or link to the video to this presentation"
"rinpharma_260","2022 Conference",NA,"Workshop",NA,"2022",2022-10-31,"10:00:00","14:00:00","Christina Fillmore | Ellis Hughes | Thomas Neitmann","GSK | GSK | Roche","Clinical Reporting in R (2 day workshop - Oct 31, Nov 1)",NA,"https://youtu.be/9eod8MLF5ys",NA,NA
"rinpharma_261","2022 Conference",NA,"Workshop",NA,"2022",2022-11-01,"10:00:00","13:00:00","Satish Murthy | Devin Pastoor","Johnson & Johnson | RStudio","Admin - Clinical Environment Management",NA,NA,NA,"Unfortunately we do not currently have an abstract, copy of the slides or link to the video to this presentation"
"rinpharma_262","2022 Conference",NA,"Workshop",NA,"2022",2022-11-01,"12:00:00","15:00:00","Daniel Lee","Syclik","Advanced Stan Workshop",NA,NA,NA,"Unfortunately we do not currently have an abstract, copy of the slides or link to the video to this presentation"
"rinpharma_263","2022 Conference",NA,"Workshop",NA,"2022",2022-11-02,"09:00:00","12:00:00","Shannon Pileggi | Daniel Sjoberg","Memorial Sloan Kettering Cancer Center | Memorial Sloan Kettering Cancer Center","Introducing {gtreg}: an R package to produce regulatory tables for clinical research",NA,"https://youtu.be/hgE_aWMvd1Y",NA,NA
"rinpharma_264","2022 Conference",NA,"Workshop",NA,"2022",2022-11-02,"09:30:00","11:30:00","David Granjon","Novartis","Introduction to {shinyValidator}",NA,"https://youtu.be/STpBxos_IXY",NA,NA
"rinpharma_265","2022 Conference",NA,"Workshop",NA,"2022",2022-11-03,"06:00:00","08:00:00","Julia Mueller","University of Freiburg","A hands on introduction to Quarto",NA,"https://youtu.be/2Ar1sCItTbk",NA,NA
"rinpharma_266","2022 Conference",NA,"Workshop",NA,"2022",2022-11-03,"09:00:00","12:00:00","Eric Nantz","Eli Lilly","Building Production-Quality Shiny Applications",NA,"https://youtu.be/_zm2GuSrZ14",NA,NA
"rinpharma_267","2022 Conference",NA,"Workshop",NA,"2022",2022-11-03,"13:00:00","16:00:00","David Hall","Novartis","How to use a complete JavaScript toolchain in your Shiny development",NA,"https://youtu.be/DNS1H9xGGhE",NA,NA
"rinpharma_268","2022 Conference",NA,"Workshop",NA,"2022",2022-11-04,"10:00:00","13:00:00","Dinakar Kulkarni | Ben Straub","Roche | GSK","An intro to CI/CD for R packages",NA,"https://youtu.be/OcNzurpCCpY",NA,NA
"rinpharma_269","2022 Conference",NA,"Workshop",NA,"2022",2022-11-04,"14:00:00","17:00:00","Zichen Wang | Vassilis N. Ioannidis","Amazon | Amazon","Graph Neural Networks in Drug Discovery: Opportunities and Solutions",NA,NA,NA,"Unfortunately we do not currently have an abstract, copy of the slides or link to the video to this presentation"
"rinpharma_270","2022 Conference",NA,"Remarks",NA,"2022",2022-11-08,"10:00:00","10:10:00","Harvey Lieberman","Novartis","Opening Remarks",NA,"https://youtu.be/521weL2fK1A",NA,NA
"rinpharma_271","2022 Conference",NA,"Keynote",NA,"2022",2022-11-08,"10:10:00","10:50:00","Alice Walsh | Katie Igartua","Pathos | Tempus","Disrupting drug development with data-driven approaches: insights for fast expanding data teams","https://github.com/rinpharma/2022_presentations/blob/main/talks_folder/2022-Walsh_Igartua-Disrupting_Drug_Development_with_Data_Driven_Approaches.pdf","https://youtu.be/_nxKq3VkNr0",NA,NA
"rinpharma_272","2022 Conference",NA,"Schedule only",NA,"2022",2022-11-08,"10:50:00","11:00:00",NA,NA,"Break",NA,NA,NA,"Unfortunately we do not currently have an abstract, copy of the slides or link to the video to this presentation"
"rinpharma_273","2022 Conference","This invited talk will describe the current landscape of CDISC initiatives and collaborations. CDISC currently has a portfolio of innovative industry initiatives that include new standards as well as open-source software projects that are part of the CDISC Open-Source Alliance (COSA). This talk will highlight many of the innovative initiatives reshaping standards-based data flows including transparent and metadata rich JSON transfer files, biomedical concepts, conformance rules, study design, analysis results standards, and RWD.","Talk",NA,"2022",2022-11-08,"11:00:00","11:20:00","Sam Hume","CDISC","CDISC Initiatives and Collaborations","https://github.com/rinpharma/2022_presentations/blob/main/talks_folder/2022-Hume-CDISC_Initiatives_and_Collaboration.pptx","https://youtu.be/82V0eJ8vGrY","This invited talk will describe the current landscape of CDISC initiatives and collaborations. CDISC currently has a portfolio of innovative industry initiatives that include new standards as well as open-source software projects that are part of the CDISC Open-Source Alliance (COSA). This talk will highlight many of the innovative initiatives reshaping standards-based data flows including transparent and metadata rich JSON transfer files, biomedical concepts, conformance rules, study design, analysis results standards, and RWD.",NA
"rinpharma_274","2022 Conference","If we could predict a patient's future risk of developing illnesses such as depression or lung cancer in the next three years, then we could potentially intervene and improve the patient's future health.  The PatientLevelPrediction R package provides a standardized analytic framework for developing diagnostic and prognostic models using observational healthcare data (e.g., electronic healthcare data and insurance claims data). It utilizes the OMOP common data model, a standard data structure, to enable rapid but reliable model development. The package contains a library of binary classifiers and survival models (with R, Python, C++ and Java backends) for users to select but also enables the flexibility of writing custom supervised learning methods.  In addition, the package contains a suite of recommended performance metrics and visualizations.  In this talk we will demonstrate how to use the package to develop and internally validate data-driven models and then show how the standardized approach makes large-scale external validation possible.  We will also illustrate the built-in shiny app that enables interactive visualization of multiple models.","Talk",NA,"2022",2022-11-08,"11:20:00","11:30:00","Jenna Reps","Johnson & Johnson","PatientLevelPrediction: An end to end toolkit for developing diagnostic/prognostic models using big observational healthcare data",NA,"https://youtu.be/iwMLX6alGcA","If we could predict a patient's future risk of developing illnesses such as depression or lung cancer in the next three years, then we could potentially intervene and improve the patient's future health.  The PatientLevelPrediction R package provides a standardized analytic framework for developing diagnostic and prognostic models using observational healthcare data (e.g., electronic healthcare data and insurance claims data). It utilizes the OMOP common data model, a standard data structure, to enable rapid but reliable model development. The package contains a library of binary classifiers and survival models (with R, Python, C++ and Java backends) for users to select but also enables the flexibility of writing custom supervised learning methods.  In addition, the package contains a suite of recommended performance metrics and visualizations.  In this talk we will demonstrate how to use the package to develop and internally validate data-driven models and then show how the standardized approach makes large-scale external validation possible.  We will also illustrate the built-in shiny app that enables interactive visualization of multiple models.",NA
"rinpharma_275","2022 Conference","A prespecified adaptive plan involves automating the analysis of interim clinical trial data and adjusting elements of the trial in response. In implementing these plans, we experience random highs and lows in the data, adjacent doses of a drug with drastically different results, and lots and lots of uncertainty. To facilitate training in adaptive trials, newcomers need to see data as it might accumulate within a trial and attempt to make design decisions based on that data. To this end we have created ANTICS, a free public R/Shiny based tool that guides a user through a single adaptive trial. ANTICS has modules for dose escalation, dose finding, enrichment, and staged/seamless designs. Repeated plays of ANTICS introduce the idea of simulation and emphasize how the same rules can produce different results when faced with random data. ANTICS has modules for dose escalation, dose finding, enrichment, and staged/seamless designs. A scoring system guides the decision making, emphasizing real world incentives such as getting a correct arm into phase 3 or penalizing players for running a phase 3 in a poor arm. We hope it is a valuable resource for anyone beginning an exploration of adaptive trials.","Talk",NA,"2022",2022-11-08,"11:30:00","11:40:00","Daniel Woodie","Berry Consultants","ANTICS, an interactive game for exploring Adaptive Trial Design",NA,"https://youtu.be/poyLoETVzUE","A prespecified adaptive plan involves automating the analysis of interim clinical trial data and adjusting elements of the trial in response. In implementing these plans, we experience random highs and lows in the data, adjacent doses of a drug with drastically different results, and lots and lots of uncertainty. To facilitate training in adaptive trials, newcomers need to see data as it might accumulate within a trial and attempt to make design decisions based on that data. To this end we have created ANTICS, a free public R/Shiny based tool that guides a user through a single adaptive trial. ANTICS has modules for dose escalation, dose finding, enrichment, and staged/seamless designs. Repeated plays of ANTICS introduce the idea of simulation and emphasize how the same rules can produce different results when faced with random data. ANTICS has modules for dose escalation, dose finding, enrichment, and staged/seamless designs. A scoring system guides the decision making, emphasizing real world incentives such as getting a correct arm into phase 3 or penalizing players for running a phase 3 in a poor arm. We hope it is a valuable resource for anyone beginning an exploration of adaptive trials.",NA
"rinpharma_276","2022 Conference","Tables no longer just live in flat PDFs and reports, but should be able to go from apps to PDFs and Word documents with ease. To have the flexibility to do this we need to separate the analysis from the formatting. Additionally, in the pharmaceutical industry our tables need to be able to change their format. Many journals have different requirements on how to present p-value, and other styling questions. So, we built a package devoted to the formatting of tables based on semi-structured analysis results datasets. This package is unique because it allows users to create tables without data, which helps build mock shells, a key part of table creation within pharma. Additionally, we wanted to be able to layer formats on top of each other as most tables in the industry are built to an internal standard, with minor tweaks around the edges. The code to create the shells can then be reused for the final tables, which saves time and brings table formatting off the critical path. Through the utilization of analysis results datasets, layerable and data-independent formatting, we’ve been able to create a package to meet the specific needs of our business.","Talk",NA,"2022",2022-11-08,"11:40:00","12:00:00","Christina Fillmore","GSK","Why do I spend all my life formatting tables?!",NA,"https://youtu.be/00lGhuANUJw","Tables no longer just live in flat PDFs and reports, but should be able to go from apps to PDFs and Word documents with ease. To have the flexibility to do this we need to separate the analysis from the formatting. Additionally, in the pharmaceutical industry our tables need to be able to change their format. Many journals have different requirements on how to present p-value, and other styling questions. So, we built a package devoted to the formatting of tables based on semi-structured analysis results datasets. This package is unique because it allows users to create tables without data, which helps build mock shells, a key part of table creation within pharma. Additionally, we wanted to be able to layer formats on top of each other as most tables in the industry are built to an internal standard, with minor tweaks around the edges. The code to create the shells can then be reused for the final tables, which saves time and brings table formatting off the critical path. Through the utilization of analysis results datasets, layerable and data-independent formatting, we’ve been able to create a package to meet the specific needs of our business.",NA
"rinpharma_277","2022 Conference",NA,"Schedule only",NA,"2022",2022-11-08,"12:00:00","12:20:00",NA,NA,"Break",NA,NA,NA,"Unfortunately we do not currently have an abstract, copy of the slides or link to the video to this presentation"
"rinpharma_278","2022 Conference","The presentation will introduce the transition project that the whole department of +150 SAS programmers has completely moved from SAS to Open-source programming.  

The whole department switched from SAS Studio to R Pro Server, Window server to AWS Cloud computing environment, and the transition of SAS programmers to R/Python programmers.  The presentation will also discuss the challenges of the project such as inexperience in Open-source Programming, new analytic platform, and change management.  It will introduce how the transition-support team, executive leadership and SAS programmers have overcome the challenges together during the transition.     

It will also discuss the difference in SAS and Open-source language and programming, and it will show some examples of the conversion of SAS codes to R/Python codes.  Finally, it will close with the benefits of the Open-source programming culture and the lessons learned from the transition from SAS to Open-source programming.","Talk",NA,"2022",2022-11-08,"12:20:00","12:30:00","Kevin Lee","Genpact","Enterprise-level Transition from SAS to Open-Source Programming for the whole department",NA,"https://youtu.be/sXDT9M9o5Yc","The presentation will introduce the transition project that the whole department of +150 SAS programmers has completely moved from SAS to Open-source programming.    The whole department switched from SAS Studio to R Pro Server, Window server to AWS Cloud computing environment, and the transition of SAS programmers to R/Python programmers.  The presentation will also discuss the challenges of the project such as inexperience in Open-source Programming, new analytic platform, and change management.  It will introduce how the transition-support team, executive leadership and SAS programmers have overcome the challenges together during the transition.       It will also discuss the difference in SAS and Open-source language and programming, and it will show some examples of the conversion of SAS codes to R/Python codes.  Finally, it will close with the benefits of the Open-source programming culture and the lessons learned from the transition from SAS to Open-source programming.",NA
"rinpharma_279","2022 Conference","In the past years, the phama industry has seen a true paradigm shift in its use of R. Up until recently, one had to choose between R and SAS. Today, most statisticians are trained in both languages. With this in mind, at AstraZeneca we built on the growing interest for R, at any stage of the drug development but also company-wide. Since April 2021, we have launched several internal initiatives aiming at federating the community of R users within AstraZeneca. We started by stealing with pride a public initiative, TidyTuesdays, and make it our very own, calling it &#35;azTidyTuesday. On a monthly basis, we promote a public dataset to the community of AstraZeneca R users. This is done by aligning the &#35;azTidyTuesday editions with one AZ value or with an ongoing event (Pride Month, COP26). We also put in place monthly Lunch & Learns, interviews of R users and blog posts. And in early 2022, we organized the first AstraZeneca R Conference. While building this community, we tried many things. Some worked well from the beginning, some required improvements. But all of these initiatives bore fruit as the number of R community members saw a 5-fold increase since launch. More than the numbers, the vibrancy of the community is what makes us proud.","Talk",NA,"2022",2022-11-08,"12:30:00","12:40:00","Guillaume Desachy","AstraZeneca","Successfully building a vibrant community of R users at AstraZeneca: Lessons Learned!",NA,"https://youtu.be/88mChWzxKwQ","In the past years, the phama industry has seen a true paradigm shift in its use of R. Up until recently, one had to choose between R and SAS. Today, most statisticians are trained in both languages. With this in mind, at AstraZeneca we built on the growing interest for R, at any stage of the drug development but also company-wide. Since April 2021, we have launched several internal initiatives aiming at federating the community of R users within AstraZeneca. We started by stealing with pride a public initiative, TidyTuesdays, and make it our very own, calling it &#35;azTidyTuesday. On a monthly basis, we promote a public dataset to the community of AstraZeneca R users. This is done by aligning the &#35;azTidyTuesday editions with one AZ value or with an ongoing event (Pride Month, COP26). We also put in place monthly Lunch & Learns, interviews of R users and blog posts. And in early 2022, we organized the first AstraZeneca R Conference. While building this community, we tried many things. Some worked well from the beginning, some required improvements. But all of these initiatives bore fruit as the number of R community members saw a 5-fold increase since launch. More than the numbers, the vibrancy of the community is what makes us proud.",NA
"rinpharma_280","2022 Conference","Drug safety data present many challenges with regard to curation, analysis, interpretation, and reporting. Safety endpoints have high variability, are multidimensional, and interrelated which points out to a need to identify novel approaches to explore, analyze, and present these data in some meaningful and insightful way. Visual analytics presents an alternative to the traditional tabular outputs for exploring, assessing, and reporting safety data and present an opportunity to enhance and facilitate evaluation of drug safety and help convey multiple pieces of information concisely and more effectively than tables. Graphical depictions of safety data can play a big role in facilitating communication of safety results with different stakeholders including regulators, investigators, and data monitoring committees. Visual analytics facilitates blending data visualization, statistical, and data mining techniques to create visualization modalities that help users make sense out of safety data with emphasis on how to complement computation and visualization to perform effective and meaningful analyses. Importantly, it is critical to develop readily available tools for stakeholders to use for visual analytics of drug safety data. The tools must take into account considerations revolving around structured assessment driven by safety questions of interest and should consider appropriate user interface parlor. In this discussion, we shall discuss one such tool being developed through a joint collaboration of the ASA, PHUSE, and FDA.","Talk",NA,"2022",2022-11-08,"12:40:00","13:00:00","Neetu Sangari | Melvin Munsaka","Pfizer | Abbvie","Advanced Visual Analytics for Drug Safety Review",NA,"https://youtu.be/T-JgmG2zQDo","Drug safety data present many challenges with regard to curation, analysis, interpretation, and reporting. Safety endpoints have high variability, are multidimensional, and interrelated which points out to a need to identify novel approaches to explore, analyze, and present these data in some meaningful and insightful way. Visual analytics presents an alternative to the traditional tabular outputs for exploring, assessing, and reporting safety data and present an opportunity to enhance and facilitate evaluation of drug safety and help convey multiple pieces of information concisely and more effectively than tables. Graphical depictions of safety data can play a big role in facilitating communication of safety results with different stakeholders including regulators, investigators, and data monitoring committees. Visual analytics facilitates blending data visualization, statistical, and data mining techniques to create visualization modalities that help users make sense out of safety data with emphasis on how to complement computation and visualization to perform effective and meaningful analyses. Importantly, it is critical to develop readily available tools for stakeholders to use for visual analytics of drug safety data. The tools must take into account considerations revolving around structured assessment driven by safety questions of interest and should consider appropriate user interface parlor. In this discussion, we shall discuss one such tool being developed through a joint collaboration of the ASA, PHUSE, and FDA.",NA
"rinpharma_281","2022 Conference",NA,"Schedule only",NA,"2022",2022-11-08,"13:00:00","13:10:00",NA,NA,"Break",NA,NA,NA,"Unfortunately we do not currently have an abstract, copy of the slides or link to the video to this presentation"
"rinpharma_282","2022 Conference","Metrum Research Group (MetrumRG) has developed a suite of open-source R packages for pharmacometric analyses that can be used independently, or seamlessly integrated into a larger R-based ecosystem. To showcase this ecosystem, we used the popular Quarto framework to create a publicly available website with 20+ articles demonstrating how our ecosystem can be used to streamline a wide range of tasks typically required in a population pharmacokinetic (PK) analysis. The site is accompanied by a public Github repository containing example code for each task covered in the articles. This talk will give an overview of the ecosystem and articles, with a focus on traceability and reproducibility. We will also touch on our methods for doing open-source development in a validated environment, to facilitate analyses suitable for regulatory submission.","Talk",NA,"2022",2022-11-08,"13:10:00","13:20:00","Seth Green","Metrum Research Group","MeRGE: An ecosystem of open-source R packages for Pharmacometrics from MetrumRG",NA,"https://youtu.be/eJnN0MjF6q0","Metrum Research Group (MetrumRG) has developed a suite of open-source R packages for pharmacometric analyses that can be used independently, or seamlessly integrated into a larger R-based ecosystem. To showcase this ecosystem, we used the popular Quarto framework to create a publicly available website with 20+ articles demonstrating how our ecosystem can be used to streamline a wide range of tasks typically required in a population pharmacokinetic (PK) analysis. The site is accompanied by a public Github repository containing example code for each task covered in the articles. This talk will give an overview of the ecosystem and articles, with a focus on traceability and reproducibility. We will also touch on our methods for doing open-source development in a validated environment, to facilitate analyses suitable for regulatory submission.",NA
"rinpharma_283","2022 Conference","Panel Discussion - Building an Open Source Community","Panel",NA,"2022",2022-11-08,"13:20:00","14:10:00","Panel Discussion - Building an Open Source Community","various","Panel Discussion - Building an Open Source Community",NA,NA,"Panel Discussion - Building an Open Source Community",NA
"rinpharma_284","2022 Conference",NA,"Remarks",NA,"2022",2022-11-09,"10:00:00","10:10:00","Tom Mock","Posit","Opening Remarks",NA,"https://youtu.be/37-HBiXGyVc",NA,NA
"rinpharma_285","2022 Conference","Roche/Genentech, GSK, Atorus and J&J/Janssen have initiated a collaboration called pharmaverse to bring together a curated subset of open-source R packages to enable clinical reporting (from CRF to eSubmission). Where gaps are identified, new collaborative development teams can be formed across companies to build solutions fit for industry adoption. Any individual or organisation would be able to join our community and contribute. Our ultimate aim is to reduce duplication of efforts and gain increased harmonization to the way we work across the industry, so that collectively we can bring medicines to patients faster. This talk would be intended to introduce data scientists across the industry to this concept and the benefits of open source collaborations. We will share what is currently available under the pharmaverse, short demos, along with stories and learnings we've had on this journey so far. Example R packages include {admiral} (a toolkit for ADaM generation), {rtables} & {Tplyr} (for TLG creation), {teal} (for Shiny apps), and much more.","Keynote",NA,"2022",2022-11-09,"10:10:00","10:50:00","Ross Farrugia","Roche","Pharmaverse: Breaking boundaries through open source collaboration!",NA,"https://youtu.be/APMDOS4v9Hk","Roche/Genentech, GSK, Atorus and J&J/Janssen have initiated a collaboration called pharmaverse to bring together a curated subset of open-source R packages to enable clinical reporting (from CRF to eSubmission). Where gaps are identified, new collaborative development teams can be formed across companies to build solutions fit for industry adoption. Any individual or organisation would be able to join our community and contribute. Our ultimate aim is to reduce duplication of efforts and gain increased harmonization to the way we work across the industry, so that collectively we can bring medicines to patients faster. This talk would be intended to introduce data scientists across the industry to this concept and the benefits of open source collaborations. We will share what is currently available under the pharmaverse, short demos, along with stories and learnings we've had on this journey so far. Example R packages include  admiral  (a toolkit for ADaM generation),  rtables  &  Tplyr  (for TLG creation),  teal  (for Shiny apps), and much more.",NA
"rinpharma_286","2022 Conference",NA,"Schedule only",NA,"2022",2022-11-09,"10:50:00","11:00:00",NA,NA,"Break",NA,NA,NA,"Unfortunately we do not currently have an abstract, copy of the slides or link to the video to this presentation"
"rinpharma_287","2022 Conference","On Nov 22nd, 2021, the R Consortium R Submissions Working Group successfully submitted an R-based test submission package through the FDA eCTD gateway. The submission package has been received by the FDA staff who were able to reproduce the numerical results.  This submission was an example submission package following eCTD specifications which include a proprietary R package, R scripts for analysis, R-based analysis data reviewer guide, and other required eCTD components.  To our knowledge, this is the first publicly available R-based, or open-source-language-based FDA submission to the eCTD gateway for CDER. We hope this submission package and our learnings can serve as a good reference for future R-based regulatory submissions.","Talk",NA,"2022",2022-11-09,"11:00:00","11:20:00","Ning Leng | Hye Soo Cho","Roche | FDA","R pilot submissions to FDA",NA,"https://youtu.be/_nToEBDkEX8","On Nov 22nd, 2021, the R Consortium R Submissions Working Group successfully submitted an R-based test submission package through the FDA eCTD gateway. The submission package has been received by the FDA staff who were able to reproduce the numerical results.  This submission was an example submission package following eCTD specifications which include a proprietary R package, R scripts for analysis, R-based analysis data reviewer guide, and other required eCTD components.  To our knowledge, this is the first publicly available R-based, or open-source-language-based FDA submission to the eCTD gateway for CDER. We hope this submission package and our learnings can serve as a good reference for future R-based regulatory submissions.",NA
"rinpharma_288","2022 Conference","So you've started writing custom JavaScript for your Shiny app... but where do you put all this code?! Organizing JS files to be sourced within one another can be really hard to navigate from within a Shiny application.  In this talk I’ll cover what bundling for JS means, and how to do it in the context of Shiny. This talk should empower you to not only write code in JavaScript but bring modern tooling to your app that will allow for organization and cleaner code.","Talk",NA,"2022",2022-11-09,"11:20:00","11:30:00","Maya Gans","Atorus Research","Bundling JS for Your Shiny App",NA,"https://youtu.be/ThmrFxQy0Dk","So you've started writing custom JavaScript for your Shiny app... but where do you put all this code?! Organizing JS files to be sourced within one another can be really hard to navigate from within a Shiny application.  In this talk I’ll cover what bundling for JS means, and how to do it in the context of Shiny. This talk should empower you to not only write code in JavaScript but bring modern tooling to your app that will allow for organization and cleaner code.",NA
"rinpharma_289","2022 Conference","It is relatively simple to create a powerful visualization app using shiny, but what if you need to change your data wrangling process or wish to build a different output?  How easy is it to provide this flexibility without having to rewrite the underlying code?  This presentation will highlight shiny frameworks - apps that are adaptable and extensible.  We shall illustrate how separation of data, application and presentation promotes flexible content and how interpreters can build app components at runtime.","Talk",NA,"2022",2022-11-09,"11:30:00","11:40:00","Harvey Lieberman","Novartis","Building Shiny Frameworks: Some Lessons",NA,"https://youtu.be/bkKe_kC83iQ","It is relatively simple to create a powerful visualization app using shiny, but what if you need to change your data wrangling process or wish to build a different output?  How easy is it to provide this flexibility without having to rewrite the underlying code?  This presentation will highlight shiny frameworks - apps that are adaptable and extensible.  We shall illustrate how separation of data, application and presentation promotes flexible content and how interpreters can build app components at runtime.",NA
"rinpharma_290","2022 Conference","Increasingly biostatisticians in pharma companies would like to use R on a daily basis, e.g. the growing number of participants in R/Pharma conferences is one metric showing this trend. As R programs replace proprietary software in this regulated industry, the requirements for quality and reliability increase, e.g. validation of packages might be required. More importantly, programs used in multiple projects or over a longer time period with changing biostatisticians need to be maintainable, intuitive and reliable. Getting this done takes experience and time. In particular, it is challenging to do this as a side project next to other daily biostatistics work and without the right tools in place. Therefore forming a dedicated team, working together closely with the applied biostatisticians, methods experts and IT professionals, can help. We share our Statistical Engineering team experience in Roche, covering agile ways of working, resourcing, product prioritization, and open source collaborations. We believe that taking the Research Software Engineering aspects seriously and adopting an Open Source mindset is key to sustainably and reliably use R in Pharma.","Talk",NA,"2022",2022-11-09,"11:40:00","12:00:00","Daniel Sabanes Bové","Roche","Working at the intersection of Biostatistics and Software Engineering in a Pharma company",NA,"https://youtu.be/wPS1J7tjTOs","Increasingly biostatisticians in pharma companies would like to use R on a daily basis, e.g. the growing number of participants in R/Pharma conferences is one metric showing this trend. As R programs replace proprietary software in this regulated industry, the requirements for quality and reliability increase, e.g. validation of packages might be required. More importantly, programs used in multiple projects or over a longer time period with changing biostatisticians need to be maintainable, intuitive and reliable. Getting this done takes experience and time. In particular, it is challenging to do this as a side project next to other daily biostatistics work and without the right tools in place. Therefore forming a dedicated team, working together closely with the applied biostatisticians, methods experts and IT professionals, can help. We share our Statistical Engineering team experience in Roche, covering agile ways of working, resourcing, product prioritization, and open source collaborations. We believe that taking the Research Software Engineering aspects seriously and adopting an Open Source mindset is key to sustainably and reliably use R in Pharma.",NA
"rinpharma_291","2022 Conference",NA,"Schedule only",NA,"2022",2022-11-09,"12:00:00","12:20:00",NA,NA,"Break",NA,NA,NA,"Unfortunately we do not currently have an abstract, copy of the slides or link to the video to this presentation"
"rinpharma_292","2022 Conference","Sarepta deployed RStudio Team for modern data analytics. One major hurdle we faced was  how to serve data to Connect/Workbench securely in the backend. Partnering with Atorus, Sarepta solved this challenge using Box cloud storage as a secure data backend through Box API, JWT token, & Box Python SDK. RStudio Team & Box are seamlessly integrated with Okta SSO and JWT token authentication, providing a two-layer secure authentication that leverages Box frontend permission management. Inspired by {boxr} pkg, we developed {usebox} for R users and leveraged {reticulate} to call Box Python SDK. We illustrate {usebox} through a real Shiny App Patient Listing Generator, powered by open-source pkg {subpat}. We believe this real-world harmonized use of R, Python, Shiny, and Box offers insights to the community and organizations facing similar challenges.","Talk",NA,"2022",2022-11-09,"12:20:00","12:30:00","Xiao Ni | Mike Stackhouse","Sarepta | Atorus Research","R, Python, and Shiny in harmony: an Out-of-Box secure data backend for RStudio Connect & Workbench",NA,"https://youtu.be/QhnC7CAQXoA","Sarepta deployed RStudio Team for modern data analytics. One major hurdle we faced was  how to serve data to Connect/Workbench securely in the backend. Partnering with Atorus, Sarepta solved this challenge using Box cloud storage as a secure data backend through Box API, JWT token, & Box Python SDK. RStudio Team & Box are seamlessly integrated with Okta SSO and JWT token authentication, providing a two-layer secure authentication that leverages Box frontend permission management. Inspired by  boxr  pkg, we developed  usebox  for R users and leveraged  reticulate  to call Box Python SDK. We illustrate  usebox  through a real Shiny App Patient Listing Generator, powered by open-source pkg  subpat . We believe this real-world harmonized use of R, Python, Shiny, and Box offers insights to the community and organizations facing similar challenges.",NA
"rinpharma_293","2022 Conference","Back in 2020, Atorus had the initial release of the R package Tplyr, which was built to simplify the creation of clinical summary tables. Now in 2022, new updates and enhancements have been added to Tplyr to give the user more, particularly in the area of Shiny. In this presentation we will discuss how Tplyr collects metadata that provides traceability to every result it derives. Furthermore, these metadata features are externalized, allowing users to extend Tplyr’s metadata or even build their own, which enables all these of these features to extend beyond Tplyr itself. Ultimately when paired with Shiny, users can utilize Tplyr to build click-through tables where a reviewer can click on a result and immediately view the subset of data that was used to derive it.","Talk",NA,"2022",2022-11-09,"12:30:00","12:40:00","Mike Stackhouse","Atorus Research","Drill Down Summary Tables in Shiny with Tplyr",NA,"https://youtu.be/qMHxH67Jn7Y","Back in 2020, Atorus had the initial release of the R package Tplyr, which was built to simplify the creation of clinical summary tables. Now in 2022, new updates and enhancements have been added to Tplyr to give the user more, particularly in the area of Shiny. In this presentation we will discuss how Tplyr collects metadata that provides traceability to every result it derives. Furthermore, these metadata features are externalized, allowing users to extend Tplyr’s metadata or even build their own, which enables all these of these features to extend beyond Tplyr itself. Ultimately when paired with Shiny, users can utilize Tplyr to build click-through tables where a reviewer can click on a result and immediately view the subset of data that was used to derive it.",NA
"rinpharma_294","2022 Conference","Over the past year, we’ve designed a process that is meant to mimic public package publishing as closely as possible, where packages are automatically assessed by a series of checks which may prompt manual revision should the automated processing discover any gaps. This process is automated where possible, and (internally) transparent, with an interface to our internal continuous integration tooling to make feedback as visible and directly actionable as possible. We’d like to share our approach, with special emphasis to the core design philosophies that we’ve set out to adhere to: building a process that stays close to open source tools and contributing back where we can (github.com/Genentech/rd2markdown, github.com/Genentech/covtracer). Beyond what we’ve developed internally, we’d like to sit this work next to recent efforts by the R Validation Hub and offer a vision for a shared, public repository that can support transparent quality assessment. By doing this, we’d like to set the stage for further feedback and broader participation to ensure that the future of R package ecosystems is more immediately actionable and accessible across institutions and regulators.","Talk",NA,"2022",2022-11-09,"12:40:00","13:00:00","Coline Zeballos | Doug Kelkhoff","Roche | Roche","Roches approach to software validation: an automated pipeline from validation to publication","https://github.com/rinpharma/2022_presentations/blob/main/talks_folder/2022-Zeballos_Kelkhoff-Roche_Package_Validation_Approach.pdf","https://youtu.be/ZfZpypQ1jSM","Over the past year, we’ve designed a process that is meant to mimic public package publishing as closely as possible, where packages are automatically assessed by a series of checks which may prompt manual revision should the automated processing discover any gaps. This process is automated where possible, and (internally) transparent, with an interface to our internal continuous integration tooling to make feedback as visible and directly actionable as possible. We’d like to share our approach, with special emphasis to the core design philosophies that we’ve set out to adhere to building a process that stays close to open source tools and contributing back where we can (github.com/Genentech/rd2markdown, github.com/Genentech/covtracer). Beyond what we’ve developed internally, we’d like to sit this work next to recent efforts by the R Validation Hub and offer a vision for a shared, public repository that can support transparent quality assessment. By doing this, we’d like to set the stage for further feedback and broader participation to ensure that the future of R package ecosystems is more immediately actionable and accessible across institutions and regulators.",NA
"rinpharma_295","2022 Conference",NA,"Schedule only",NA,"2022",2022-11-09,"13:00:00","13:10:00",NA,NA,"Break",NA,NA,NA,"Unfortunately we do not currently have an abstract, copy of the slides or link to the video to this presentation"
"rinpharma_296","2022 Conference","As more and more companies move their compute environments into the cloud, the steps needed to ensure that their software suite and newfound infrastructure are FDA compliant change accordingly. In this talk, we will examine the requirements for an FDA validated architecture in the context of R. This is a potentially tricky process depending on what the user requirements are and since R is open-source, extra care must be taken to ensure validation and qualification of the entire cloud R ecosystem. What does validation and qualification entail, and what are the pitfalls that stakeholders need to be mindful of? This presentation will demonstrate at a high level the steps required to be FDA compliant for a validated R GxP system in the cloud.","Talk",NA,"2022",2022-11-09,"13:10:00","13:20:00","Megan Chiang","Procogia","R in the Cloud: A Holistic Approach towards GxP Compliance",NA,"https://youtu.be/Z-_VfSdJfUs","As more and more companies move their compute environments into the cloud, the steps needed to ensure that their software suite and newfound infrastructure are FDA compliant change accordingly. In this talk, we will examine the requirements for an FDA validated architecture in the context of R. This is a potentially tricky process depending on what the user requirements are and since R is open-source, extra care must be taken to ensure validation and qualification of the entire cloud R ecosystem. What does validation and qualification entail, and what are the pitfalls that stakeholders need to be mindful of? This presentation will demonstrate at a high level the steps required to be FDA compliant for a validated R GxP system in the cloud.",NA
"rinpharma_297","2022 Conference","The job of a data scientist working on a clinical trial team in the pharmaceutical industry is to provide the most accurate analysis possible in order to enable valid insights from the data. Ensuring data quality is extremely hard work and there are teams of people at clinical trial sites, vendor companies, and within the sponsor institution all working to identify and resolve data issues in order to help make datasets analysis ready. Before performing an important analysis a data scientist may want a way to reassure themself about the quality of their data and identify any important issues that have slipped through the cracks. sdtmchecks is a simple, easy to use, open source R package to help identify analysis impacting and actionable data quality issues in SDTM datasets. This talk will touch on this package's crowd-sourced development history at Roche/Genentech as an accessible way for non-R coders to get initial, practical experience with R, its current use at the company within a Shiny app, as well as its future potential as an open-source tool publicly available for cross-industry collaboration.","Talk",NA,"2022",2022-11-09,"13:20:00","13:30:00","Will Harris","Genentech","Assuring SDTM data quality with the sdtmchecks package",NA,"https://youtu.be/ldZhVtKu2V0","The job of a data scientist working on a clinical trial team in the pharmaceutical industry is to provide the most accurate analysis possible in order to enable valid insights from the data. Ensuring data quality is extremely hard work and there are teams of people at clinical trial sites, vendor companies, and within the sponsor institution all working to identify and resolve data issues in order to help make datasets analysis ready. Before performing an important analysis a data scientist may want a way to reassure themself about the quality of their data and identify any important issues that have slipped through the cracks. sdtmchecks is a simple, easy to use, open source R package to help identify analysis impacting and actionable data quality issues in SDTM datasets. This talk will touch on this package's crowd-sourced development history at Roche/Genentech as an accessible way for non-R coders to get initial, practical experience with R, its current use at the company within a Shiny app, as well as its future potential as an open-source tool publicly available for cross-industry collaboration.",NA
"rinpharma_298","2022 Conference",NA,"Talk",NA,"2022",2022-11-09,"13:30:00","13:40:00","Charlie Wright","St. Jude Children Research Hospital","Analysis and visualization of large-scale drug combination experiments with Shiny",NA,"https://youtu.be/WA5hReaI0v4",NA,NA
"rinpharma_299","2022 Conference","Panel Discussion - Governing business critical pan-company collaborative R packages","Schedule only",NA,"2022",2022-11-09,"13:40:00","14:30:00","Panel Discussion - Governing business critical pan-company collaborative R packages","various","Panel Discussion - Governing business critical pan-company collaborative R packages",NA,NA,"Panel Discussion - Governing business critical pan-company collaborative R packages",NA
"rinpharma_300","2022 Conference",NA,"Remarks",NA,"2022",2022-11-10,"10:00:00","10:10:00","Dustin Tingley","Harvard","Opening Remarks",NA,"https://youtu.be/tTigGijpgiE",NA,NA
"rinpharma_301","2022 Conference","I will talk about some of the challenges that are now arising in BioTech.  There are larger, more informative but much more complex, data sets available and being developed.  While these hold great promise they add complexity to an already fragile analytic environment.  I will divide the challenges into three groups, software, data technologies and analytics and provide some examples of how we can increase sharing and reduce complexity.  I will also argue that the funding of data resources and technologies, whether government or private, needs to adapt to the changing landscape and provide some suggestions of how that could happen.","Keynote",NA,"2022",2022-11-10,"10:10:00","10:50:00","Robert Gentleman","Harvard Medical School","BioTech Challenges",NA,"https://youtu.be/32QXE0PKVdM","I will talk about some of the challenges that are now arising in BioTech.  There are larger, more informative but much more complex, data sets available and being developed.  While these hold great promise they add complexity to an already fragile analytic environment.  I will divide the challenges into three groups, software, data technologies and analytics and provide some examples of how we can increase sharing and reduce complexity.  I will also argue that the funding of data resources and technologies, whether government or private, needs to adapt to the changing landscape and provide some suggestions of how that could happen.",NA
"rinpharma_302","2022 Conference",NA,"Schedule only",NA,"2022",2022-11-10,"10:50:00","11:00:00",NA,NA,"Break",NA,NA,NA,"Unfortunately we do not currently have an abstract, copy of the slides or link to the video to this presentation"
"rinpharma_303","2022 Conference","Recently there have been a lot of new developments for modeling in the tidyverse. This talk will show off tools for censored regression, an interface to clustering, and how to use the h2o.ai platform for optimizing/fitting models","Talk",NA,"2022",2022-11-10,"11:00:00","11:20:00","Max Kuhn | Hannah Frick | Emil Hvitfeldt | Qiushi Yan","RStudio | RStudio | RStudio | RStudio","Three new things in tidymodels",NA,"https://youtu.be/QdMjn91KAYQ","Recently there have been a lot of new developments for modeling in the tidyverse. This talk will show off tools for censored regression, an interface to clustering, and how to use the h2o.ai platform for optimizing/fitting models",NA
"rinpharma_304","2022 Conference","Addressing estimands in clinical studies involves handling of intercurrent events and often multiple imputation methods are applied to handle missing data. In Novo Nordisk more and more programming tasks are done in R, but still multiple imputation methods are conducted using SAS. We look into the possibilities and obstacles of conducting multiple imputation using R and SAS interchangeably. The aim is to make it possible for the statisticians to choose between SAS and R based on either personal preferences or on which tool is best suited for the specific task. More specifically, the approach has been to simulate data, and to compare multiple imputation results from SAS (PROC MI and PROC MIANALYZE) to results from R (MICE package).","Talk",NA,"2022",2022-11-10,"11:20:00","11:30:00","Claus Dethlefsen","Novo Nordisk","Co-existence of R and SAS for multiple imputation in Novo Nordisk",NA,"https://youtu.be/gEg0hnC6nww","Addressing estimands in clinical studies involves handling of intercurrent events and often multiple imputation methods are applied to handle missing data. In Novo Nordisk more and more programming tasks are done in R, but still multiple imputation methods are conducted using SAS. We look into the possibilities and obstacles of conducting multiple imputation using R and SAS interchangeably. The aim is to make it possible for the statisticians to choose between SAS and R based on either personal preferences or on which tool is best suited for the specific task. More specifically, the approach has been to simulate data, and to compare multiple imputation results from SAS (PROC MI and PROC MIANALYZE) to results from R (MICE package).",NA
"rinpharma_305","2022 Conference","abstract to follow","Talk",NA,"2022",2022-11-10,"11:30:00","11:40:00","Rose Grandy","Abbott","10 Practical Considerations for moving  to R","https://github.com/rinpharma/2022_presentations/blob/main/talks_folder/2022-Grandy-Pracical_Considerations_Moving_to_R.pptx","https://youtu.be/LZlcEh88eN0","abstract to follow",NA
"rinpharma_306","2022 Conference","RStudio is one of the most commonly used software integrated development environment (IDE) for R. In this talk we present RStudio on Amazon SageMaker, a fully managed RStudio IDE on AWS cloud. We also walk through a Health Care and Life Sciences use case for carrying out analysis and building a machine learning model, showcasing how RStudio on SageMaker can help streamlining the data processing, model building and model deployment process for data scientists and machine learning engineers.","Talk",NA,"2022",2022-11-10,"11:40:00","12:00:00","Eric Peña | Angela Samples | Farooq Sabir | Zheng Yang","AWS | AWS | AWS | AWS","RStudio on Amazon SageMaker: Streamlining the Healthcare and Life Sciences Machine Learning process",NA,"https://youtu.be/2xV67Upaidc","RStudio is one of the most commonly used software integrated development environment (IDE) for R. In this talk we present RStudio on Amazon SageMaker, a fully managed RStudio IDE on AWS cloud. We also walk through a Health Care and Life Sciences use case for carrying out analysis and building a machine learning model, showcasing how RStudio on SageMaker can help streamlining the data processing, model building and model deployment process for data scientists and machine learning engineers.",NA
"rinpharma_307","2022 Conference",NA,"Schedule only",NA,"2022",2022-11-10,"12:00:00","12:15:00",NA,NA,"Break",NA,NA,NA,"Unfortunately we do not currently have an abstract, copy of the slides or link to the video to this presentation"
"rinpharma_308","2022 Conference",NA,"Talk",NA,"2022",2022-11-10,"12:15:00","12:20:00","Maria Doyle","bioconductor","The Bioconductor Community",NA,"https://youtu.be/FtZyaM0YC9c",NA,NA
"rinpharma_309","2022 Conference","Nowadays R is the talk of everyone in the pharmaceutical industry. A lot is being said about statistical programming (CDISC datasets, TFLs) with R and addressing validation issues. The most important players embraced R in various areas of their activity and share their experience, develop game-changing tools, and propose solutions. But the market consists also of small CROs, like ours, fully based on R, harnessing it in all areas of our statistical and programming work: from the trial design, through creation of datasets, conducting planned and ad-hoc statistical analyses, generation of the TFLs, ending with the validation of both the outcomes and the R software itself. In the last 5 years of daily work with R, we gained a solid hands-on experience. Now we would like to share our story: the problems we faced, the measures we tried and the solutions that have proven successful. We believe in the importance of sharing experience from diverse subjects, as small CROs have their own specificity, needs and possibilities in terms of budget and people. This raises the awareness of differentiated challenges and needs, so important in working out effective, broad-based ways to make R a worthy competitor of the current industry standards.","Talk",NA,"2022",2022-11-10,"12:20:00","12:30:00","Adrian Olszewski","2KMM","Meet a 100% R-based CRO - the summary of a 5-year journey",NA,"https://youtu.be/cZ1T_vjA_Ko","Nowadays R is the talk of everyone in the pharmaceutical industry. A lot is being said about statistical programming (CDISC datasets, TFLs) with R and addressing validation issues. The most important players embraced R in various areas of their activity and share their experience, develop game-changing tools, and propose solutions. But the market consists also of small CROs, like ours, fully based on R, harnessing it in all areas of our statistical and programming work from the trial design, through creation of datasets, conducting planned and ad-hoc statistical analyses, generation of the TFLs, ending with the validation of both the outcomes and the R software itself. In the last 5 years of daily work with R, we gained a solid hands-on experience. Now we would like to share our story the problems we faced, the measures we tried and the solutions that have proven successful. We believe in the importance of sharing experience from diverse subjects, as small CROs have their own specificity, needs and possibilities in terms of budget and people. This raises the awareness of differentiated challenges and needs, so important in working out effective, broad-based ways to make R a worthy competitor of the current industry standards.",NA
"rinpharma_310","2022 Conference","Computationally-intensive workflows exist in the design, analysis, and simulation in all phases of clinical studies. The runtime of such workflows can be significantly longer than a Shiny app can practicably handle. In such situations, binding the execution of computational tasks with active browser sessions can be detrimental to the user experience, making both the tasks and the web application less reliable. We present a R based solution to accommodate long running workflows with asynchronous execution of background tasks. By utilizing functions from shiny, httr, plumber, and pins packages, one can construct scalable web applications capable of asynchronous processing that cover processing-block free task creation, execution, status query, and results retrieval. A Bayesian dose finding automation example will be used to illustrate how the proposed framework allows users to initiate long-running tasks remotely and review the results later without utilizing resources on their local devices.","Talk",NA,"2022",2022-11-10,"12:30:00","12:40:00","Nicole Jones","Merck","Asynchronous Processing of Long-Running Tasks in Shiny",NA,"https://youtu.be/G1JVt0m9qOo","Computationally-intensive workflows exist in the design, analysis, and simulation in all phases of clinical studies. The runtime of such workflows can be significantly longer than a Shiny app can practicably handle. In such situations, binding the execution of computational tasks with active browser sessions can be detrimental to the user experience, making both the tasks and the web application less reliable. We present a R based solution to accommodate long running workflows with asynchronous execution of background tasks. By utilizing functions from shiny, httr, plumber, and pins packages, one can construct scalable web applications capable of asynchronous processing that cover processing-block free task creation, execution, status query, and results retrieval. A Bayesian dose finding automation example will be used to illustrate how the proposed framework allows users to initiate long-running tasks remotely and review the results later without utilizing resources on their local devices.",NA
"rinpharma_311","2022 Conference","Continuous integration (CI) and continuous delivery (CD) are playing a pivotal role in ensuring that R projects in Pharma meet the highest quality standards. Particular focus is placed on ensuring that packages are fit for purpose both on internal systems as well as meeting the various requirements for CRAN/BioConductor. In this talk, we will discuss best practices that were adopted into making developer-friendly and efficient CI/CD pipelines and the impact that these pipelines have had in the open source Pharma community and at Roche/Genentech. Three case studies of package and pipelines will be discussed - one on a beginner level and two on an advanced level. The first will be CI/CD workflows for the Admiral R package and presented from the perspective of a newcomer to CI/CD. The second and third use cases will be regarding the NEST framework and the RBMI R package, both of which will have more advanced discussions presented by experienced CI/CD developers.","Talk",NA,"2022",2022-11-10,"12:40:00","13:00:00","Dinakar Kulkarni | Ben Straub | Craig Gower-Page","Genentech | GSK | Roche","How CI/CD Enhances the Development of R packages in the Pharmaverse",NA,"https://youtu.be/8HPpdv8crHo","Continuous integration (CI) and continuous delivery (CD) are playing a pivotal role in ensuring that R projects in Pharma meet the highest quality standards. Particular focus is placed on ensuring that packages are fit for purpose both on internal systems as well as meeting the various requirements for CRAN/BioConductor. In this talk, we will discuss best practices that were adopted into making developer-friendly and efficient CI/CD pipelines and the impact that these pipelines have had in the open source Pharma community and at Roche/Genentech. Three case studies of package and pipelines will be discussed - one on a beginner level and two on an advanced level. The first will be CI/CD workflows for the Admiral R package and presented from the perspective of a newcomer to CI/CD. The second and third use cases will be regarding the NEST framework and the RBMI R package, both of which will have more advanced discussions presented by experienced CI/CD developers.",NA
"rinpharma_312","2022 Conference",NA,"Schedule only",NA,"2022",2022-11-10,"13:00:00","13:10:00",NA,NA,"Break",NA,NA,NA,"Unfortunately we do not currently have an abstract, copy of the slides or link to the video to this presentation"
"rinpharma_313","2022 Conference","gtreg internally leverages gtsummary to streamline production for regulatory tables in clinical research. There are three functions to assist with adverse event reporting: tbl_ae_count(), tbl_ae(), and tbl_ae_focus(); tbl_ae_count() tabulates all AEs observed, whereas both tbl_ae() and tbl_ae_focus() count a single AE per subject by maximum grade. Furthermore, tbl_reg_summary() produces standard data summary tables often used in regulatory submissions and 'tbl_listing()' enables a formatted grouped printing of raw AE listings. All functions are highly customizable to make your regulatory reporting a breeze!","Talk",NA,"2022",2022-11-10,"13:10:00","13:20:00","Shannon Pileggi | Daniel Sjoberg","Memorial Sloan Kettering Cancer Center | Memorial Sloan Kettering Cancer Center","Introducing gtreg: an R package to produce regulatory tables for clinical research",NA,"https://youtu.be/Vo2v_Krqd_w","gtreg internally leverages gtsummary to streamline production for regulatory tables in clinical research. There are three functions to assist with adverse event reporting tbl_ae_count(), tbl_ae(), and tbl_ae_focus(); tbl_ae_count() tabulates all AEs observed, whereas both tbl_ae() and tbl_ae_focus() count a single AE per subject by maximum grade. Furthermore, tbl_reg_summary() produces standard data summary tables often used in regulatory submissions and 'tbl_listing()' enables a formatted grouped printing of raw AE listings. All functions are highly customizable to make your regulatory reporting a breeze!",NA
"rinpharma_314","2022 Conference","When working with big data sources, such as medical claims data, the process of data review and quality control (QC) can be both complex and tedious. R and RMarkdown have become common tools for data analytics and report writing in the pharmaceutical space. RMarkdown’s ability to integrate both the code used to query the data, with the results and visualization of it, provides a more powerful interface in which the output can contain both the process and the results, unifying two procedures which are separate with other approaches to the QC process. We present our analytical QC pipeline process which can be developed at the start of a new project and marries the processes of deeply understanding the underlying data in the early stages, with developing an ongoing pipeline of reports and QC procedures which can be automated and run in the future when the data is refreshed. The reduced timeline of this process greatly increases the speed in which updated data can be ingested accurately and confidently, and results in key stakeholders having quick access to the most up to date information in downstream processes and decision making.","Talk",NA,"2022",2022-11-10,"13:20:00","13:30:00","Patrick Hilden","Johnson & Johnson","RMarkdown for enhanced Quality Control & Documentation",NA,"https://youtu.be/lPRBoZeI01s","When working with big data sources, such as medical claims data, the process of data review and quality control (QC) can be both complex and tedious. R and RMarkdown have become common tools for data analytics and report writing in the pharmaceutical space. RMarkdown’s ability to integrate both the code used to query the data, with the results and visualization of it, provides a more powerful interface in which the output can contain both the process and the results, unifying two procedures which are separate with other approaches to the QC process. We present our analytical QC pipeline process which can be developed at the start of a new project and marries the processes of deeply understanding the underlying data in the early stages, with developing an ongoing pipeline of reports and QC procedures which can be automated and run in the future when the data is refreshed. The reduced timeline of this process greatly increases the speed in which updated data can be ingested accurately and confidently, and results in key stakeholders having quick access to the most up to date information in downstream processes and decision making.",NA
"rinpharma_315","2022 Conference","The Pharmaceutical industry is adopting new tools and technologies, putting pressure on individuals to learn many new skills in a short period of time. In order to both promote these new ways of working, and to assist those adopting it, at Genentech we are building a new Coursera specialisation. In this talk I will share details of what this specialisation will cover and when you can expect it to be available. I will discuss the different aspects of data science we chose to focus on, and how we are going to promote the use of pharmaverse tools for clinical reporting.","Talk",NA,"2022",2022-11-10,"13:30:00","13:40:00","Kieran Martin","Roche","Data Science in the Pharmaceutical Industry: A Coursera Specialisation",NA,"https://youtu.be/Ocs7TN2Yauc","The Pharmaceutical industry is adopting new tools and technologies, putting pressure on individuals to learn many new skills in a short period of time. In order to both promote these new ways of working, and to assist those adopting it, at Genentech we are building a new Coursera specialisation. In this talk I will share details of what this specialisation will cover and when you can expect it to be available. I will discuss the different aspects of data science we chose to focus on, and how we are going to promote the use of pharmaverse tools for clinical reporting.",NA
"rinpharma_316","2022 Conference","Panel Discussion - Finding A Way: Career stories from 4 senior level women in data science","Panel",NA,"2022",2022-11-10,"13:40:00","14:30:00","Panel Discussion - Finding A Way: Career stories from 4 senior level women in data science","various","Panel Discussion - Finding A Way: Career stories from 4 senior level women in data science",NA,NA,"Panel Discussion - Finding A Way Career stories from 4 senior level women in data science",NA
"rinpharma_317","2022 Conference",NA,"Schedule only",NA,"2022",2022-11-10,"14:30:00","14:40:00","Eric Nantz","Eli Lilly","Closing Comments",NA,"https://youtu.be/d73Nft1xMrE",NA,NA
"rinpharma_318","2023 Conference",NA,"Workshop",NA,"2023",2023-10-16,"09:00:00","13:00:00","Rich Iannone","Posit","Using pointblank Package to Ensure Maximal Data Quality: Pfizer Case Study",NA,"https://youtu.be/iz4CQL0JGa8",NA,NA
"rinpharma_319","2023 Conference",NA,"Workshop",NA,"2023",2023-10-16,"12:00:00","14:00:00","Daniel Lee","Bayesian Ops","Building a Survival Model in Stan",NA,NA,NA,"Unfortunately we do not currently have an abstract, copy of the slides or link to the video to this presentation"
"rinpharma_320","2023 Conference",NA,"Workshop",NA,"2023",2023-10-16,"14:00:00","16:00:00","Allison Horst","Observable","Observable Plot",NA,"https://youtu.be/M6fP68XnacM",NA,NA
"rinpharma_321","2023 Conference",NA,"Workshop",NA,"2023",2023-10-17,"10:00:00","14:00:00","Alexandra Lauer | Christina Fillmore | Irene Vassallo | Lyn Taylor","Merck KGaA, Darmstadt, Germany | GSK | Incyte | Parexel","Version Control with Git & RStudio – Handy Tips for Use & How to Resolve Common Issues",NA,"https://youtu.be/qJWoNcbu98M",NA,NA
"rinpharma_322","2023 Conference",NA,"Workshop",NA,"2023",2023-10-17,"14:00:00","16:00:00","Megan Chiang","Procogia","Visual Studio Code for Pharma: An Introduction",NA,"https://youtu.be/TclI9DjXK2c",NA,NA
"rinpharma_323","2023 Conference",NA,"Workshop",NA,"2023",2023-10-18,"09:00:00","11:00:00","Nicola Rennie","Lancaster University","Introduction to Machine Learning with {tidymodels}",NA,"https://youtu.be/i-Rm2HUWgnc",NA,NA
"rinpharma_324","2023 Conference",NA,"Workshop",NA,"2023",2023-10-18,"13:00:00","16:30:00","Devin Pastoor | Priyanka Gagneja | Mutaz Jaber","A2-AI | Procogia | Gilead","Quarto All the Things!",NA,"https://youtu.be/k-dQ36sx4Rk",NA,NA
"rinpharma_325","2023 Conference",NA,"Workshop",NA,"2023",2023-10-18,"13:00:00","15:00:00","Will Landau","Eli Lilly","{targets} & {crew} for Clinical Trial Simulation Pipelines",NA,"https://youtu.be/cyF2dzloVLo",NA,NA
"rinpharma_326","2023 Conference",NA,"Workshop",NA,"2023",2023-10-19,"08:00:00","10:00:00","Joana Marques-Barros","Idorsia","A Case-Study Driven Motivation of Analysis Results Data",NA,"https://youtu.be/tOCsvU7yaJM",NA,NA
"rinpharma_327","2023 Conference",NA,"Workshop",NA,"2023",2023-10-19,"10:00:00","12:00:00","Daniel Sabanés Bové | Doug Kelkhoff","Roche | Roche","From The Statistical Method To The R Package - The mmrm Example",NA,"https://youtu.be/bi6iDcTnCeo",NA,NA
"rinpharma_328","2023 Conference",NA,"Workshop",NA,"2023",2023-10-19,"15:00:00","17:00:00","Jose Sergio Hleap Lozano","Procogia","An Intro to Unveiling OPS Cell Patterns with Python",NA,"https://youtu.be/-SjOQM8w1vI",NA,NA
"rinpharma_329","2023 Conference",NA,"Workshop",NA,"2023",2023-10-20,"08:00:00","10:00:00","Kangjie Zhang","Bayer","Pharmaverse Friday: Pharmaverse Champion.  Intro to the Pharmaverse",NA,"https://youtu.be/nHbDmxjVqRM",NA,NA
"rinpharma_330","2023 Conference",NA,"Workshop",NA,"2023",2023-10-20,"11:00:00","14:00:00","Dony Unardi","Genentech","Pharmaverse Friday: Revolutionize Clinical Trial Data Exploration - teal",NA,"https://youtu.be/3S4_WROtFK8",NA,NA
"rinpharma_331","2023 Conference",NA,"Workshop",NA,"2023",2023-10-20,"14:30:00","17:00:00","Davide Garolini","Roche","Pharmaverse Friday: Generating TLGs using NEST / Falcon - a Masterclass",NA,"https://youtu.be/YPmbLPSYFYM",NA,NA
"rinpharma_332","2023 Conference",NA,"Workshop",NA,"2023",2023-10-23,"10:00:00","13:00:00","Martin Frigaard","Atorus Research","Developing & Testing Your Shiny Application",NA,"https://youtu.be/HApff2wBM2I",NA,NA
"rinpharma_333","2023 Conference",NA,"Remarks",NA,"2023",2023-10-24,"10:00:00","10:10:00","Harvey Lieberman","Novartis","Opening Remarks",NA,"https://youtu.be/zQaHd2IeOq4",NA,NA
"rinpharma_334","2023 Conference","Data sources and the volume of data available for driving discovery and informing decisions have substantially increased over time. This increase has resulted in an evolving data and regulatory landscape ripe for the expertise of statisticians and data scientists. Statisticians and data scientists must play a key role to ensure the appropriate use of data and soundness of conclusions reached from analyses of the data. In this talk, we will explore the landscape identifying challenges and opportunities and highlight our contributions and impact.","Keynote",NA,"2023",2023-10-24,"10:10:00","10:50:00","Dionne Price","FDA","Our Impact in the Evolving Data Landscape","https://github.com/rinpharma/2023_presentations/blob/main/talks_folder/2023-Price-Impact_on_Evolving_Landscape.pptx","https://youtu.be/elbMQzV3o1o","Data sources and the volume of data available for driving discovery and informing decisions have substantially increased over time. This increase has resulted in an evolving data and regulatory landscape ripe for the expertise of statisticians and data scientists. Statisticians and data scientists must play a key role to ensure the appropriate use of data and soundness of conclusions reached from analyses of the data. In this talk, we will explore the landscape identifying challenges and opportunities and highlight our contributions and impact.",NA
"rinpharma_335","2023 Conference",NA,"Schedule only",NA,"2023",2023-10-24,"10:50:00","11:00:00",NA,NA,"Break",NA,NA,NA,"Unfortunately we do not currently have an abstract, copy of the slides or link to the video to this presentation"
"rinpharma_336","2023 Conference",NA,"Talk",NA,"2023",2023-10-24,"11:00:00","11:20:00","David Gohel","ArData","Clinical Tables with flextable, tables and rtables","https://ardata.fr/r-in-pharma-2023-10-24/","https://youtu.be/mjAVPZa8y8Y",NA,NA
"rinpharma_337","2023 Conference",NA,"Talk",NA,"2023",2023-10-24,"11:20:00","11:30:00","Rich Iannone","Posit","Improvements made to {gt} in 2023","https://github.com/rich-iannone/presentations/tree/main/2023-10-23-rpharma_gt_2023","https://youtu.be/xs8ZNFkLrg0",NA,NA
"rinpharma_338","2023 Conference","Clinical development requires quick access to live trial data to address safety questions and evaluate data quality.  Historically, teams have resorted to Excel to manually populate patient profiles, despite human error limitations, inefficiency, and lack of reproducibility. Other solutions offer singular views that require repetitive programming and CDISC SDTM/ADaM dependencies. These options rarely provide quality information at a fast turnaround pace.  To solve these issues, we developed {ctpatprofile}, a modular Shiny app framework for on-demand, user generated patient profiles using live, raw EDC and central lab data. Building on Sarepta’s 2022 {usebox} talk, {ctpatprofile} features Python BOX SDK for data ingestion, an approachable 1-click UI, and exports to standard outputs for communication.  We will compare trade-offs of using EDC raw data vs derived data and emphasize the use case of starting from raw data, a common scenario in Biotech, or early-stage clinical trials. We will show technical innovations like flexible YAML configurations and parallelized R Markdown PDF rendering for enhanced user experience. We hope the information shared will help Pharmas/Biotechs to explore creating patient profiles from raw EDC data.","Talk",NA,"2023",2023-10-24,"11:30:00","11:40:00","Preston Burns | Nathan Kosiba","Sarepta | Sarepta","EDC to Patient Profiles: A Biotech {ctpatprofile} Story","https://github.com/rinpharma/2023_presentations/blob/main/talks_folder/2023-Burns-EDC_to_Patient_Profiles.pptx","https://youtu.be/gNsLvYibL-c","Clinical development requires quick access to live trial data to address safety questions and evaluate data quality.  Historically, teams have resorted to Excel to manually populate patient profiles, despite human error limitations, inefficiency, and lack of reproducibility. Other solutions offer singular views that require repetitive programming and CDISC SDTM/ADaM dependencies. These options rarely provide quality information at a fast turnaround pace.  To solve these issues, we developed  ctpatprofile , a modular Shiny app framework for on-demand, user generated patient profiles using live, raw EDC and central lab data. Building on Sarepta’s 2022  usebox  talk,  ctpatprofile  features Python BOX SDK for data ingestion, an approachable 1-click UI, and exports to standard outputs for communication.  We will compare trade-offs of using EDC raw data vs derived data and emphasize the use case of starting from raw data, a common scenario in Biotech, or early-stage clinical trials. We will show technical innovations like flexible YAML configurations and parallelized R Markdown PDF rendering for enhanced user experience. We hope the information shared will help Pharmas/Biotechs to explore creating patient profiles from raw EDC data.",NA
"rinpharma_339","2023 Conference",NA,"Talk",NA,"2023",2023-10-24,"11:40:00","12:00:00","Herb Pang","Genentech","Trends and Current Landscape of ML/AI Publications with Open Source Tools",NA,"https://youtu.be/KnMKIQxfv04",NA,NA
"rinpharma_340","2023 Conference",NA,"Schedule only",NA,"2023",2023-10-24,"12:00:00","12:20:00",NA,NA,"Break",NA,NA,NA,"Unfortunately we do not currently have an abstract, copy of the slides or link to the video to this presentation"
"rinpharma_341","2023 Conference","Data monitoring to ensure patient safety is an important process in clinical trials. An independent data monitoring committee (DMC) reviews safety data periodically to interpret findings and assess various safety signals. Sponsors typically provide static reports that include tables, listings, and figures (TLFs) to help with this assessment. However, these static reports may not offer quick access to information for specific data points, requiring DMC members to navigate multiple pages or request additional details from the sponsor. To help DMC members review process, we developed an end-to-end process and tools to create interactive reports with drill down options using open-sourced R packages. Using ADaM data as input, these tools can generate interactive reports that the DMC can use to get easy access to additional details on-demand resulting in efficient review and enhanced user experience.","Talk",NA,"2023",2023-10-24,"12:20:00","12:30:00","Ben Wang","Merck","Interactive Reporting for Safety Monitoring",NA,"https://youtu.be/QR1gA0TS3yY","Data monitoring to ensure patient safety is an important process in clinical trials. An independent data monitoring committee (DMC) reviews safety data periodically to interpret findings and assess various safety signals. Sponsors typically provide static reports that include tables, listings, and figures (TLFs) to help with this assessment. However, these static reports may not offer quick access to information for specific data points, requiring DMC members to navigate multiple pages or request additional details from the sponsor. To help DMC members review process, we developed an end-to-end process and tools to create interactive reports with drill down options using open-sourced R packages. Using ADaM data as input, these tools can generate interactive reports that the DMC can use to get easy access to additional details on-demand resulting in efficient review and enhanced user experience.",NA
"rinpharma_342","2023 Conference","Pharmacokinetic (PK) analysis data programming poses some unique challenges.  For example, both dosing and concentration records are included, and nominal and actual relative time variables that reference the first dose, the previous dose, or the next upcoming dose are required.  Modelling data may require a number of numeric covariates.  CDISC ADaM submission standards for Non-compartmental Analysis (ADNCA) data have recently been published, and new standards for Population PK (ADPPK) are forthcoming.  {admiral} is an open-source R package for creating CDISC ADaM data.  It can be used effectively to create both types of PK analysis data.  Additional tools from other Pharmaverse packages such as {metacore} and {metatools} can be used to simplify the workflow.  I will discuss some of the challenges of Pharmacokinetic data programming and show some of the solutions developed in {admiral} and the Pharmaverse.","Talk",NA,"2023",2023-10-24,"12:30:00","12:40:00","Jeff Dickinson","Navitas Data Sciences","Pharmacokinetic (PK) data programming in {admiral} and the Pharmaverse",NA,"https://youtu.be/70tqe60aL1w","Pharmacokinetic (PK) analysis data programming poses some unique challenges.  For example, both dosing and concentration records are included, and nominal and actual relative time variables that reference the first dose, the previous dose, or the next upcoming dose are required.  Modelling data may require a number of numeric covariates.  CDISC ADaM submission standards for Non-compartmental Analysis (ADNCA) data have recently been published, and new standards for Population PK (ADPPK) are forthcoming.   admiral  is an open-source R package for creating CDISC ADaM data.  It can be used effectively to create both types of PK analysis data.  Additional tools from other Pharmaverse packages such as  metacore  and  metatools  can be used to simplify the workflow.  I will discuss some of the challenges of Pharmacokinetic data programming and show some of the solutions developed in  admiral  and the Pharmaverse.",NA
"rinpharma_343","2023 Conference","Finding the right dose is a critical step in pharmaceutical drug development. There has been varies statistical methodology development for the design and analysis of clinical studies. In particular, MCP-Mod (Multiple Comparisons Procedure - Modelling) has gain increasing popularity and has received wide recognition from the regulatory agencies (e.g., EMA in 2014 and FDA in 2016) on the design and analysis for Phase 2 studies. Based on the methodology, R package, DoseFinding, provides functions for both design and analysis of dose-finding experiments. Novartis has conducted a survey of how to help the associate to easily access the tools to use MCP-Mod for the design of Phase 2b study. As a result, a Rshiny app is developed focus on the design of Phase 2b study based on MCP-Mod. The app handles continuous, binary and count endpoint, and allow computations based on multiple choices of study set simultaneously.","Talk",NA,"2023",2023-10-24,"12:40:00","12:50:00","Sophie Sun","Novartis","Rshiny app on Ph2b trial design based on MCP-Mod",NA,"https://youtu.be/E4zcndQKv2o","Finding the right dose is a critical step in pharmaceutical drug development. There has been varies statistical methodology development for the design and analysis of clinical studies. In particular, MCP-Mod (Multiple Comparisons Procedure - Modelling) has gain increasing popularity and has received wide recognition from the regulatory agencies (e.g., EMA in 2014 and FDA in 2016) on the design and analysis for Phase 2 studies. Based on the methodology, R package, DoseFinding, provides functions for both design and analysis of dose-finding experiments. Novartis has conducted a survey of how to help the associate to easily access the tools to use MCP-Mod for the design of Phase 2b study. As a result, a Rshiny app is developed focus on the design of Phase 2b study based on MCP-Mod. The app handles continuous, binary and count endpoint, and allow computations based on multiple choices of study set simultaneously.",NA
"rinpharma_344","2023 Conference","The Pharmaceutical industry is moving towards open-source tools with companies adopting R/Shiny to revolutionize their processes in clinical reporting, drug development, and translational research, among other areas.  One of the initiatives of this global effort focuses on improving the practices of R-based clinical trial regulatory submission. The “R Submission Working Group” is exploring the use of R/Shiny applications for regulatory agencies to interactively review the data and analysis, complementing the static and extensive documentation.  We are going to take a look at the {teal}-based Shiny application that is being used as a proof-of-concept in FDA pilots and present two formats for packaging the application that aims at allowing the reviewers to access the application seamlessly and without the overhead of setting a complex local R environment and installing all the packages and system dependencies.  The packaging formats include Podman, an open-source alternative to Docker, and webR, which allows R and Shiny to run exclusively in the browser without any system dependencies. webR is still under heavy development and it is an exciting opportunity that is made possible by the innovation of an open-source global community.","Talk",NA,"2023",2023-10-24,"12:50:00","13:00:00","André Veríssimo","Appsilon","Exploring the Packaging of R / Shiny Applications for Regulatory Submission",NA,"https://youtu.be/5Vn_401UBTA","The Pharmaceutical industry is moving towards open-source tools with companies adopting R/Shiny to revolutionize their processes in clinical reporting, drug development, and translational research, among other areas.  One of the initiatives of this global effort focuses on improving the practices of R-based clinical trial regulatory submission. The “R Submission Working Group” is exploring the use of R/Shiny applications for regulatory agencies to interactively review the data and analysis, complementing the static and extensive documentation.  We are going to take a look at the  teal -based Shiny application that is being used as a proof-of-concept in FDA pilots and present two formats for packaging the application that aims at allowing the reviewers to access the application seamlessly and without the overhead of setting a complex local R environment and installing all the packages and system dependencies.  The packaging formats include Podman, an open-source alternative to Docker, and webR, which allows R and Shiny to run exclusively in the browser without any system dependencies. webR is still under heavy development and it is an exciting opportunity that is made possible by the innovation of an open-source global community.",NA
"rinpharma_345","2023 Conference",NA,"Schedule only",NA,"2023",2023-10-24,"13:00:00","13:10:00",NA,NA,"Break",NA,NA,NA,"Unfortunately we do not currently have an abstract, copy of the slides or link to the video to this presentation"
"rinpharma_346","2023 Conference","In this talk, we would like to introduce openstatsware, an official working group of the American Statistical Association (ASA) Biopharmaceutical Section. The working group has a primary objective to engineer R packages that implement important statistical methods, with current focus on mixed models for repeated measures (MMRM) for both frequentist and Bayesian inferences, and health technology assessment (HTA). The secondary objective is to develop and disseminate best practices for engineering high-quality open-source statistical software, for which we have given workshops in different countries/cities and made Youtube video series for education purpose. We would also like to introduce the R package {mmrm} for implementing MMRM, which was developed as a cross-company collaboration via openstatsware. A critical advantage of {mmrm} over existing implementations is that it is faster and converges more reliably. It also provides a comprehensive set of features: users can specify a variety of covariance matrices, weight observations, fit models with restricted or standard maximum likelihood inference, perform hypothesis testing with Satterthwaite or Kenward-Roger adjusted degrees of freedom, extract the least square means estimates using the emmeans package, and use tidymodels for easy model fitting. We aim to establish {mmrm} as a new standard for fitting MMRM.","Talk",NA,"2023",2023-10-24,"13:10:00","13:20:00","Ya Wang","Gilead","Introducing openstatsware and the R package {mmrm}","https://github.com/rinpharma/2023_presentations/blob/main/talks_folder/2023-Wang-openstatsware.pptx","https://youtu.be/lysq0HvkhDM","In this talk, we would like to introduce openstatsware, an official working group of the American Statistical Association (ASA) Biopharmaceutical Section. The working group has a primary objective to engineer R packages that implement important statistical methods, with current focus on mixed models for repeated measures (MMRM) for both frequentist and Bayesian inferences, and health technology assessment (HTA). The secondary objective is to develop and disseminate best practices for engineering high-quality open-source statistical software, for which we have given workshops in different countries/cities and made Youtube video series for education purpose. We would also like to introduce the R package  mmrm  for implementing MMRM, which was developed as a cross-company collaboration via openstatsware. A critical advantage of  mmrm  over existing implementations is that it is faster and converges more reliably. It also provides a comprehensive set of features users can specify a variety of covariance matrices, weight observations, fit models with restricted or standard maximum likelihood inference, perform hypothesis testing with Satterthwaite or Kenward-Roger adjusted degrees of freedom, extract the least square means estimates using the emmeans package, and use tidymodels for easy model fitting. We aim to establish  mmrm  as a new standard for fitting MMRM.",NA
"rinpharma_347","2023 Conference","In 2022, our team announced the first release of the {tfrmt} package, providing clinical programmers with the novel ability to create tables without data. With its metadata-driven engine applied to the emerging industry standard of Analysis Results Data (ARD), {tfrmt} stands out among an abundance of other R-based table-making utilities.  As we entered 2023, we sought to extend the capabilities of {tfrmt} to a wider user-base, beyond teams working solely in R. In this presentation, I will share our efforts to bridge the gap between {tfrmt} and its range of potential users. This includes the development of the companion Shiny app, {tfrmtbuilder}, which simplifies the learning process for newcomers and enables advanced customizations for non-programmers. Additionally, {tfrmt}’s new ability to generate and consume language-agnostic metadata is crucial for templating and reuse.  Attendees will learn about our approach and discover how to incorporate {tfrmt}, along with its recent enhancements, into their unique workflows.","Talk",NA,"2023",2023-10-24,"13:20:00","13:30:00","Becca Krouse","GSK","Everyones Invited: A Case Study on Bridging the Usability Gap","https://github.com/rinpharma/2023_presentations/blob/main/talks_folder/2023-Krouse-Bridging_Usability_Gap.pptx","https://youtu.be/Zg1LPJSO0kQ","In 2022, our team announced the first release of the  tfrmt  package, providing clinical programmers with the novel ability to create tables without data. With its metadata-driven engine applied to the emerging industry standard of Analysis Results Data (ARD),  tfrmt  stands out among an abundance of other R-based table-making utilities.  As we entered 2023, we sought to extend the capabilities of  tfrmt  to a wider user-base, beyond teams working solely in R. In this presentation, I will share our efforts to bridge the gap between  tfrmt  and its range of potential users. This includes the development of the companion Shiny app,  tfrmtbuilder , which simplifies the learning process for newcomers and enables advanced customizations for non-programmers. Additionally,  tfrmt ’s new ability to generate and consume language-agnostic metadata is crucial for templating and reuse.  Attendees will learn about our approach and discover how to incorporate  tfrmt , along with its recent enhancements, into their unique workflows.",NA
"rinpharma_348","2023 Conference","Panel Discussion - Novo Nordisk: Journey to an R-Based FDA Submission","Panel",NA,"2023",2023-10-24,"13:30:00","14:30:00","Panel Discussion - Novo Nordisk: Journey to an R-Based FDA Submission","various","Panel Discussion - Novo Nordisk: Journey to an R-Based FDA Submission",NA,NA,"Panel Discussion - Novo Nordisk Journey to an R-Based FDA Submission",NA
"rinpharma_349","2023 Conference",NA,"Remarks",NA,"2023",2023-10-25,"10:00:00","10:10:00","Sophie Shapcott","Gem Programming","Opening Remarks",NA,"https://youtu.be/fFv6mY8OlM0",NA,NA
"rinpharma_350","2023 Conference","Historically building a great SCE for clinical reporting involved selecting a vendor, integrating their product, and supporting a single proprietary language. The shift to report clinical trials using R has had a much broader impact than just swapping out a language, with it also catalysing the adoption of data science in statistical programming. For the team building the latest generation of SCEs, this has led to a complex eco-system of dynamic dependencies to enable reproducible research, the need to adapt to a much faster pace of development of the tools used, and facilitated bringing different elements of evidence generation like trial design, and real world evidence, to co-exist with statistical programming. During this talk, we’ll discuss this evolution, the underlying tensions we continue to tackle aspiring to balance innovation against business continuity, and the critical role SCE architecture plays facilitating a shift to data science.","Keynote",NA,"2023",2023-10-25,"10:10:00","10:50:00","James Black","Roche","The importance of the SCE in enabling our shift from proprietary programming to open-source data science","https://epijim.uk/static/slides/JamesBlackRPharma2023.pdf","https://youtu.be/XO-oPX1TBuw","Historically building a great SCE for clinical reporting involved selecting a vendor, integrating their product, and supporting a single proprietary language. The shift to report clinical trials using R has had a much broader impact than just swapping out a language, with it also catalysing the adoption of data science in statistical programming. For the team building the latest generation of SCEs, this has led to a complex eco-system of dynamic dependencies to enable reproducible research, the need to adapt to a much faster pace of development of the tools used, and facilitated bringing different elements of evidence generation like trial design, and real world evidence, to co-exist with statistical programming. During this talk, we’ll discuss this evolution, the underlying tensions we continue to tackle aspiring to balance innovation against business continuity, and the critical role SCE architecture plays facilitating a shift to data science.",NA
"rinpharma_351","2023 Conference",NA,"Schedule only",NA,"2023",2023-10-25,"10:50:00","11:00:00",NA,NA,"Break",NA,NA,NA,"Unfortunately we do not currently have an abstract, copy of the slides or link to the video to this presentation"
"rinpharma_352","2023 Conference",NA,"Talk",NA,"2023",2023-10-25,"11:00:00","11:20:00","Viral Shah | Elisabeth Roesch","JuliaHub | JuliaHub","Accelerating Modeling and Simulation with Scientific Machine Learning in Julia","https://github.com/JuliaComputing/JuliaPharmaDemo/blob/main/RinPharma%202023.pdf","https://youtu.be/exBOxcf8qqE",NA,NA
"rinpharma_353","2023 Conference","torch is an R port of PyTorch, a scientific computing library that enables fast and easy creation and training of deep learning models. In this talk, you will learn about the latest features and developments in torch, such as luz, a higher level interface that simplifies your model training code, and vetiver, a new integration that allows you to deploy your torch models with just a few lines of code. You will also see how torch works well with other R packages and tools to enhance your data science workflow. Whether you are new to torch or already an experienced user, this talk will show you how torch can help you tackle your data science challenges and inspire you to build your own models.","Talk",NA,"2023",2023-10-25,"11:20:00","11:30:00","Daniel Falbel","Posit","Getting started with torch in R",NA,"https://youtu.be/_YCfCbMB-ZM","torch is an R port of PyTorch, a scientific computing library that enables fast and easy creation and training of deep learning models. In this talk, you will learn about the latest features and developments in torch, such as luz, a higher level interface that simplifies your model training code, and vetiver, a new integration that allows you to deploy your torch models with just a few lines of code. You will also see how torch works well with other R packages and tools to enhance your data science workflow. Whether you are new to torch or already an experienced user, this talk will show you how torch can help you tackle your data science challenges and inspire you to build your own models.",NA
"rinpharma_354","2023 Conference",NA,"Talk",NA,"2023",2023-10-25,"11:30:00","11:40:00","Max Kuhn","Posit","Serverless Shiny in Quarto Documents","https://topepo.github.io/2023-r-pharma","https://youtu.be/1mq9YgAEdXU",NA,NA
"rinpharma_355","2023 Conference","The use of R in submissions to healthcare regulators presents challenges as the quality of packages must be ensured, and evidence of this quality must be readily available. The Regulatory R Package Repository Working Group aims to tackle these issues by identifying and prototyping a technical framework that supports a transparent, open, dynamic, and cross-industry approach to creating and maintaining a repository of R packages, complete with evidence of their quality and assessment criteria. This initiative aims to streamline in-house validation processes, facilitate burden-sharing of validation efforts, improve package quality through transparent, open peer review, and minimize risks associated with using public R packages for analyses submitted to regulatory bodies. Over the past few months, the group has recruited key representatives, including validation managers and regulatory authorities, conducted stakeholder interviews, and explored product concepts. This talk will present the key findings from the stakeholder interviews, discuss the product concepts generated thus far, and outline the future steps for the Regulatory R Package Repository Working Group.","Talk",NA,"2023",2023-10-25,"11:40:00","12:00:00","Juliane Manitz | Coline Zeballos","EMD Serono | Roche","Updates from the R Validation Hub: Towards a Pharma Repository","https://pharmar.github.io/events-rpharma2023","https://youtu.be/wguDZGqqIFk","The use of R in submissions to healthcare regulators presents challenges as the quality of packages must be ensured, and evidence of this quality must be readily available. The Regulatory R Package Repository Working Group aims to tackle these issues by identifying and prototyping a technical framework that supports a transparent, open, dynamic, and cross-industry approach to creating and maintaining a repository of R packages, complete with evidence of their quality and assessment criteria. This initiative aims to streamline in-house validation processes, facilitate burden-sharing of validation efforts, improve package quality through transparent, open peer review, and minimize risks associated with using public R packages for analyses submitted to regulatory bodies. Over the past few months, the group has recruited key representatives, including validation managers and regulatory authorities, conducted stakeholder interviews, and explored product concepts. This talk will present the key findings from the stakeholder interviews, discuss the product concepts generated thus far, and outline the future steps for the Regulatory R Package Repository Working Group.",NA
"rinpharma_356","2023 Conference",NA,"Schedule only",NA,"2023",2023-10-25,"12:00:00","12:20:00",NA,NA,"Break",NA,NA,NA,"Unfortunately we do not currently have an abstract, copy of the slides or link to the video to this presentation"
"rinpharma_357","2023 Conference","Since 2021, the FDA and the NIH have increased citations and notifications for non-compliance with required results reporting on ClinicalTrials.gov. Many studies still do not submit results to ClinicalTrials.gov; some do not publish results after 3 years following study completion. Institutions are limited by a system that provides useful data, but additional steps are required to plan for future actions. Some institutions develop procedures that are not reproducible elsewhere. Private companies have developed software to monitor compliance with a cost. To date, there are a lack of low cost solutions to help institutions remain compliant. The Clinical Trials Dashboard aims to increase compliance by making tracking registration and results status simple, transparent, and reproducible. A user uploads the csv files downloaded from the Protocol Registration and Results System and the dashboard merges, aggregates, and flags studies for review. Downloads include retrospective report as displayed in the dashboard; prospective results, including NIH-defined clinical trials, due in next quarter; and a file with parsed contact information to plan compliance activity.","Talk",NA,"2023",2023-10-25,"12:20:00","12:30:00","Kaitlin Maciejewski | Jesse Reynolds","Yale Center for Analytical Sciences | Yale Center for Analytical Sciences","Clinical Trials Reporting Dashboard","https://github.com/rinpharma/2023_presentations/blob/main/talks_folder/2023-Maciejewski-Clinical_Trials_Reporting_Dashboard.pptx","https://youtu.be/XzgiMbBuUyc","Since 2021, the FDA and the NIH have increased citations and notifications for non-compliance with required results reporting on ClinicalTrials.gov. Many studies still do not submit results to ClinicalTrials.gov; some do not publish results after 3 years following study completion. Institutions are limited by a system that provides useful data, but additional steps are required to plan for future actions. Some institutions develop procedures that are not reproducible elsewhere. Private companies have developed software to monitor compliance with a cost. To date, there are a lack of low cost solutions to help institutions remain compliant. The Clinical Trials Dashboard aims to increase compliance by making tracking registration and results status simple, transparent, and reproducible. A user uploads the csv files downloaded from the Protocol Registration and Results System and the dashboard merges, aggregates, and flags studies for review. Downloads include retrospective report as displayed in the dashboard; prospective results, including NIH-defined clinical trials, due in next quarter; and a file with parsed contact information to plan compliance activity.",NA
"rinpharma_358","2023 Conference","How does a risk-averse Pharma Biostatistics organization with 800+ people switch from using proprietary software to using R and other open-source tools for delivering clinical trial submissions? First slowly, then all at once. GSK started the transition of using R for its clinical trial data analysis in 2020 and now uses R for our regulatory-reviewed outputs. The AccelerateR Team, an agile pod of R experts and data scientists, rotates through GSK Biostatistics study teams sitting side by side to answer questions and mentor during this transition.
We will share our experience from AccelerateR and how other organizations can use our learnings to scale R from pilots to full enterprise adoption and contribute to open source industry R packages.","Talk",NA,"2023",2023-10-25,"12:30:00","12:40:00","Ben Arancibia","GSK","The Need for Speed - AccelerateR-ing R Adoption in GSK","https://github.com/rinpharma/2023_presentations/blob/main/talks_folder/2023-Arancibia-R-Adoption_GSK.pptx","https://youtu.be/zp8uf8yfdv0","How does a risk-averse Pharma Biostatistics organization with 800+ people switch from using proprietary software to using R and other open-source tools for delivering clinical trial submissions? First slowly, then all at once. GSK started the transition of using R for its clinical trial data analysis in 2020 and now uses R for our regulatory-reviewed outputs. The AccelerateR Team, an agile pod of R experts and data scientists, rotates through GSK Biostatistics study teams sitting side by side to answer questions and mentor during this transition. We will share our experience from AccelerateR and how other organizations can use our learnings to scale R from pilots to full enterprise adoption and contribute to open source industry R packages.",NA
"rinpharma_359","2023 Conference",NA,"Talk",NA,"2023",2023-10-25,"12:40:00","13:00:00","Mike Smith | Sam Parmar | Natalia Andriychuk","Pfizer | Pfizer | Pfizer","Good Practices for Creating Reproducible Content From Shiny Apps","https://github.com/rinpharma/2023_presentations/blob/main/talks_folder/2023-Parmar-Reproducible_Content_Shiny_Apps.pptx","https://youtu.be/Ap4TvOkT-Ak",NA,NA
"rinpharma_360","2023 Conference",NA,"Schedule only",NA,"2023",2023-10-25,"13:00:00","13:10:00",NA,NA,"Break",NA,NA,NA,"Unfortunately we do not currently have an abstract, copy of the slides or link to the video to this presentation"
"rinpharma_361","2023 Conference","Streamlining clinical trial output workflows is a key challenge for clinical studies. Our project leverages Python to link the planned analysis stored in a google sheet LoPO (List of clinical study Planned Outputs) to the study scripts that generates SDTM/ADAM/TLG outputs. We also employ Snakemake, a powerful workflow management system, to automate creation of an execution plan that can then orchestrate the generation of output files from the processed data, using parallel computing.  To simplify the data collection process, we have created a Google Sheets add-on that allows statistical programming analysts to input clinical studies information directly.  Using the in-production LoPO tool as a case study, we will present learnings that have shaped our current best practices on writing, versioning, testing and deploying a Python package as a critical component of our clinical reporting workflow.","Talk",NA,"2023",2023-10-25,"13:10:00","13:20:00","Daphné Grasselly","Roche","Learnings from deploying a Python package to orchestrate clinical trials outputs generation",NA,"https://youtu.be/_ophOr5McG8","Streamlining clinical trial output workflows is a key challenge for clinical studies. Our project leverages Python to link the planned analysis stored in a google sheet LoPO (List of clinical study Planned Outputs) to the study scripts that generates SDTM/ADAM/TLG outputs. We also employ Snakemake, a powerful workflow management system, to automate creation of an execution plan that can then orchestrate the generation of output files from the processed data, using parallel computing.  To simplify the data collection process, we have created a Google Sheets add-on that allows statistical programming analysts to input clinical studies information directly.  Using the in-production LoPO tool as a case study, we will present learnings that have shaped our current best practices on writing, versioning, testing and deploying a Python package as a critical component of our clinical reporting workflow.",NA
"rinpharma_362","2023 Conference","Emerging diseases like COVID-19 pose dual threats to public health and the economy. Understanding protein-protein interactions (PPIs) between viral and host proteins is crucial for antiviral therapies and studying pathogen replication. However, experimental techniques have limitations and machine learning models primarily focus on sequence-derived features, neglecting semantic information and necessitating effective encoding schemes. To address these challenges, we present DeProViR, a deep-learning framework for predicting virus-human interactions using amino acid sequences. DeProViR incorporates a Siamese-like neural network that combines convolutional and bidirectional LSTM networks to capture contextual information. Using GloVe embeddings, DeProViR seamlessly integrates semantic associations, enhancing PPI prediction. This innovative framework overcomes limitations in feature engineering and encoding scheme dependence. DeProViR provides an efficient solution for predicting host-virus interactions, facilitating therapy development, and advancing our understanding of diseases.","Talk",NA,"2023",2023-10-25,"13:20:00","13:30:00","Matineh Rahmatbakhsh","Procogia","DeProViR:a deep-learning framework based on pre-trained sequence embeddings for predicting host-viral protein-protein interactions",NA,"https://youtu.be/fpnOMB92G1Q","Emerging diseases like COVID-19 pose dual threats to public health and the economy. Understanding protein-protein interactions (PPIs) between viral and host proteins is crucial for antiviral therapies and studying pathogen replication. However, experimental techniques have limitations and machine learning models primarily focus on sequence-derived features, neglecting semantic information and necessitating effective encoding schemes. To address these challenges, we present DeProViR, a deep-learning framework for predicting virus-human interactions using amino acid sequences. DeProViR incorporates a Siamese-like neural network that combines convolutional and bidirectional LSTM networks to capture contextual information. Using GloVe embeddings, DeProViR seamlessly integrates semantic associations, enhancing PPI prediction. This innovative framework overcomes limitations in feature engineering and encoding scheme dependence. DeProViR provides an efficient solution for predicting host-virus interactions, facilitating therapy development, and advancing our understanding of diseases.",NA
"rinpharma_363","2023 Conference","Product quality plays a vital role in the success of Biotech/Pharmaceutical organizations, and the accurate classification of quality risks is crucial to ensure the delivery of high-quality products. However, the current practice of assigning risk levels (Critical, Major, and Minor) to self-reported quality issues (QIs) suffers from subjectivity and noise, leading to unreliable risk assessments. To address this limitation, this study aims to develop a web-based application that leverages Natural Language Processing (NLP) algorithms to infer the risk level based on the description of the issue (free text data). In this work, we propose a novel data-driven framework for classifying risk levels, which integrates state-of-the-art deep neural network (DNN) models with ensemble learning concepts. By utilizing the power of NLP techniques, our framework enables the automatic discovery and analysis of quality risks. Through extensive numeric experimentation, we demonstrate the effectiveness of our approach with proper performance metrics. The research findings presented in this work shed light on the potential of NLP in uncovering quality risks and offer valuable insights to practitioners in the pharmaceutical industry. Also, this study contributes to the growing body of knowledge in the field of risk management and highlights the importance of utilizing NLP algorithms for quality assurance in the biotech/pharmaceutical domain. Regarding our technology stack, we utilize Python, Streamlit, and Posit Connect for the development and deployment of the model.","Talk",NA,"2023",2023-10-25,"13:30:00","13:40:00","Hangyu Liu","Biogen","Enhancing Quality Risk Classification with Natural Language Processing",NA,"https://youtu.be/0B-BSaS62vM","Product quality plays a vital role in the success of Biotech/Pharmaceutical organizations, and the accurate classification of quality risks is crucial to ensure the delivery of high-quality products. However, the current practice of assigning risk levels (Critical, Major, and Minor) to self-reported quality issues (QIs) suffers from subjectivity and noise, leading to unreliable risk assessments. To address this limitation, this study aims to develop a web-based application that leverages Natural Language Processing (NLP) algorithms to infer the risk level based on the description of the issue (free text data). In this work, we propose a novel data-driven framework for classifying risk levels, which integrates state-of-the-art deep neural network (DNN) models with ensemble learning concepts. By utilizing the power of NLP techniques, our framework enables the automatic discovery and analysis of quality risks. Through extensive numeric experimentation, we demonstrate the effectiveness of our approach with proper performance metrics. The research findings presented in this work shed light on the potential of NLP in uncovering quality risks and offer valuable insights to practitioners in the pharmaceutical industry. Also, this study contributes to the growing body of knowledge in the field of risk management and highlights the importance of utilizing NLP algorithms for quality assurance in the biotech/pharmaceutical domain. Regarding our technology stack, we utilize Python, Streamlit, and Posit Connect for the development and deployment of the model.",NA
"rinpharma_364","2023 Conference","Panel Discussion - What Puts the Next-Gen in our Next-Generation SCEs?","Panel",NA,"2023",2023-10-25,"13:40:00","14:40:00","Panel Discussion - What Puts the Next-Gen in our Next-Generation SCEs?","various","Panel Discussion - What Puts the Next-Gen in our Next-Generation SCEs?",NA,NA,"Panel Discussion - What Puts the Next-Gen in our Next-Generation SCEs?",NA
"rinpharma_365","2023 Conference",NA,"Remarks",NA,"2023",2023-10-26,"10:00:00","10:10:00","Isabella Velasquez","Posit","Opening Remarks",NA,"https://youtu.be/pdzNEjkoLAw",NA,NA
"rinpharma_366","2023 Conference","Programming is ubiquitous in applied biostatistics, and most statisticians know a programming language such as R - yet software engineering is still neglected as a skill and undervalued as a profession in pharmaceutical statistics. Why is this a problem? Importantly, we run the risk of wrong decisions when relying on code that we wrote ourselves without any code review by other statisticians. When transitioning over undocumented code to successors or other teams, we cannot be sure that they can even use, yet maintain it in the future at all. Also, whether they can reproduce results we produced earlier is a matter of luck. If we later need to add features to our code, and don’t have sufficient tests in place, we will undoubtedly introduce bugs and alter the program behavior without knowing it. Finally, if we need to implement new statistical methods for analyses submitted to regulators, we need to have appropriate software validation pipelines in place, which will demand well developed and tested code. What can we do about it? First and foremost, we must become aware of the problem. Second, we need to take software engineering seriously, starting from education in basic software engineering skills - across schools, universities, and during the work life. Establishing dedicated software engineering teams within academic institutions and companies can be a key factor for the establishment of good software engineering practices and catalyze improvements across research projects. Providing attractive career paths is important for the retainment of talents. Finally, collaboration between software developers from different organizations is key to harness open-source software efficiently and optimally, while building trusted solutions. We illustrate the potential with examples of successful projects.","Keynote",NA,"2023",2023-10-26,"10:10:00","10:50:00","Daniel Sabanés Bové","Roche","Why we Need to Improve Software Engineering in Biostatistics - A Call to Action","https://danielinteractive.github.io/rpharma-2023-keynote","https://youtu.be/7V-jXk8XbtI","Programming is ubiquitous in applied biostatistics, and most statisticians know a programming language such as R - yet software engineering is still neglected as a skill and undervalued as a profession in pharmaceutical statistics. Why is this a problem? Importantly, we run the risk of wrong decisions when relying on code that we wrote ourselves without any code review by other statisticians. When transitioning over undocumented code to successors or other teams, we cannot be sure that they can even use, yet maintain it in the future at all. Also, whether they can reproduce results we produced earlier is a matter of luck. If we later need to add features to our code, and don’t have sufficient tests in place, we will undoubtedly introduce bugs and alter the program behavior without knowing it. Finally, if we need to implement new statistical methods for analyses submitted to regulators, we need to have appropriate software validation pipelines in place, which will demand well developed and tested code. What can we do about it? First and foremost, we must become aware of the problem. Second, we need to take software engineering seriously, starting from education in basic software engineering skills - across schools, universities, and during the work life. Establishing dedicated software engineering teams within academic institutions and companies can be a key factor for the establishment of good software engineering practices and catalyze improvements across research projects. Providing attractive career paths is important for the retainment of talents. Finally, collaboration between software developers from different organizations is key to harness open-source software efficiently and optimally, while building trusted solutions. We illustrate the potential with examples of successful projects.",NA
"rinpharma_367","2023 Conference",NA,"Schedule only",NA,"2023",2023-10-26,"10:50:00","11:00:00",NA,NA,"Break",NA,NA,NA,"Unfortunately we do not currently have an abstract, copy of the slides or link to the video to this presentation"
"rinpharma_368","2023 Conference","Statisticians and programmers using multiple software systems (e.g., SAS, R, Python) often encounter differences in analysis results, requiring further exploration and justification. Investigating these discrepancies can be time-consuming, especially when documentation doesn't fully explain the software's approach. Reasons for discrepancies may include differences in statistical methods, options, convergence algorithms, and rounding methods. Usually, neither software is incorrect, but they operate differently. As statisticians increasingly use multiple software, identifying reasons for differences becomes crucial.

Comparing Analysis Method Implementations in Software (CAMIS) is a collaboration between PHUSE, the R Validation Hub, PSI AIMS, and the R consortium. The project investigates differences and similarities between SAS and R, storing code, case studies, results, differences, and findings in an open-source GitHub repository. This talk will discuss the project's future roadmap and how you can contribute. By encouraging open-source collaboration, the project aims to become the go-to repository for statisticians and programmers to reference.","Talk",NA,"2023",2023-10-26,"11:00:00","11:20:00","Christina Fillmore","GSK","Comparing Analysis Method Implementations in Software (CAMIS): An open source repository to document differences in statistical methodology across software",NA,"https://youtu.be/Mh8bdILszEk","Statisticians and programmers using multiple software systems (e.g., SAS, R, Python) often encounter differences in analysis results, requiring further exploration and justification. Investigating these discrepancies can be time-consuming, especially when documentation doesn't fully explain the software's approach. Reasons for discrepancies may include differences in statistical methods, options, convergence algorithms, and rounding methods. Usually, neither software is incorrect, but they operate differently. As statisticians increasingly use multiple software, identifying reasons for differences becomes crucial.  Comparing Analysis Method Implementations in Software (CAMIS) is a collaboration between PHUSE, the R Validation Hub, PSI AIMS, and the R consortium. The project investigates differences and similarities between SAS and R, storing code, case studies, results, differences, and findings in an open-source GitHub repository. This talk will discuss the project's future roadmap and how you can contribute. By encouraging open-source collaboration, the project aims to become the go-to repository for statisticians and programmers to reference.",NA
"rinpharma_369","2023 Conference","Over thousands of outputs (tables, graphs and listings) may need to be generated each year for filing, external publications, internal read outs and other activities in a pharmaceutical company. Although most of these outputs could be produced utilizing previous existing codes with trial specific adjustments, this process is still labor-intensive and requires good data&coding knowledge. Therefore, in this proof-of-concept project, we explored the potential of implementing large language model (LLM)-based frameworks to develop R codes to produce the outputs from ADaM datasets. GPT4 Code Interpreter with uploaded supporting files (template codes, variable dictionary and function manuals) demonstrated good potential of completing following tasks per user’s natural language requests: 1) select the fit-for-purpose template code; 2) search in the variable dictionary and propose variables to use; 3) modify template codes to filter patients and update the output contents. This shows promising prospects for LLMs as an assistant for the future output generation, which will significantly reduce the labor required and lower the barrier to data&coding knowledge.","Talk",NA,"2023",2023-10-26,"11:20:00","11:30:00","Bo Ci","Genentech","Exploration of Large language model-based frameworks to develop R codes for output delivery in pharma",NA,"https://youtu.be/HyDvK5Fikfs","Over thousands of outputs (tables, graphs and listings) may need to be generated each year for filing, external publications, internal read outs and other activities in a pharmaceutical company. Although most of these outputs could be produced utilizing previous existing codes with trial specific adjustments, this process is still labor-intensive and requires good data&coding knowledge. Therefore, in this proof-of-concept project, we explored the potential of implementing large language model (LLM)-based frameworks to develop R codes to produce the outputs from ADaM datasets. GPT4 Code Interpreter with uploaded supporting files (template codes, variable dictionary and function manuals) demonstrated good potential of completing following tasks per user’s natural language requests 1) select the fit-for-purpose template code; 2) search in the variable dictionary and propose variables to use; 3) modify template codes to filter patients and update the output contents. This shows promising prospects for LLMs as an assistant for the future output generation, which will significantly reduce the labor required and lower the barrier to data&coding knowledge.",NA
"rinpharma_370","2023 Conference",NA,"Talk",NA,"2023",2023-10-26,"11:30:00","11:40:00","Jesse Anderson","FDA","Dataset-JSON as Alternative Transport Format for Regulatory Submissions",NA,"https://youtu.be/VuBZGaiCePE",NA,NA
"rinpharma_371","2023 Conference","Within the life sciences industry, Shiny has enabled tremendous innovations to produce web interfaces as frontends to sophisticated analyses, dynamic visualizations, and automation of clinical reporting across drug development. While industry sponsors have widely adopted Shiny as part of their analytics and reporting toolset, a relatively unexplored frontier has been the inclusion of a Shiny application inside a clinical submission package to regulatory agencies such as the FDA. The R Consortium R Submissions Working Group has continued the positive momentum of previous submission pilots to achieve substantial progress in this domain. In this talk, we will share the development journey of the working group's Pilot 2 successful submission of a Shiny application to the FDA, along with the progress on the use of novel technologies such as Linux containers and web assembly to bundle a Shiny application into a self-contained package, facilitating a smoother process of both transferring and executing the application.

The R Consortium's R Tables for Regulatory Submissions (RTRS) Working Group has released the first edition of  (Tables in Clinical Trials with R)[ https://rconsortium.github.io/rtrs-wg/] as a free and openly accessible ebook. The book contributes to the development of a theory of displaying tabular information by identifying a small number of table archetypes that may be used to generate the most common tables employed in clinical submissions. Chapters in the book demonstrate how these tables may be rendered in different R Packages including: flextable, gt, rtables (with and without tern), tables, tfrmt and tidytlg. All tables are generated from CDISC-compliant data. Comparing the code showcases the robustness of R for aggregating and displaying tabular information and illuminates the flexibility and design tradeoff of the various R packages.  The talk will discuss the motivation for the book, present the idea of table archetypes, show some representative tables, and make the case for R as a superb language for analyzing clinical trial data. The RTRS working group expects Tables in Clinical Trials with R to become a primary resource of clinical programming teams.","Talk",NA,"2023",2023-10-26,"11:40:00","12:00:00","Eric Nantz | Alexandra Lauer | Rich Iannone","Eli Lilly | Merck KGaA, Darmstadt, Germany | Posit","A Pivotal Year of R Pilots for Shiny Application Submissions to the FDA / Celebrating a Milestone: R Tables for Regulatory Submission Working Group s eBook on Clinical Data Table Generation",NA,"https://youtu.be/CnlUccqz9uo","Within the life sciences industry, Shiny has enabled tremendous innovations to produce web interfaces as frontends to sophisticated analyses, dynamic visualizations, and automation of clinical reporting across drug development. While industry sponsors have widely adopted Shiny as part of their analytics and reporting toolset, a relatively unexplored frontier has been the inclusion of a Shiny application inside a clinical submission package to regulatory agencies such as the FDA. The R Consortium R Submissions Working Group has continued the positive momentum of previous submission pilots to achieve substantial progress in this domain. In this talk, we will share the development journey of the working group's Pilot 2 successful submission of a Shiny application to the FDA, along with the progress on the use of novel technologies such as Linux containers and web assembly to bundle a Shiny application into a self-contained package, facilitating a smoother process of both transferring and executing the application.  The R Consortium's R Tables for Regulatory Submissions (RTRS) Working Group has released the first edition of  (Tables in Clinical Trials with R)[ https//rconsortium.github.io/rtrs-wg/] as a free and openly accessible ebook. The book contributes to the development of a theory of displaying tabular information by identifying a small number of table archetypes that may be used to generate the most common tables employed in clinical submissions. Chapters in the book demonstrate how these tables may be rendered in different R Packages including flextable, gt, rtables (with and without tern), tables, tfrmt and tidytlg. All tables are generated from CDISC-compliant data. Comparing the code showcases the robustness of R for aggregating and displaying tabular information and illuminates the flexibility and design tradeoff of the various R packages.  The talk will discuss the motivation for the book, present the idea of table archetypes, show some representative tables, and make the case for R as a superb language for analyzing clinical trial data. The RTRS working group expects Tables in Clinical Trials with R to become a primary resource of clinical programming teams.",NA
"rinpharma_372","2023 Conference",NA,"Schedule only",NA,"2023",2023-10-26,"12:00:00","12:20:00",NA,NA,"Break",NA,NA,NA,"Unfortunately we do not currently have an abstract, copy of the slides or link to the video to this presentation"
"rinpharma_373","2023 Conference",NA,"Talk",NA,"2023",2023-10-26,"12:20:00","12:30:00","Alexandra Lauer","Merck KGaA, Darmstadt, Germany","Reality Check for R Adoption - A Mid-Size Pharma View",NA,"https://youtu.be/1GMaa2jrB30",NA,NA
"rinpharma_374","2023 Conference",NA,"Talk",NA,"2023",2023-10-26,"12:30:00","12:40:00","Kiran Gauthier","Bristol Myers Squibb","Using Stan for Synthetic Data Generation and C-QTc Analysis",NA,"https://youtu.be/1CXG-AhrGi4",NA,NA
"rinpharma_375","2023 Conference","Real-world data are increasingly used to complement evidence from clinical trials. However, missing data are a major statistical challenge when the underlying missingness mechanisms are unknown, e.g., to adjust for confounding. This talk introduces the smdi R package, which aims to streamline routine missing data investigations of partially observed confounders based on a suite of three group diagnostics. The structural missingness assumptions were recently validated in a simulation study and are characterized through M-graphs of realistic relationships between a partially observed confounder and its association with an exposure, outcome and other fully observed covariates. Aiming to differentiate between different missingness mechanisms, the package implements three group diagnostics to 1) compare distributions between patients with and without the partially observed confounder, 2) asses the ability to predict missingness based on observed covariates, and 3) examine if missingness is associated with the outcome under study. As a result, combining all group diagnostics can give guidance on how the underlying missingness for partially observed confounders could be characterized and approached in downstream analyses.","Talk",NA,"2023",2023-10-26,"12:40:00","13:00:00","Janick Weberpals","Harvard Medical School","Introducing smdi: An R package to perform structural missing data investigations for real-world evidence studies","https://drugepi.gitlab-pages.partners.org/smdi-r-pharma-2023/smdi-r-pharma2023.html","https://youtu.be/MyAiMS1qR-w","Real-world data are increasingly used to complement evidence from clinical trials. However, missing data are a major statistical challenge when the underlying missingness mechanisms are unknown, e.g., to adjust for confounding. This talk introduces the smdi R package, which aims to streamline routine missing data investigations of partially observed confounders based on a suite of three group diagnostics. The structural missingness assumptions were recently validated in a simulation study and are characterized through M-graphs of realistic relationships between a partially observed confounder and its association with an exposure, outcome and other fully observed covariates. Aiming to differentiate between different missingness mechanisms, the package implements three group diagnostics to 1) compare distributions between patients with and without the partially observed confounder, 2) asses the ability to predict missingness based on observed covariates, and 3) examine if missingness is associated with the outcome under study. As a result, combining all group diagnostics can give guidance on how the underlying missingness for partially observed confounders could be characterized and approached in downstream analyses.",NA
"rinpharma_376","2023 Conference",NA,"Schedule only",NA,"2023",2023-10-26,"13:00:00","13:10:00",NA,NA,"Break",NA,NA,NA,"Unfortunately we do not currently have an abstract, copy of the slides or link to the video to this presentation"
"rinpharma_377","2023 Conference",NA,"Talk",NA,"2023",2023-10-26,"13:10:00","13:20:00","Edgar Ruiz","Posit","Enhance Your Everyday Work with LLMs in RStudio","https://colorado.posit.co/rsc/rstudio-copilot/#/TitleSlide","https://youtu.be/-Fjb8LZmTSI",NA,NA
"rinpharma_378","2023 Conference","Validating open-source R packages has been a hot topic over the past few years. This talk focuses on MetrumRG's updated process and tooling for validating first party R packages, that is: R packages that we develop in-house, almost all of which are also open-source. This has been the fruit of interdisciplinary collaboration within Metrum, and has also benefited tremendously from the work of folks in the R Validation Hub and other cross-industry working groups. The result is a streamlined process for our developers, a better experience for our scientific users, and improved validation documentation for our Quality team.","Talk",NA,"2023",2023-10-26,"13:20:00","13:30:00","Seth Green","Metrum Research Group","Validating In-House Developed R Packages with mpn.scorecard",NA,"https://youtu.be/e8k3pCors-c","Validating open-source R packages has been a hot topic over the past few years. This talk focuses on MetrumRG's updated process and tooling for validating first party R packages, that is R packages that we develop in-house, almost all of which are also open-source. This has been the fruit of interdisciplinary collaboration within Metrum, and has also benefited tremendously from the work of folks in the R Validation Hub and other cross-industry working groups. The result is a streamlined process for our developers, a better experience for our scientific users, and improved validation documentation for our Quality team.",NA
"rinpharma_379","2023 Conference","At Idorsia, we have developed a large R Shiny application supporting a metadata-driven approach to shell and output creation. We will demonstrate some key features of the app and discuss how this approach led to huge efficiency gains when delivering results from a Phase III trial earlier this year.  Additionally, we will discuss the value of the metadata collected within the app, and highlight the reuse of this in driving further Shiny apps supporting data review and exploration around the specified outputs.  Our hope is to show the versatility of Shiny for this work, particularly when coupled with well-designed metadata management.","Talk",NA,"2023",2023-10-26,"13:30:00","13:40:00","Matthew Brierley | Chris Ridley","Idorsia | Idorsia","Designing a CSR with Shiny",NA,"https://youtu.be/W2a_3POkb2I","At Idorsia, we have developed a large R Shiny application supporting a metadata-driven approach to shell and output creation. We will demonstrate some key features of the app and discuss how this approach led to huge efficiency gains when delivering results from a Phase III trial earlier this year.  Additionally, we will discuss the value of the metadata collected within the app, and highlight the reuse of this in driving further Shiny apps supporting data review and exploration around the specified outputs.  Our hope is to show the versatility of Shiny for this work, particularly when coupled with well-designed metadata management.",NA
"rinpharma_380","2023 Conference","Panel Discussion - Thriving as a Data Scientist: Her Perspective","Panel",NA,"2023",2023-10-26,"13:40:00","14:40:00","Panel Discussion - Thriving as a Data Scientist: Her Perspective","various","Panel Discussion - Thriving as a Data Scientist: Her Perspective",NA,NA,"Panel Discussion - Thriving as a Data Scientist Her Perspective",NA
"rinpharma_381","2023 Conference",NA,"Schedule only",NA,"2023",2023-10-26,"14:40:00","14:50:00","Ellis Hughes","GSK","Closing Comments",NA,"https://youtu.be/Ic-aQ7MFT4g",NA,NA
"rinpharma_382","2023 Conference",NA,"Workshop",NA,"2023",2023-10-27,"09:00:00","13:00:00","Shannon Hagerty","Posit","Preview of Posit Administrator Training",NA,NA,NA,"Unfortunately we do not currently have an abstract, copy of the slides or link to the video to this presentation"
"rinpharma_383","2023 Conference",NA,"Workshop",NA,"2023",2023-10-27,"14:00:00","16:00:00","Omar ElAshkar","University of Florida","Advanced Exploratory Visualization Techniques - ggplot2, plotly & purrr",NA,"https://youtu.be/mnkmSlpgAJo",NA,NA
"rinpharma_384","genAI Day 2024","Posit/RStudio will be providing a hands-on session on using AI to enhance open-source statistical programming. This session will discuss opportunities and applications for AI to empower statistical programmers. This talk will explore and discuss GenAI to support programmers in the process of writing code and provide a hands-on opportunity to test it out.","Workshop",NA,"2024",2024-09-17,"10:00:00","10:40:00","Phil Bowsher | Cole Arendt","Posit | Posit","Kick-off & Hands-on Session: GenAI to Enhance Your Statistical Programming",NA,"https://youtu.be/ysTSmxB5piY","Posit/RStudio will be providing a hands-on session on using AI to enhance open-source statistical programming. This session will discuss opportunities and applications for AI to empower statistical programmers. This talk will explore and discuss GenAI to support programmers in the process of writing code and provide a hands-on opportunity to test it out.",NA
"rinpharma_385","genAI Day 2024","Over the past 7 years, NEST packages have been established as a default toolkit for generating clinical insights at Roche. Starting this year, all the new clinical trials will adopt NEST tools by default for their reporting events. To reduce change management burden and boost data scientist’s productivity and efficiency at work, we started leveraging the latest GenAI technologies and built a chatbot that could help beginners to learn about the new open-source R packages introduced to their daily work. In this talk, we will share our journey so far of NExpert, an in-house GenAI-enabled chatbot for NEST and other open-source toolkits, and how we envision GenAI/LLM could be embedded in the daily work of data scientists in our industry.","Talk",NA,"2024",2024-09-17,"10:40:00","11:00:00","Vincent Shen","Roche","Integrating GenAI with Open-Source Toolkit for Insights Generation to Boost Data Science Efficiency",NA,"https://youtu.be/WkncD05YgHQ","Over the past 7 years, NEST packages have been established as a default toolkit for generating clinical insights at Roche. Starting this year, all the new clinical trials will adopt NEST tools by default for their reporting events. To reduce change management burden and boost data scientist’s productivity and efficiency at work, we started leveraging the latest GenAI technologies and built a chatbot that could help beginners to learn about the new open-source R packages introduced to their daily work. In this talk, we will share our journey so far of NExpert, an in-house GenAI-enabled chatbot for NEST and other open-source toolkits, and how we envision GenAI/LLM could be embedded in the daily work of data scientists in our industry.",NA
"rinpharma_386","genAI Day 2024",NA,"Schedule only",NA,"2024",2024-09-17,"11:00:00","11:10:00",NA,NA,"Break",NA,NA,NA,"Unfortunately we do not currently have an abstract, copy of the slides or link to the video to this presentation"
"rinpharma_387","genAI Day 2024","Devin Pastoor shares a comprehensive overview of the current landscape of Large Language Models (LLMs) and details key concepts that underpin their strengths and limitations, as well as sharing the components that make up solutions built around LLMs, and highlights tips for success to adopt LLMs in an organization.","Talk",NA,"2024",2024-09-17,"11:10:00","11:30:00","Devin Pastoor","A2-AI","Strawberry Fields Forever: Digesting the Landscape of LLMs and How to Successfully Adopt Them in Regulated Contexts",NA,"https://youtu.be/ISzGJJ-a-kM","Devin Pastoor shares a comprehensive overview of the current landscape of Large Language Models (LLMs) and details key concepts that underpin their strengths and limitations, as well as sharing the components that make up solutions built around LLMs, and highlights tips for success to adopt LLMs in an organization.",NA
"rinpharma_388","genAI Day 2024","Medical writers play a critical role in the development of clinical study report (CSR) documents by synthesizing and organizing data from clinical trials. They collaborate closely with researchers, statisticians, and other experts to ensure that the CSR accurately and comprehensively presents the study findings in adherence to regulatory guidelines. This involves incorporating the study protocol, statistical analyses, safety and efficacy results, and other pertinent information. Medical writers also prioritize clarity, conciseness, and adherence to the highest standards of scientific and medical accuracy in the CSR.

In the past, the medical writing process was largely manual. Previous attempts to automate aspects of the writing process relied on rule-based approaches, which were precise but inherently time-consuming to maintain, extend, and adjust. However, recent advancements in Generative Artificial Intelligence (GenAI) and Large Language Models (LLMs) have significantly improved the potential for generating text from data.

We have developed an end-to-end Shiny application to support Medical Writers in drafting CSRs. This application provides secure access to clinical data tables, interactive configuration and filtering of data tables, and the generation and adjustment of scientific texts using LLMs. It also facilitates the storage of generated content in document templates which include Quarto reports. The application is currently in productive use, demonstrating robustness and modularization, making it easily extendable.","Talk",NA,"2024",2024-09-17,"11:30:00","11:50:00","Robert Adams | Matthew Kumar","Bayer | Bayer","NarromaticAI - Supporting the Medical Writing process with R, Shiny and GenAI",NA,"https://youtu.be/0XDVYdyuNGc","Medical writers play a critical role in the development of clinical study report (CSR) documents by synthesizing and organizing data from clinical trials. They collaborate closely with researchers, statisticians, and other experts to ensure that the CSR accurately and comprehensively presents the study findings in adherence to regulatory guidelines. This involves incorporating the study protocol, statistical analyses, safety and efficacy results, and other pertinent information. Medical writers also prioritize clarity, conciseness, and adherence to the highest standards of scientific and medical accuracy in the CSR.  In the past, the medical writing process was largely manual. Previous attempts to automate aspects of the writing process relied on rule-based approaches, which were precise but inherently time-consuming to maintain, extend, and adjust. However, recent advancements in Generative Artificial Intelligence (GenAI) and Large Language Models (LLMs) have significantly improved the potential for generating text from data.  We have developed an end-to-end Shiny application to support Medical Writers in drafting CSRs. This application provides secure access to clinical data tables, interactive configuration and filtering of data tables, and the generation and adjustment of scientific texts using LLMs. It also facilitates the storage of generated content in document templates which include Quarto reports. The application is currently in productive use, demonstrating robustness and modularization, making it easily extendable.",NA
"rinpharma_389","genAI Day 2024",NA,"Schedule only",NA,"2024",2024-09-17,"11:50:00","12:00:00",NA,NA,"Break",NA,NA,NA,"Unfortunately we do not currently have an abstract, copy of the slides or link to the video to this presentation"
"rinpharma_390","genAI Day 2024",NA,"Schedule only",NA,"2024",2024-09-17,"12:00:00","13:00:00",NA,NA,"R/Pharma - GenAI in Pharma - Hangout",NA,NA,NA,"Unfortunately we do not currently have an abstract, copy of the slides or link to the video to this presentation"
"rinpharma_391","genAI Day 2024","This talk addresses the challenges in effectively leveraging the full capabilities of Large Language Models (LLMs) for data extraction: creating effective knowledge corpora and learning workflow options. We'll explore strategies for handling diverse file formats including PDFs, CSVs, Excel sheets, and unstructured text, as well as data volume limitations. The presentation will demonstrate practical workflows for loading, transforming, and extracting data using GPT-enhanced processes, with a focus on optimizing import/export operations across different formats. We'll discuss techniques for creating and curating knowledge corpora  and developing custom GPTs tailored to specific document types and industry needs. Real-world examples from pharmaceutical and clinical research will illustrate how these techniques can significantly accelerate document processing, improve data accessibility, and unlock insights, showcasing the transformative potential of GPT-enhanced documentation in rapidly absorbing and synthesizing information.","Talk",NA,"2024",2024-09-17,"13:00:00","13:20:00","Melanie Hullings","Formation Bio","Data Osmosis: Rapid Absorption of Dataset Knowledge through GPT-Enhanced Documentation",NA,"https://youtu.be/d56SYnoMUVk","This talk addresses the challenges in effectively leveraging the full capabilities of Large Language Models (LLMs) for data extraction creating effective knowledge corpora and learning workflow options. We'll explore strategies for handling diverse file formats including PDFs, CSVs, Excel sheets, and unstructured text, as well as data volume limitations. The presentation will demonstrate practical workflows for loading, transforming, and extracting data using GPT-enhanced processes, with a focus on optimizing import/export operations across different formats. We'll discuss techniques for creating and curating knowledge corpora  and developing custom GPTs tailored to specific document types and industry needs. Real-world examples from pharmaceutical and clinical research will illustrate how these techniques can significantly accelerate document processing, improve data accessibility, and unlock insights, showcasing the transformative potential of GPT-enhanced documentation in rapidly absorbing and synthesizing information.",NA
"rinpharma_392","genAI Day 2024","This research introduces an innovative GenAI approach to enhance regulatory compliance in the pharmaceutical industry. Faced with evolving FDA and EMA regulations, pharmaceutical companies struggle with manual, error-prone processes for updating internal documents. Our study proposes a two-step AI-driven solution to streamline regulatory update management. Step 1 employs semantic search to identify potentially impacted Standard Operating Procedures (SOPs) when new regulations are introduced. Step 2 utilizes a ReAct (Reasoning and Acting) agent powered by the GPT-4o model to perform detailed comparisons between regulations and each identified SOP, confirming impacts and pinpointing specific areas requiring updates. This automated system aims to reduce manual workload, minimize oversight risks, and ensure timely alignment with regulatory changes. The study demonstrates the potential of GenAI in transforming regulatory intelligence, offering a scalable solution to a critical industry challenge. Future work will focus on model refinement and real-world implementation to quantify benefits in time-saving and compliance accuracy.","Talk",NA,"2024",2024-09-17,"13:20:00","13:40:00","Jake Gagnon","Biogen","Modelling Regulatory Intelligence with GenAI",NA,"https://youtu.be/Fb_rhLFFUE8","This research introduces an innovative GenAI approach to enhance regulatory compliance in the pharmaceutical industry. Faced with evolving FDA and EMA regulations, pharmaceutical companies struggle with manual, error-prone processes for updating internal documents. Our study proposes a two-step AI-driven solution to streamline regulatory update management. Step 1 employs semantic search to identify potentially impacted Standard Operating Procedures (SOPs) when new regulations are introduced. Step 2 utilizes a ReAct (Reasoning and Acting) agent powered by the GPT-4o model to perform detailed comparisons between regulations and each identified SOP, confirming impacts and pinpointing specific areas requiring updates. This automated system aims to reduce manual workload, minimize oversight risks, and ensure timely alignment with regulatory changes. The study demonstrates the potential of GenAI in transforming regulatory intelligence, offering a scalable solution to a critical industry challenge. Future work will focus on model refinement and real-world implementation to quantify benefits in time-saving and compliance accuracy.",NA
"rinpharma_393","genAI Day 2024","This paper explores the potential benefits of incorporating ChatGPT, a state-of-the-art natural language processing model, in statistical programming within the pharmaceutical industry. By leveraging ChatGPT's capabilities, this technology can save time, money, and most importantly, your sanity. Programming often leads to frustration, anxiety, and sleepless nights trying to solve complex problems. Various applications and techniques that harness the power of ChatGPT will be described to reduce all of these. In a world where artificial intelligence threatens to take our jobs, this paper suggests methods of tapping into the untapped potential of ChatGPT to empower programmers with innovative tools, thereby increasing their value. When programming issues arise, no longer will you need to worry about judgement or hostility from others on online forums, particularly the wrath experienced when not including a reproducible example. ChatGPT is a powerful tool we have yet to fully leverage, and its benefits extend well beyond our imaginations, let alone this paper.","Talk",NA,"2024",2024-09-17,"13:40:00","14:00:00","Ian M. Sturdy","Eli Lilly","Leveraging ChatGPT in Statistical Programming in the Pharmaceutical Industry",NA,"https://youtu.be/ETdfq8RkUog","This paper explores the potential benefits of incorporating ChatGPT, a state-of-the-art natural language processing model, in statistical programming within the pharmaceutical industry. By leveraging ChatGPT's capabilities, this technology can save time, money, and most importantly, your sanity. Programming often leads to frustration, anxiety, and sleepless nights trying to solve complex problems. Various applications and techniques that harness the power of ChatGPT will be described to reduce all of these. In a world where artificial intelligence threatens to take our jobs, this paper suggests methods of tapping into the untapped potential of ChatGPT to empower programmers with innovative tools, thereby increasing their value. When programming issues arise, no longer will you need to worry about judgement or hostility from others on online forums, particularly the wrath experienced when not including a reproducible example. ChatGPT is a powerful tool we have yet to fully leverage, and its benefits extend well beyond our imaginations, let alone this paper.",NA
"rinpharma_394","genAI Day 2024","In this talk, we will explore the transformative potential of Generative AI (GenAI) in clinical development, focusing on its application in the biostatistics and programming functions. As advanced AI models become increasingly integrated into workflows, their role in automating repetitive tasks, accelerating clinical development, and improving decision-making is more relevant than ever.

This presentation will cover key use cases where GenAI has already demonstrated its impact, such as using copilot for coding assistance and automating statistical quality control processes.

By showcasing real-world examples of GenAI-powered applications, including the semi-automated statistical QC workflow enabled by ChatGPT and LangChain through Retrieval-Augmented Generation (RAG), the talk will highlight how these technologies enhance efficiency while ensuring accuracy and compliance.","Talk",NA,"2024",2024-09-17,"14:00:00","14:20:00","Xing Chen | Junting Ren","Moderna | Moderna","Transforming Clinical Development with GenAI: Key Learnings and Statistical Perspectives",NA,NA,"In this talk, we will explore the transformative potential of Generative AI (GenAI) in clinical development, focusing on its application in the biostatistics and programming functions. As advanced AI models become increasingly integrated into workflows, their role in automating repetitive tasks, accelerating clinical development, and improving decision-making is more relevant than ever.  This presentation will cover key use cases where GenAI has already demonstrated its impact, such as using copilot for coding assistance and automating statistical quality control processes.  By showcasing real-world examples of GenAI-powered applications, including the semi-automated statistical QC workflow enabled by ChatGPT and LangChain through Retrieval-Augmented Generation (RAG), the talk will highlight how these technologies enhance efficiency while ensuring accuracy and compliance.",NA
"rinpharma_395","genAI Day 2024",NA,"Talk",NA,"2024",2024-09-17,"14:20:00","14:30:00","Phil Bowsher | Harvey Lieberman","Posit | Novartis","Wrap Up / Q&A",NA,NA,NA,"Unfortunately we do not currently have an abstract, copy of the slides or link to the video to this presentation"
"rinpharma_396","2024 Conference",NA,"Workshop",NA,"2024",2024-10-25,"09:00:00","11:00:00","Nicola Rennie","University of Lancaster","Parameterised plots and reports with R and Quarto",NA,"https://youtu.be/eatiAHeQ6ZI",NA,NA
"rinpharma_397","2024 Conference",NA,"Workshop",NA,"2024",2024-10-25,"10:00:00","13:00:00","Ben Straub | Edoardo Mancini | Fanny Gautier | Sadchla Mascary","GSK | Cytel | Roche | Pfizer","Building ADaMs with pharmaverse R packages admiral, metacore/metatools and xportr",NA,"https://youtu.be/uKE9LSWDNPg",NA,NA
"rinpharma_398","2024 Conference",NA,"Workshop",NA,"2024",2024-10-25,"13:00:00","15:00:00","Barret Schloerke","Posit","{shinylive}: Serverless Shiny applications workshop. An exercise in deploying your App to GitHub Pages",NA,"https://youtu.be/dW7TkLJ5Hyk",NA,NA
"rinpharma_399","2024 Conference",NA,"Workshop",NA,"2024",2024-10-25,"13:00:00","16:00:00","Thomas Charlon","Harvard Medical School","Knowledge graphs for drug discovery",NA,"https://youtu.be/i6mQR8IrLeI",NA,NA
"rinpharma_400","2024 Conference",NA,"Workshop",NA,"2024",2024-10-25,"15:00:00","17:00:00","Rich Iannone | Michael Chow","Posit | Posit","Tables in Python with Great Tables",NA,"https://youtu.be/rrAGYiXBuWQ",NA,NA
"rinpharma_401","2024 Conference",NA,"Workshop",NA,"2024",2024-10-25,"15:00:00","17:00:00","Shannon Hagerty","Posit","Preview of Posit Administrator Training",NA,NA,NA,"Unfortunately we do not currently have an abstract, copy of the slides or link to the video to this presentation"
"rinpharma_402","2024 Conference",NA,"Workshop","Y","2024",2024-10-28,"00:00:00","03:10:00","Daniel Sabanés Bové | Joe Zhu","RCONIS | Roche","Good Software Engineering Practice for R Packages",NA,"https://youtu.be/zkItUqkSlbo",NA,NA
"rinpharma_403","2024 Conference",NA,"Workshop",NA,"2024",2024-10-28,"09:00:00","11:30:00","Davide Garolini | Leena Khatri","Roche | Roche","The Near-Future of Regulatory Submissions: Embracing Reproducibility, Open Source, and Interactivity",NA,"https://youtu.be/FABwK01H_vc",NA,NA
"rinpharma_404","2024 Conference",NA,"Workshop",NA,"2024",2024-10-28,"11:00:00","13:00:00","Deepansh Khurana","Appsilon","Shiny Application Development and Validation with Rhino",NA,"https://youtu.be/MyxaTIu4f5k",NA,NA
"rinpharma_405","2024 Conference",NA,"Workshop",NA,"2024",2024-10-28,"12:00:00","14:00:00","Rammprasad Ganapathy","Genentech","SDTM programming in R using {sdtm.oak} package",NA,"https://youtu.be/H0FdhG9_ttU",NA,NA
"rinpharma_406","2024 Conference",NA,"Workshop",NA,"2024",2024-10-28,"13:00:00","16:00:00","Becca Krouse | Daniel Sjoberg","GSK | Genentech","Unlocking Analysis Results Datasets: A Practical Workshop for Creating and Utilizing ARDs for Clinical Reporting",NA,"https://youtu.be/E_HA0tL_7qM",NA,NA
"rinpharma_407","2024 Conference",NA,"Workshop",NA,"2024",2024-10-28,"13:00:00","15:00:00","Richard Payne","Eli Lilly","Bayesian Dose-Response Modeling with the dreamer R Package",NA,"https://youtu.be/lMXh2QNXzeA",NA,NA
"rinpharma_408","2024 Conference",NA,"Workshop","Y","2024",2024-10-28,"23:00:00","02:10:00","Farid Azouaou","Thaink","Reproducible and scalable reporting using rmarkdown & heddlr",NA,"https://youtu.be/fbpRsP2RFio",NA,NA
"rinpharma_409","2024 Conference",NA,"Remarks",NA,"2024",2024-10-29,"10:00:00","10:10:00","Harvey Lieberman","Novartis","Opening Remarks",NA,"https://youtu.be/W3-nCobGFtY",NA,NA
"rinpharma_410","2024 Conference","R users tend to be skeptical of modern AI models, given our weird insistence on answers being accurate, or at least supported by the data. But I believe the time has come—or maybe it’s a little late—for even the most AI-cynical among us to push past their discomfort and get informed about what these tools are truly capable of. And key to that is moving beyond using AI-enabled apps, and towards building our own scripts, packages, and apps that make judicious use of AI.
In this talk, I’ll tell you why I believe AI has more to offer the R community than just wrong answers from chat windows or mediocre code suggestions in our IDEs. I’ll also introduce brand-new tools we’re developing at Posit that put powerful AI tools within reach of every R user. And finally, I’ll show how adding some AI could make your next Shiny app dramatically more useful for your users.","Keynote",NA,"2024",2024-10-29,"10:10:00","10:50:00","Joe Cheng","Posit","Summer is Coming: AI for R, Shiny, and Pharma",NA,"https://youtu.be/AfMa1CVUdXU","R users tend to be skeptical of modern AI models, given our weird insistence on answers being accurate, or at least supported by the data. But I believe the time has come—or maybe it’s a little late—for even the most AI-cynical among us to push past their discomfort and get informed about what these tools are truly capable of. And key to that is moving beyond using AI-enabled apps, and towards building our own scripts, packages, and apps that make judicious use of AI. In this talk, I’ll tell you why I believe AI has more to offer the R community than just wrong answers from chat windows or mediocre code suggestions in our IDEs. I’ll also introduce brand-new tools we’re developing at Posit that put powerful AI tools within reach of every R user. And finally, I’ll show how adding some AI could make your next Shiny app dramatically more useful for your users.",NA
"rinpharma_411","2024 Conference",NA,"Schedule only",NA,"2024",2024-10-29,"10:50:00","11:00:00",NA,NA,"Break",NA,NA,NA,"Unfortunately we do not currently have an abstract, copy of the slides or link to the video to this presentation"
"rinpharma_412","2024 Conference","This talk demonstrates a 145-fold speedup in training time for a machine learning pipeline with tidymodels through 4 small changes. By adapting a grid search on a canonical model to use a more performant modeling engine, hooking into a parallel computing framework, transitioning to an optimized search strategy, and defining the grid to search over carefully, users can drastically cut down on the time to develop machine learning models with tidymodels without sacrificing predictive performance.","Talk",NA,"2024",2024-10-29,"11:00:00","11:20:00","Simon Couch","Posit","From hours to minutes: accelerating your tidymodels code",NA,"https://youtu.be/pTMiDHFIiPQ","This talk demonstrates a 145-fold speedup in training time for a machine learning pipeline with tidymodels through 4 small changes. By adapting a grid search on a canonical model to use a more performant modeling engine, hooking into a parallel computing framework, transitioning to an optimized search strategy, and defining the grid to search over carefully, users can drastically cut down on the time to develop machine learning models with tidymodels without sacrificing predictive performance.",NA
"rinpharma_413","2024 Conference","Testing is important—we all get that. But let's be honest, writing tests isn't exactly everyone's favorite part of coding. And when you finally do write those tests, there's the added task of making sure they actually cover your code and run every time you make changes. Sounds like a hassle, right? In just 10 minutes, Veerle shows you how to tackle this with ease! From general code coverage to Shiny app testing with shinytest2, she covers how to automate it all using covr and GitHub Actions. Join her for a fun, bite-sized crash course on testing, test coverage, and making testing a little less annoying!","Talk",NA,"2024",2024-10-29,"11:22:00","11:32:00","Veerle Eeftink - van Leemput","Hypebright BV","From Annoying to Automated: Running Tests with GitHub Actions",NA,"https://youtu.be/F8KwNPHiI0U","Testing is important—we all get that. But let's be honest, writing tests isn't exactly everyone's favorite part of coding. And when you finally do write those tests, there's the added task of making sure they actually cover your code and run every time you make changes. Sounds like a hassle, right? In just 10 minutes, Veerle shows you how to tackle this with ease! From general code coverage to Shiny app testing with shinytest2, she covers how to automate it all using covr and GitHub Actions. Join her for a fun, bite-sized crash course on testing, test coverage, and making testing a little less annoying!",NA
"rinpharma_414","2024 Conference","The R Validation Hub is at the precipice of change. This year marks a high water mark the R Validation Hub, culminating in spirited community meetings and adopter feedback. Stemming from more intensive adoption of our tools and guidelines, we want to channel this enthusiasm into a clearer picture for our future. In this short talk we'll cover what we've learned from our adopters and how we plan to incorporate that feedback. Join to hear about upcoming changes to the R Validation Hub's tools ecosystems, governance and new ways to get involved.","Talk",NA,"2024",2024-10-29,"11:34:00","11:44:00","Doug Kelkhoff","Roche","The R Validation Hubs Year Ahead",NA,"https://youtu.be/Oe1vQiswccs","The R Validation Hub is at the precipice of change. This year marks a high water mark the R Validation Hub, culminating in spirited community meetings and adopter feedback. Stemming from more intensive adoption of our tools and guidelines, we want to channel this enthusiasm into a clearer picture for our future. In this short talk we'll cover what we've learned from our adopters and how we plan to incorporate that feedback. Join to hear about upcoming changes to the R Validation Hub's tools ecosystems, governance and new ways to get involved.",NA
"rinpharma_415","2024 Conference","The use of real-world evidence (RWE) has become increasingly crucial for drug discovery and development. However, researchers often face challenges in standardizing clinical and molecular approaches to efficiently analyze and interpret vast amounts of data from multiple sources. To transform the analytical process, we developed tempusverse, a suite of R packages to analyze Tempus and public datasets on the Tempus Lens Workspaces platform.
The tempusverse is a comprehensive collection of production-ready R packages designed with modularity, reproducibility, and robust versioning in mind. This thoughtful design not only streamlines the analysis of one of the world's largest real-world cancer databases but also ensures research integrity is preserved throughout the analytical process. The packages offer standardized methodology for data wrangling, analysis, and visualization, enabling researchers to gain fast insights and make informed decisions rapidly.
By combining the power of tempusverse with the production-grade workspace environment provided by the Tempus Lens platform, researchers can seamlessly integrate public data sources, efficiently process information, and generate publication-ready visualizations. The symbiotic relationship between tempusverse and Lens empowers pharmaceutical researchers to accelerate the discovery of novel cancer therapeutics while maintaining the highest standards of scientific rigor.
In this session, we will demonstrate how this innovative approach enhances decision-making, increases the probability of technical success in clinical trials, and ultimately improves patient outcomes. Join us to explore how the tempusverse, coupled with the Lens platform, is revolutionizing the way we leverage real-world evidence in cancer drug discovery, all while ensuring the reproducibility and integrity of research findings.","Talk",NA,"2024",2024-10-29,"11:46:00","12:06:00","Nitesh Turaga","Tempus","Accelerating Cancer Drug Discovery: Harnessing the Power of tempusverse on the Tempus Lens Platform",NA,"https://youtu.be/DVGj985N0Ow","The use of real-world evidence (RWE) has become increasingly crucial for drug discovery and development. However, researchers often face challenges in standardizing clinical and molecular approaches to efficiently analyze and interpret vast amounts of data from multiple sources. To transform the analytical process, we developed tempusverse, a suite of R packages to analyze Tempus and public datasets on the Tempus Lens Workspaces platform. The tempusverse is a comprehensive collection of production-ready R packages designed with modularity, reproducibility, and robust versioning in mind. This thoughtful design not only streamlines the analysis of one of the world's largest real-world cancer databases but also ensures research integrity is preserved throughout the analytical process. The packages offer standardized methodology for data wrangling, analysis, and visualization, enabling researchers to gain fast insights and make informed decisions rapidly. By combining the power of tempusverse with the production-grade workspace environment provided by the Tempus Lens platform, researchers can seamlessly integrate public data sources, efficiently process information, and generate publication-ready visualizations. The symbiotic relationship between tempusverse and Lens empowers pharmaceutical researchers to accelerate the discovery of novel cancer therapeutics while maintaining the highest standards of scientific rigor. In this session, we will demonstrate how this innovative approach enhances decision-making, increases the probability of technical success in clinical trials, and ultimately improves patient outcomes. Join us to explore how the tempusverse, coupled with the Lens platform, is revolutionizing the way we leverage real-world evidence in cancer drug discovery, all while ensuring the reproducibility and integrity of research findings.",NA
"rinpharma_416","2024 Conference",NA,"Schedule only",NA,"2024",2024-10-29,"12:06:00","12:26:00",NA,NA,"Break",NA,NA,NA,"Unfortunately we do not currently have an abstract, copy of the slides or link to the video to this presentation"
"rinpharma_417","2024 Conference",NA,"Talk",NA,"2024",2024-10-29,"12:26:00","12:36:00","Saurabh Mukhopadhyay","Abbvie","A Novel yet Practical Bayesian Evaluation of Benefits and Risks for Medical Products with a Companion R-Shiny Application",NA,"https://youtu.be/VNx9AoT5PUI",NA,NA
"rinpharma_418","2024 Conference","GxP-relevant R Shiny application validation ensures compliance and data integrity in regulated industries. This complex process relies on three key pillars: people, technology, and processes. A cross-functional team is crucial, comprising an R champion to drive initiatives, technical experts to implement infrastructure, and QA partners to guide regulatory adherence. Essential technologies include validated infrastructure and packages, forming the foundation for reliable application development. Processes should align with GAMP 5 guidelines and incorporate risk-based Software Development Life Cycle (SDLC) principles, such as documented user requirements and robust code testing. This overview serves as a starting point for those interested in building validated R Shiny applications, highlighting the importance of collaboration, risk-based approaches, and continuous learning. By following these guidelines and leveraging available resources, organizations can successfully implement and maintain validated R Shiny applications in GxP environments, ensuring regulatory compliance and operational efficiency.","Talk",NA,"2024",2024-10-29,"12:38:00","12:48:00","Emily Yates","Formation Bio","Code that Cures: Validating GxP-Compliant R Shiny Apps for Clinical Decisions",NA,"https://youtu.be/eOXbpiIcYU0","GxP-relevant R Shiny application validation ensures compliance and data integrity in regulated industries. This complex process relies on three key pillars people, technology, and processes. A cross-functional team is crucial, comprising an R champion to drive initiatives, technical experts to implement infrastructure, and QA partners to guide regulatory adherence. Essential technologies include validated infrastructure and packages, forming the foundation for reliable application development. Processes should align with GAMP 5 guidelines and incorporate risk-based Software Development Life Cycle (SDLC) principles, such as documented user requirements and robust code testing. This overview serves as a starting point for those interested in building validated R Shiny applications, highlighting the importance of collaboration, risk-based approaches, and continuous learning. By following these guidelines and leveraging available resources, organizations can successfully implement and maintain validated R Shiny applications in GxP environments, ensuring regulatory compliance and operational efficiency.",NA
"rinpharma_419","2024 Conference","Pfizer has done a lot in the last several years to cultivate a positive journey for clinical trial participants. However, returning personal trial data to patients has always been the missing piece, until now. In August 2023, Pfizer launched the Clinical Trial Participant Data Return Initiative. U.S. participants from Pfizer sponsored studies are now able to register on the Pfizer Clinical Trial Alumni platform to receive their data. The participant’s data report includes the participant’s full trial record. The reports are powered by R Markdown and soon Quarto. In this talk, I’d like to share the story of how open-source tools from Posit have enabled this effort to provide PDF data reports to clinical trial participants.","Talk",NA,"2024",2024-10-29,"12:50:00","13:00:00","Sam Parmar","Pfizer","Using R to Return Clinical Trial Data to Participants",NA,"https://youtu.be/FGdVVSOyEV8","Pfizer has done a lot in the last several years to cultivate a positive journey for clinical trial participants. However, returning personal trial data to patients has always been the missing piece, until now. In August 2023, Pfizer launched the Clinical Trial Participant Data Return Initiative. U.S. participants from Pfizer sponsored studies are now able to register on the Pfizer Clinical Trial Alumni platform to receive their data. The participant’s data report includes the participant’s full trial record. The reports are powered by R Markdown and soon Quarto. In this talk, I’d like to share the story of how open-source tools from Posit have enabled this effort to provide PDF data reports to clinical trial participants.",NA
"rinpharma_420","2024 Conference",NA,"Talk",NA,"2024",2024-10-29,"13:02:00","13:12:00","James Wade","Dow","Integrating AI Assistants into Shiny Apps: Simplify Development and Enhance User Experience",NA,"https://youtu.be/SX2apNPnc0g",NA,NA
"rinpharma_421","2024 Conference",NA,"Schedule only",NA,"2024",2024-10-29,"13:12:00","13:22:00",NA,NA,"Break",NA,NA,NA,"Unfortunately we do not currently have an abstract, copy of the slides or link to the video to this presentation"
"rinpharma_422","2024 Conference","Amgen, a leading biotech company has built a web of connected data to help employees better understand the pharma products our company makes as well as who they can reach out to when they have questions (Experience Locator). This session will share the engineering architecture that brings diverse internal data sources together for an intuitive user experience that we've created using R Shiny.","Talk",NA,"2024",2024-10-29,"13:22:00","13:42:00","Ajitha Srinivasan | Rebecca Roth","Amgen | Amgen","Knowledge Management using R Shiny Apps to harness the Power of Connected Data",NA,NA,"Amgen, a leading biotech company has built a web of connected data to help employees better understand the pharma products our company makes as well as who they can reach out to when they have questions (Experience Locator). This session will share the engineering architecture that brings diverse internal data sources together for an intuitive user experience that we've created using R Shiny.",NA
"rinpharma_423","2024 Conference",NA,"Talk",NA,"2024",2024-10-29,"13:44:00","14:44:00","Audrey Yeo | Magdalena Krochmal | Daphné Grasselly","Roche | Roche | Roche","Building pathways for Inclusive life sciences and tech careers : Learnings from useR!2024 panel. Followed by discussion with attendees",NA,"https://youtu.be/RpxjYHDKQfA",NA,NA
"rinpharma_424","2024 Conference",NA,"Remarks","Y","2024",2024-10-29,"23:00:00","23:10:00","Daniel Sabanés Bové","RCONIS","Opening Remarks",NA,"https://youtu.be/zBG-qqdU35E",NA,NA
"rinpharma_425","2024 Conference","R users tend to be skeptical of modern AI models, given our weird insistence on answers being accurate, or at least supported by the data. But I believe the time has come—or maybe it’s a little late—for even the most AI-cynical among us to push past their discomfort and get informed about what these tools are truly capable of. And key to that is moving beyond using AI-enabled apps, and towards building our own scripts, packages, and apps that make judicious use of AI.
In this talk, I’ll tell you why I believe AI has more to offer the R community than just wrong answers from chat windows or mediocre code suggestions in our IDEs. I’ll also introduce brand-new tools we’re developing at Posit that put powerful AI tools within reach of every R user. And finally, I’ll show how adding some AI could make your next Shiny app dramatically more useful for your users.","Keynote","Y","2024",2024-10-29,"23:10:00","23:50:00","Joe Cheng","Posit","Joe Cheng’s Keynote (APAC Replay)",NA,"https://youtu.be/AfMa1CVUdXU","R users tend to be skeptical of modern AI models, given our weird insistence on answers being accurate, or at least supported by the data. But I believe the time has come—or maybe it’s a little late—for even the most AI-cynical among us to push past their discomfort and get informed about what these tools are truly capable of. And key to that is moving beyond using AI-enabled apps, and towards building our own scripts, packages, and apps that make judicious use of AI. In this talk, I’ll tell you why I believe AI has more to offer the R community than just wrong answers from chat windows or mediocre code suggestions in our IDEs. I’ll also introduce brand-new tools we’re developing at Posit that put powerful AI tools within reach of every R user. And finally, I’ll show how adding some AI could make your next Shiny app dramatically more useful for your users.",NA
"rinpharma_426","2024 Conference",NA,"Schedule only","Y","2024",2024-10-29,"23:50:00","00:00:00",NA,NA,"Discussion of Joe Cheng’s Keynote",NA,NA,NA,"Unfortunately we do not currently have an abstract, copy of the slides or link to the video to this presentation"
"rinpharma_427","2024 Conference",NA,"Schedule only","Y","2024",2024-10-30,"00:10:00","00:20:00",NA,NA,"Break",NA,NA,NA,"Unfortunately we do not currently have an abstract, copy of the slides or link to the video to this presentation"
"rinpharma_428","2024 Conference","This talk will share Novartis' transformative journey from SAS to R, highlighting our challenges, experiences, and successes. We'll discuss strategies to leverage open-source resources effectively and share insights on contributing to the open-source community.","Talk","Y","2024",2024-10-30,"00:20:00","00:40:00","Chengqian Wang","Novartis","Take It, Build It and Own It",NA,"https://youtu.be/gglTwGhLVNA","This talk will share Novartis' transformative journey from SAS to R, highlighting our challenges, experiences, and successes. We'll discuss strategies to leverage open-source resources effectively and share insights on contributing to the open-source community.",NA
"rinpharma_429","2024 Conference","We are planning to transition our analytical tools from SAS to R in the near future. I will share information about the educational initiatives we are working on for the introduction of R.","Talk","Y","2024",2024-10-30,"00:40:00","00:50:00","Toshiki Iwai | Tomoyuki Namai","Chugai | Chugai","Introduction to R Implementation and Educational Initiatives for SAS Programmers",NA,"https://youtu.be/L-M5lvOj3iQ","We are planning to transition our analytical tools from SAS to R in the near future. I will share information about the educational initiatives we are working on for the introduction of R.",NA
"rinpharma_430","2024 Conference",NA,"Schedule only","Y","2024",2024-10-30,"00:50:00","01:00:00",NA,NA,"Break",NA,NA,NA,"Unfortunately we do not currently have an abstract, copy of the slides or link to the video to this presentation"
"rinpharma_431","2024 Conference","In this panel discussion, colleagues from China explore strategies for overcoming timezone challenges in daily work, with a focus on maintaining a healthy work-life balance. Additionally, the discussion delves into the future of statistical programming, particularly the opportunities and challenges posed by AI. Beyond individual impacts, the discussion addresses how AI will reshape the broader industry. An intriguing intersection emerges when AI-driven productivity enhancements are shown to also benefit work-life balance by reducing workload pressures and allowing for more flexible, efficient workflows across different time zones.","Talk","Y","2024",2024-10-30,"01:10:00","01:40:00","Joe Zhu | Baoqing Li | Xiuting Mi | Yanli Chang","Roche | Janssen | Roche | Novartis","China: new region, new topics, new perspectives and new heights",NA,NA,"In this panel discussion, colleagues from China explore strategies for overcoming timezone challenges in daily work, with a focus on maintaining a healthy work-life balance. Additionally, the discussion delves into the future of statistical programming, particularly the opportunities and challenges posed by AI. Beyond individual impacts, the discussion addresses how AI will reshape the broader industry. An intriguing intersection emerges when AI-driven productivity enhancements are shown to also benefit work-life balance by reducing workload pressures and allowing for more flexible, efficient workflows across different time zones.",NA
"rinpharma_432","2024 Conference","Very few industry-wide standards exist for clinical reporting, but open-source technologies are bridging this gap. This presentation introduces our R package and Shiny application, Carver (Clinical Analysis Report and Visualization Ensemble in R), which generates clinical submission-ready tables and graphs.
An earlier version focusing on Adverse Events related reports was developed by our team in collaboration with Phuse, ASA and FDA. It is now expanded as an open-source Pfizer project, under spotlight of CDISC Open Source Alliance (COSA). This project references FDA Integrated TLF Guide, CDISC Guidelines and CDISC Standard Data.
{carver} uses standardized functions to build multiple clinical reports – under domains like Adverse Events, Lab Findings and Demography in Therapeutic Areas like Vaccine and Oncology. In addition to templates to create static tables and figures, the modularized Shiny application can also be used to generate interactive plots – with a feature to drill down to patient-level analysis. {carver} uses packages from the tidyverse suite, plotly, ggsurvfit, shiny, shinydashboard, shinyBS etc. For tables, we built a wrapper around Flextable package to dynamically fit a submission-ready format. The R functions are unit-tested, use tidy principles and CI/CD workflows were implemented.
We aim for {carver} to be used for regulatory submissions and for clinical review. Another potential outcome could be to embed study data within a Shiny Dashboard and include it in clinical submission-package. We are seeking collaborators to expand its reporting capabilities across the pharma industry.","Talk","Y","2024",2024-10-30,"01:40:00","02:00:00","Aravind Reddy | Smriti Anand","Pfizer | Pfizer","Clinical Analysis Report and Visualization Ensemble in R (carver)",NA,"https://youtu.be/sIXEg6v_2k0","Very few industry-wide standards exist for clinical reporting, but open-source technologies are bridging this gap. This presentation introduces our R package and Shiny application, Carver (Clinical Analysis Report and Visualization Ensemble in R), which generates clinical submission-ready tables and graphs. An earlier version focusing on Adverse Events related reports was developed by our team in collaboration with Phuse, ASA and FDA. It is now expanded as an open-source Pfizer project, under spotlight of CDISC Open Source Alliance (COSA). This project references FDA Integrated TLF Guide, CDISC Guidelines and CDISC Standard Data.  carver  uses standardized functions to build multiple clinical reports – under domains like Adverse Events, Lab Findings and Demography in Therapeutic Areas like Vaccine and Oncology. In addition to templates to create static tables and figures, the modularized Shiny application can also be used to generate interactive plots – with a feature to drill down to patient-level analysis.  carver  uses packages from the tidyverse suite, plotly, ggsurvfit, shiny, shinydashboard, shinyBS etc. For tables, we built a wrapper around Flextable package to dynamically fit a submission-ready format. The R functions are unit-tested, use tidy principles and CI/CD workflows were implemented. We aim for  carver  to be used for regulatory submissions and for clinical review. Another potential outcome could be to embed study data within a Shiny Dashboard and include it in clinical submission-package. We are seeking collaborators to expand its reporting capabilities across the pharma industry.",NA
"rinpharma_433","2024 Conference",NA,"Schedule only","Y","2024",2024-10-30,"02:00:00","02:10:00",NA,NA,"Break",NA,NA,NA,"Unfortunately we do not currently have an abstract, copy of the slides or link to the video to this presentation"
"rinpharma_434","2024 Conference","For one who works with programming, working on word documents such as creating tables, adjusting spaces, fonts seems to be tiring. In the pharma domain, statisticians are involved in one such task of
building mock shells for tables and replicating the same table structure (using programming software) to report statistical results. Statisticians are also required to provide statistical narratives for key results, which involves copying numerical values from summary tables and manually crafting the narrative - another time-consuming job. Many pharmaceutical companies have developed their own R libraries, some of which are available in the public domain. However, the output formats (i.e., the class of output objects) from these libraries are often not flexible and difficult to adapt to specific end-user requirements.

This abstract proposes a solution to these challenges using R by:
1. Creating Custom R Functions (Macros) for table layout: We propose building R functions that can generate table mock shells, which can later be reused to report statistical outputs. For example, a function like `fun_demo_tab` could be used to create a mock table for demographic data to be included in a TLF (Tables, Listings, and Figures) mock shell. The same function could then be reused to present the statistical summary of demographic data in the final report.

2. Automating Statistical Narration: We suggest developing an R macro along with RMarkdown that can automatically extract numerical values from summary tables and integrate them into a predefined narrative framework. This would significantly reduce the time statisticians spend on this task, cutting it down from hours to just a few seconds.","Talk","Y","2024",2024-10-30,"02:10:00","02:20:00","Smitha Ankinakatte","Syncorp Health","Automation of reporting statistical results with R (mocktables, summary tables, result narrations)",NA,"https://youtu.be/cgHYmrI7Dww","For one who works with programming, working on word documents such as creating tables, adjusting spaces, fonts seems to be tiring. In the pharma domain, statisticians are involved in one such task of building mock shells for tables and replicating the same table structure (using programming software) to report statistical results. Statisticians are also required to provide statistical narratives for key results, which involves copying numerical values from summary tables and manually crafting the narrative - another time-consuming job. Many pharmaceutical companies have developed their own R libraries, some of which are available in the public domain. However, the output formats (i.e., the class of output objects) from these libraries are often not flexible and difficult to adapt to specific end-user requirements.  This abstract proposes a solution to these challenges using R by 1. Creating Custom R Functions (Macros) for table layout We propose building R functions that can generate table mock shells, which can later be reused to report statistical outputs. For example, a function like `fun_demo_tab` could be used to create a mock table for demographic data to be included in a TLF (Tables, Listings, and Figures) mock shell. The same function could then be reused to present the statistical summary of demographic data in the final report.  2. Automating Statistical Narration We suggest developing an R macro along with RMarkdown that can automatically extract numerical values from summary tables and integrate them into a predefined narrative framework. This would significantly reduce the time statisticians spend on this task, cutting it down from hours to just a few seconds.",NA
"rinpharma_435","2024 Conference","In the pharmaceutical industry, TFLs can be generated through programming to support the final clinical study report. However, by referring to the TFL results, the medical writer needs to manually transcribe or copy/paste the outputs into the CSR. This entire process can consume several months, depending on the complexity of the study and regulatory requirements. To overcome this difficulty, we suggest using {quarto}, which can derive descriptions, narratives, inline tables, figures, etc., for the CSR. In this session, we will discuss the rationale and feasibility of using such a tool, and example solutions will be provided.","Talk","Y","2024",2024-10-30,"02:20:00","02:30:00","Vivian Chang","CIMS Global","Customize and Generate Clinical Study Report (CSR) document using {quarto}",NA,"https://youtu.be/Socl09MSHL8","In the pharmaceutical industry, TFLs can be generated through programming to support the final clinical study report. However, by referring to the TFL results, the medical writer needs to manually transcribe or copy/paste the outputs into the CSR. This entire process can consume several months, depending on the complexity of the study and regulatory requirements. To overcome this difficulty, we suggest using  quarto , which can derive descriptions, narratives, inline tables, figures, etc., for the CSR. In this session, we will discuss the rationale and feasibility of using such a tool, and example solutions will be provided.",NA
"rinpharma_436","2024 Conference","In the near future, we would like to use teal to conduct interactive analysis and to realize efficient communication with clinical development menbers. We will share an overview of the project, consisting of biostatisticians and statistical programmers, and future prospects.","Talk","Y","2024",2024-10-30,"02:30:00","02:40:00","Yumi Nishimoto | Keita Takahashi","Chugai | Chugai","Exploring interactive analytics with teal: supporting efficient communication in clinical science",NA,"https://youtu.be/hJX5-HEkilw","In the near future, we would like to use teal to conduct interactive analysis and to realize efficient communication with clinical development menbers. We will share an overview of the project, consisting of biostatisticians and statistical programmers, and future prospects.",NA
"rinpharma_437","2024 Conference","Following, the first R-based submission from Novo Nordisk an internal journey began to give back to the open-source community. Novo Nordisk has developed several internal packages to support the infrastructure behind executing clinical trials in R, and now one of the first pieces are ready to be open-sourced.

In this presentation we’ll take you down the long and winding road of going from inner-sourced packages to open-sourced packages and reveal {whirl} which is our new open-source R package for executing scripts and producing GxP compliant logs when conducting clinical trials.

{whirl} is an alternative to existing packages such as {logrx} and {logr} and is to be included as Novo Nordisk' first contribution to the pharmaverse.

The advantages of {whirl} are the support of multiple languages, and the html-based log reports, offering users a comprehensive overview of their processes.","Talk","Y","2024",2024-10-30,"02:40:00","03:00:00","Cervan Girard | Lovemore Gakava","Novo Nordisk | Novo Nordisk","{whirl} – An Open-Source R package for Program Logs",NA,"https://youtu.be/H-SfnDCaokI","Following, the first R-based submission from Novo Nordisk an internal journey began to give back to the open-source community. Novo Nordisk has developed several internal packages to support the infrastructure behind executing clinical trials in R, and now one of the first pieces are ready to be open-sourced.  In this presentation we’ll take you down the long and winding road of going from inner-sourced packages to open-sourced packages and reveal  whirl  which is our new open-source R package for executing scripts and producing GxP compliant logs when conducting clinical trials.   whirl  is an alternative to existing packages such as  logrx  and  logr  and is to be included as Novo Nordisk' first contribution to the pharmaverse.  The advantages of  whirl  are the support of multiple languages, and the html-based log reports, offering users a comprehensive overview of their processes.",NA
"rinpharma_438","2024 Conference",NA,"Remarks",NA,"2024",2024-10-30,"10:00:00","10:10:00","Lyn Taylor","Parexel","Opening Remarks",NA,"https://youtu.be/trC-jeQne1I",NA,NA
"rinpharma_439","2024 Conference","Over the past few decades, the volume of data available to support drug and biological product development have increased substantially. These increases in data volume were also accompanied by an expansion in data diversity with data originating from disparate sources including biologic data, pharmacological data, and clinical data (e.g., imaging, electronic health records, and digital health technologies). This growth in data volume and complexity combined with cutting-edge computing power and methodological advancements in artificial intelligence (AI) have the potential to transform how drugs and biological products are developed, manufactured, and utilized. Concurrent with these technological advancements, FDA’s Center for Drug Evaluation and Research (CDER) have seen an exponential increase in the number of drug submissions using AI components, with over 200 submissions reported in 2023 compared to only 1 in 2016. These submissions traverse the drug product life cycle from drug discovery to postmarket safety monitoring and cut across a range of therapeutic areas. In general, the application of AI in these submissions aims to improve the efficiency of drug discovery and our understanding of the efficacy and safety of specific treatments. The diverse uses of AI in these submissions highlight the need for an adaptive regulatory assessment of benefits and risks and emphasizes the importance of adopting a risk-based approach for establishing and evaluating the credibility of an AI model output for a particular context of use.","Keynote",NA,"2024",2024-10-30,"10:10:00","10:50:00","Tala Fakhouri","FDA","Responsive Regulation of AI in Drug Development",NA,"https://youtu.be/Jc9axucreyc","Over the past few decades, the volume of data available to support drug and biological product development have increased substantially. These increases in data volume were also accompanied by an expansion in data diversity with data originating from disparate sources including biologic data, pharmacological data, and clinical data (e.g., imaging, electronic health records, and digital health technologies). This growth in data volume and complexity combined with cutting-edge computing power and methodological advancements in artificial intelligence (AI) have the potential to transform how drugs and biological products are developed, manufactured, and utilized. Concurrent with these technological advancements, FDA’s Center for Drug Evaluation and Research (CDER) have seen an exponential increase in the number of drug submissions using AI components, with over 200 submissions reported in 2023 compared to only 1 in 2016. These submissions traverse the drug product life cycle from drug discovery to postmarket safety monitoring and cut across a range of therapeutic areas. In general, the application of AI in these submissions aims to improve the efficiency of drug discovery and our understanding of the efficacy and safety of specific treatments. The diverse uses of AI in these submissions highlight the need for an adaptive regulatory assessment of benefits and risks and emphasizes the importance of adopting a risk-based approach for establishing and evaluating the credibility of an AI model output for a particular context of use.",NA
"rinpharma_440","2024 Conference",NA,"Schedule only",NA,"2024",2024-10-30,"10:50:00","11:00:00",NA,NA,"Break",NA,NA,NA,"Unfortunately we do not currently have an abstract, copy of the slides or link to the video to this presentation"
"rinpharma_441","2024 Conference","The CDISC Analysis Results Data (ARD) Model is an emerging standard for encoding statistical analysis summaries in a machine-readable format. Its primary objective is to streamline the processes of automation, ensuring reproducibility, promoting reusability, and enhancing traceability.

The newly released {cards} R package, a collaborative effort in the Pharmaverse including Roche, GSK, and Novartis, offers a variety of functions for ARD generation. These range from basic univariate summaries like means and tabulations to complex multivariable summaries encompassing regression models and statistical tests.

While {cards} calculates statistics and stores them in a structured object, it cannot present those results; this, however, is where the {gtsummary} R package shines. The {gtsummary} package offers a modular framework to construct summary tables. It won the American Statistical Association’s 2021 award for Innovation in Statistical Programming and Analytics, and also won first place in Posit BPC’s Table Contest’s pharmaceutical track. The {gtsummary} package was recently refactored to utilize {cards} as its backend, which will allow users to both extract an ARD object from a {gtsummary} table and use an ARD object to construct a {gtsummary} table. 

Our recent experience utilizing the {cards} and {gtsummary} R packages  to prepare a health authority filing highlighted the benefits of using ARDs, including improved automation, reproducibility, reusability, and traceability. We believe that this approach will become increasingly essential for ensuring the quality and efficiency of clinical trial reporting.","Talk",NA,"2024",2024-10-30,"11:00:00","11:20:00","Daniel Sjoberg","Genentech","Harnessing CDISC’s Emerging Analysis Results Datasets Standard with the {cards} and {gtsummary} Packages",NA,"https://youtu.be/tDb6O6a5lbc","The CDISC Analysis Results Data (ARD) Model is an emerging standard for encoding statistical analysis summaries in a machine-readable format. Its primary objective is to streamline the processes of automation, ensuring reproducibility, promoting reusability, and enhancing traceability.  The newly released  cards  R package, a collaborative effort in the Pharmaverse including Roche, GSK, and Novartis, offers a variety of functions for ARD generation. These range from basic univariate summaries like means and tabulations to complex multivariable summaries encompassing regression models and statistical tests.  While  cards  calculates statistics and stores them in a structured object, it cannot present those results; this, however, is where the  gtsummary  R package shines. The  gtsummary  package offers a modular framework to construct summary tables. It won the American Statistical Association’s 2021 award for Innovation in Statistical Programming and Analytics, and also won first place in Posit BPC’s Table Contest’s pharmaceutical track. The  gtsummary  package was recently refactored to utilize  cards  as its backend, which will allow users to both extract an ARD object from a  gtsummary  table and use an ARD object to construct a  gtsummary  table.   Our recent experience utilizing the  cards  and  gtsummary  R packages  to prepare a health authority filing highlighted the benefits of using ARDs, including improved automation, reproducibility, reusability, and traceability. We believe that this approach will become increasingly essential for ensuring the quality and efficiency of clinical trial reporting.",NA
"rinpharma_442","2024 Conference","Win measures, such as win ratio, win odds, net benefit, and desirability of outcome ranking (DOOR), have become popular approaches for the analysis of hierarchical endpoints in clinical studies. For trial design with these win measures based on hierarchical endpoints, sample size and power calculations are often based on simulation studies that can be cumbersome.  Existing sample size and power formulas require investigators to specify clinically significant and meaningful magnitude of win measures and probability of ties that are difficult to elicit based on prior published literature or preliminary data.  To overcome these difficulties, we express the win measures as function of marginal win measures that are readily available under independence assumption and this provides a novel way to specify a meaningful and justifiable magnitude of win measures and the magnitude of probability of ties. We built a very flexible R shiny app (https://duke-som.shinyapps.io/Hierarchical_Endpoints/) that can quickly compute a sample size with a given power or compute a power with a given sample size for any clinical trial design with two groups for any number of hierarchical endpoints, any type of endpoints (time to event, counts, binary, or ordinal), and any order of hierarchy of these endpoints.","Talk",NA,"2024",2024-10-30,"11:22:00","11:32:00","Huiman Barnhart | Dylan Thibault","Duke University | Duke University","Sample Size or Power Calculations for Trial Design with Hierarchical Endpoints - an R Shiny App",NA,"https://youtu.be/cn5Ja0dqqRU","Win measures, such as win ratio, win odds, net benefit, and desirability of outcome ranking (DOOR), have become popular approaches for the analysis of hierarchical endpoints in clinical studies. For trial design with these win measures based on hierarchical endpoints, sample size and power calculations are often based on simulation studies that can be cumbersome.  Existing sample size and power formulas require investigators to specify clinically significant and meaningful magnitude of win measures and probability of ties that are difficult to elicit based on prior published literature or preliminary data.  To overcome these difficulties, we express the win measures as function of marginal win measures that are readily available under independence assumption and this provides a novel way to specify a meaningful and justifiable magnitude of win measures and the magnitude of probability of ties. We built a very flexible R shiny app (https//duke-som.shinyapps.io/Hierarchical_Endpoints/) that can quickly compute a sample size with a given power or compute a power with a given sample size for any clinical trial design with two groups for any number of hierarchical endpoints, any type of endpoints (time to event, counts, binary, or ordinal), and any order of hierarchy of these endpoints.",NA
"rinpharma_443","2024 Conference","In the fast moving Pharmaceutical industry, efficiency between teams is key. This was at the forefront of our minds when launching our shiny application GLITTER, built to take data input from our programming teams and produce formatted word documents for our medical writers.

However, when launching our application we experienced some teething problems. Our data inputs were not always fit for purpose, leading to time consuming communication loops between the two teams to bug fix and reach the desired outcome.

In this talk, I will discuss how through some small tweaks to our shiny application, we were able to produce a companion tool - GLITTER for programmers. This not only empowered our programmers to validate their own inputs, but also reduced unnecessary feedback cycles between teams. This showcases that the key to effective tooling often lies within existing code, it's just a matter of rethinking its application.","Talk",NA,"2024",2024-10-30,"11:34:00","11:44:00","Shannon Haughton","GSK","Optimising Team Collaboration with Shiny",NA,"https://youtu.be/7B0xiPcfsec","In the fast moving Pharmaceutical industry, efficiency between teams is key. This was at the forefront of our minds when launching our shiny application GLITTER, built to take data input from our programming teams and produce formatted word documents for our medical writers.  However, when launching our application we experienced some teething problems. Our data inputs were not always fit for purpose, leading to time consuming communication loops between the two teams to bug fix and reach the desired outcome.  In this talk, I will discuss how through some small tweaks to our shiny application, we were able to produce a companion tool - GLITTER for programmers. This not only empowered our programmers to validate their own inputs, but also reduced unnecessary feedback cycles between teams. This showcases that the key to effective tooling often lies within existing code, it's just a matter of rethinking its application.",NA
"rinpharma_444","2024 Conference","With the rapid adoption of R in the pharmaceutical industry, the topic of R package validation has become a focal point of discussion. Ensuring that these packages perform in a reproducible and reliable manner is not just important, but essential for maintaining the integrity of data analysis and regulatory compliance. Across the industry, numerous professionals have shared their methodologies for validating open-source R packages, each contributing valuable insights into best practices and common challenges. Despite the wealth of shared knowledge, one area remains relatively unexplored: the validation of R packages within Docker images. Docker, a platform that enables the creation and deployment of applications in isolated containers, offers a powerful tool for ensuring consistency across different computing environments. By encapsulating R packages and their dependencies within Docker images, we can achieve a high level of reproducibility and portability. This talk aims to delve into this niche yet significant topic and provide a guide to tailoring your validation process to leverage Docker for R package validation, enhancing the reproducibility and reliability of computational results in the pharmaceutical industry.","Talk",NA,"2024",2024-10-30,"11:46:00","12:06:00","Nicole Jones","Denali","R Package Validation Framework: Docker Integration",NA,"https://youtu.be/Z3ZZaR2On60","With the rapid adoption of R in the pharmaceutical industry, the topic of R package validation has become a focal point of discussion. Ensuring that these packages perform in a reproducible and reliable manner is not just important, but essential for maintaining the integrity of data analysis and regulatory compliance. Across the industry, numerous professionals have shared their methodologies for validating open-source R packages, each contributing valuable insights into best practices and common challenges. Despite the wealth of shared knowledge, one area remains relatively unexplored the validation of R packages within Docker images. Docker, a platform that enables the creation and deployment of applications in isolated containers, offers a powerful tool for ensuring consistency across different computing environments. By encapsulating R packages and their dependencies within Docker images, we can achieve a high level of reproducibility and portability. This talk aims to delve into this niche yet significant topic and provide a guide to tailoring your validation process to leverage Docker for R package validation, enhancing the reproducibility and reliability of computational results in the pharmaceutical industry.",NA
"rinpharma_445","2024 Conference",NA,"Schedule only",NA,"2024",2024-10-30,"12:06:00","12:26:00",NA,NA,"Break",NA,NA,NA,"Unfortunately we do not currently have an abstract, copy of the slides or link to the video to this presentation"
"rinpharma_446","2024 Conference","Discover how AI models can revolutionize drug development towards personalized applications, by predicting drug behavior while integrating multiple data sources including formulation attributes, manufacturing process parameters, and in-vitro experimental data of pharmaceutical products.","Talk",NA,"2024",2024-10-30,"12:26:00","12:36:00","Konstantina Koliopoulou","University of Athens","Leveraging Artificial Intelligence in R for Predicting Drug Behavior",NA,"https://youtu.be/Uq9CtovUTPE","Discover how AI models can revolutionize drug development towards personalized applications, by predicting drug behavior while integrating multiple data sources including formulation attributes, manufacturing process parameters, and in-vitro experimental data of pharmaceutical products.",NA
"rinpharma_447","2024 Conference","Our objective was to develop predictive models for fibrosis, which is a crucial symptom response in the retinal health, using baseline characteristics and to identify key biomarkers associated with fibrosis progression. We utilized a comprehensive dataset that includes demographic information, ophthalmic exams (such as OCT and fluorescein angiography), and treatment details from the clinical trials.
The data preparation involved integrating multiple datasets to create a robust training set. We employed various machine learning techniques, including ensemble methods (XGBoost, Random Forest), Support Vector Machine (SVM), and partial least squares regression, to develop our models. The models' performance was evaluated based on sensitivity, specificity, and area under the ROC curve (AUC).

In the work, all results are done in R markdown which integrate the code, comments and result. Besides, data manipulation is fitted with clinical standard to display demographic statistics table. We hope the result from R could be used in clinics and also create a package for other users to run the machine learning methods as a standardized way in the future.","Talk",NA,"2024",2024-10-30,"12:38:00","12:48:00","Jin Ge","Boehringer Ingelheim","Apply machine learning methods to retinal clinical data in R",NA,"https://youtu.be/TP3Ljd9GOJ0","Our objective was to develop predictive models for fibrosis, which is a crucial symptom response in the retinal health, using baseline characteristics and to identify key biomarkers associated with fibrosis progression. We utilized a comprehensive dataset that includes demographic information, ophthalmic exams (such as OCT and fluorescein angiography), and treatment details from the clinical trials. The data preparation involved integrating multiple datasets to create a robust training set. We employed various machine learning techniques, including ensemble methods (XGBoost, Random Forest), Support Vector Machine (SVM), and partial least squares regression, to develop our models. The models' performance was evaluated based on sensitivity, specificity, and area under the ROC curve (AUC).  In the work, all results are done in R markdown which integrate the code, comments and result. Besides, data manipulation is fitted with clinical standard to display demographic statistics table. We hope the result from R could be used in clinics and also create a package for other users to run the machine learning methods as a standardized way in the future.",NA
"rinpharma_448","2024 Conference","This talk will introduce the integration of the WebR framework into the TLG Catalog - a catalog of Tables, Listings, and Graphs outputs for clinical reporting. WebR, which ports R into WebAssembly (WASM), enables compiled R code to run directly on websites, making the TLG Catalog more accessible and efficient, especially for learning and experimentation. The presentation will include an introduction to the TLG Catalog, a brief overview of WebR technology, a live demo, and a discussion on the integration's impact.","Talk",NA,"2024",2024-10-30,"12:50:00","13:10:00","Pawel Rucki","Roche","Introducing WebR to TLG Catalog",NA,"https://youtu.be/vaoDUrUscZA","This talk will introduce the integration of the WebR framework into the TLG Catalog - a catalog of Tables, Listings, and Graphs outputs for clinical reporting. WebR, which ports R into WebAssembly (WASM), enables compiled R code to run directly on websites, making the TLG Catalog more accessible and efficient, especially for learning and experimentation. The presentation will include an introduction to the TLG Catalog, a brief overview of WebR technology, a live demo, and a discussion on the integration's impact.",NA
"rinpharma_449","2024 Conference",NA,"Schedule only",NA,"2024",2024-10-30,"13:10:00","13:20:00",NA,NA,"Break",NA,NA,NA,"Unfortunately we do not currently have an abstract, copy of the slides or link to the video to this presentation"
"rinpharma_450","2024 Conference","For Data Monitoring Committee (DMC) reports, Biogen has moved from static, SAS-based reports to interactive R Markdown reports that allow users to immerse themselves in the data during review. While several stakeholders have welcomed this new way of working, this change has not been without challenges. This talk will go over the concept and execution of these reports, the strategies to overcome these challenges, and the benefits that switching to a web-based output has given to the organization.","Talk",NA,"2024",2024-10-30,"13:20:00","13:40:00","Nate Mockler | Anuja Das","Biogen | Biogen","Why Cant I Print This?: Adventures In Creating Interactive Safety Reports",NA,"https://youtu.be/CWaT-NC1BsM","For Data Monitoring Committee (DMC) reports, Biogen has moved from static, SAS-based reports to interactive R Markdown reports that allow users to immerse themselves in the data during review. While several stakeholders have welcomed this new way of working, this change has not been without challenges. This talk will go over the concept and execution of these reports, the strategies to overcome these challenges, and the benefits that switching to a web-based output has given to the organization.",NA
"rinpharma_451","2024 Conference","The value that R brings to clinical reporting is well established, and this has been the key factor in securing R's position within the pharma industry. However, as effective data collection, curation, and aggregation have increased across functions within the pharma industry over the past years, real opportunities have emerged to leverage R's ecosystem across the development pipeline. For the past five years I have been working as a data scientist supporting late-stage process development teams, and I'll use this talk to describe some successful applications of R to common process development challenges in data analysis and reporting, as well as some areas where further improvement is needed.","Talk",NA,"2024",2024-10-30,"13:42:00","13:52:00","Nick Kaiser","Novartis","Enhancing Late-Stage Process Development with R",NA,"https://youtu.be/ow_-ama_YKY","The value that R brings to clinical reporting is well established, and this has been the key factor in securing R's position within the pharma industry. However, as effective data collection, curation, and aggregation have increased across functions within the pharma industry over the past years, real opportunities have emerged to leverage R's ecosystem across the development pipeline. For the past five years I have been working as a data scientist supporting late-stage process development teams, and I'll use this talk to describe some successful applications of R to common process development challenges in data analysis and reporting, as well as some areas where further improvement is needed.",NA
"rinpharma_452","2024 Conference","Interactive reports enable users to perform data discovery and analysis and provides a more engaging and dynamic experience compared with static reports. However, presenting interactive reports with Shiny or Dash requires the use of an external server which can be costly and time consuming. Interactive reports using Quarto or Rmarkdown can be a valuable alternative to create accessible, user-friendly reports that provide comparative use to more server intensive applications without the expense.","Talk",NA,"2024",2024-10-30,"13:54:00","14:04:00","Adam Buss","Abbott","Streamlining Data Edit Checks via Interactive Document",NA,"https://youtu.be/Xi2jYSbklok","Interactive reports enable users to perform data discovery and analysis and provides a more engaging and dynamic experience compared with static reports. However, presenting interactive reports with Shiny or Dash requires the use of an external server which can be costly and time consuming. Interactive reports using Quarto or Rmarkdown can be a valuable alternative to create accessible, user-friendly reports that provide comparative use to more server intensive applications without the expense.",NA
"rinpharma_453","2024 Conference","DuckDB is an open-source analytical database management system with clients for several languages, including R. DuckDB offers the functionality of a database system, including high performance, persistence and full SQL support. At the same time, DuckDB has a small footprint with no dependency on an external server: it is trivial to deploy using the library(duckdb) call. DuckDB also has deep integrations into client libraries such as dplyr using the duckplyr package. In this talk, I explain how DuckDB achieves its high performance, demonstrate its performance through a live demo and showcase its R integrations.","Talk",NA,"2024",2024-10-30,"14:06:00","14:26:00","Gabor Szarnyas","DuckDB","DuckDB and duckplyr: An in-process database management system in your R script",NA,"https://youtu.be/Yn1ph3-1iAs","DuckDB is an open-source analytical database management system with clients for several languages, including R. DuckDB offers the functionality of a database system, including high performance, persistence and full SQL support. At the same time, DuckDB has a small footprint with no dependency on an external server it is trivial to deploy using the library(duckdb) call. DuckDB also has deep integrations into client libraries such as dplyr using the duckplyr package. In this talk, I explain how DuckDB achieves its high performance, demonstrate its performance through a live demo and showcase its R integrations.",NA
"rinpharma_454","2024 Conference","This presentation explores the innovative use of Git to facilitate a multilingual approach in clinical trial execution at Novo Nordisk. It highlights the transition from SAS to R, driven by the need for improved efficiency and code reusability. The presentation details the setup of a new version control system, statistical computing environment, and the integration of Git and CI pipelines to manage and execute programs in multiple languages. It emphasizes the benefits of Git, including enhanced traceability, new review processes, and intelligent branch management. The future vision includes seamless orchestration of programs, independent of language and manual execution, ensuring a unified and efficient workflow.","On-Demand",NA,"2024",2024-10-30,"16:00:00","16:20:00","Nicolaj Thostrup","Novo Nordisk","Using git for a multilingual approach to trial activities",NA,"https://youtu.be/IU6tuQ7AzBE","This presentation explores the innovative use of Git to facilitate a multilingual approach in clinical trial execution at Novo Nordisk. It highlights the transition from SAS to R, driven by the need for improved efficiency and code reusability. The presentation details the setup of a new version control system, statistical computing environment, and the integration of Git and CI pipelines to manage and execute programs in multiple languages. It emphasizes the benefits of Git, including enhanced traceability, new review processes, and intelligent branch management. The future vision includes seamless orchestration of programs, independent of language and manual execution, ensuring a unified and efficient workflow.",NA
"rinpharma_455","2024 Conference","There have been two pilot studies discussing submission to the FDA through R Shiny. With such applications, an efficient and interactive review can now be conducted. While most of the applications focus on using R Shiny applications within an organization for internal review of compounds, R Shiny packages such as {teal} can be implemented for DMC activities. Interactive dashboards using R to perform analysis, which can be inclusive to study-specified analysis and endpoint, such as using {rtables}, {tern}, and {teal}. Moreover, such an approach can provide downloadable/portable files for further reference. In this session, we will discuss the feasibility of such an application into DMC activity.","On-Demand",NA,"2024",2024-10-30,"16:30:00","16:55:00","Peng Zhang","CIMS Global","Implementation of {teal} Shiny apps in DMC activity",NA,"https://youtu.be/-LEVqskcAhk","There have been two pilot studies discussing submission to the FDA through R Shiny. With such applications, an efficient and interactive review can now be conducted. While most of the applications focus on using R Shiny applications within an organization for internal review of compounds, R Shiny packages such as  teal  can be implemented for DMC activities. Interactive dashboards using R to perform analysis, which can be inclusive to study-specified analysis and endpoint, such as using  rtables ,  tern , and  teal . Moreover, such an approach can provide downloadable/portable files for further reference. In this session, we will discuss the feasibility of such an application into DMC activity.",NA
"rinpharma_456","2024 Conference","Trial statisticians write software and are well placed to contribute to analytical solutions that inform business and clinical decision making. Early conversations about incorporating software engineering competence in a trials statistician’s (Sabanés Bové, 2023) already impressive toolbox have started to emerge with the use of the common language of R. I share my personal experience about the actions and attitudes to achieve a state-of-art solution called phase1b and highlight good software engineering principles and ways of working. The package phase1b (Yeo et al, 2024)  is a flexible toolkit that evaluates efficacy and futility analysis within the Bayesian framework for early Oncology trials. The R package informs decision making on whether the drug of concern warrants further investment. Since the evaluation of the efficacy and futility impacts business and clinical decisions in pharma, it is advantageous that the industry strives to understand and create the conditions for more Software success such as the phase1b.","On-Demand",NA,"2024",2024-10-30,"17:00:00","17:30:00","Audrey Yeo","Roche","Gearing our industry Statisticians up for Software success : A phase1b journey",NA,"https://youtu.be/bzCXYwgD1G8","Trial statisticians write software and are well placed to contribute to analytical solutions that inform business and clinical decision making. Early conversations about incorporating software engineering competence in a trials statistician’s (Sabanés Bové, 2023) already impressive toolbox have started to emerge with the use of the common language of R. I share my personal experience about the actions and attitudes to achieve a state-of-art solution called phase1b and highlight good software engineering principles and ways of working. The package phase1b (Yeo et al, 2024)  is a flexible toolkit that evaluates efficacy and futility analysis within the Bayesian framework for early Oncology trials. The R package informs decision making on whether the drug of concern warrants further investment. Since the evaluation of the efficacy and futility impacts business and clinical decisions in pharma, it is advantageous that the industry strives to understand and create the conditions for more Software success such as the phase1b.",NA
"rinpharma_457","2024 Conference",NA,"Remarks","Y","2024",2024-10-30,"23:00:00","23:10:00","Joe Zhu","Roche","Opening Remarks",NA,NA,NA,"Unfortunately we do not currently have an abstract, copy of the slides or link to the video to this presentation"
"rinpharma_458","2024 Conference","Over the past few decades, the volume of data available to support drug and biological product development have increased substantially. These increases in data volume were also accompanied by an expansion in data diversity with data originating from disparate sources including biologic data, pharmacological data, and clinical data (e.g., imaging, electronic health records, and digital health technologies). This growth in data volume and complexity combined with cutting-edge computing power and methodological advancements in artificial intelligence (AI) have the potential to transform how drugs and biological products are developed, manufactured, and utilized. Concurrent with these technological advancements, FDA’s Center for Drug Evaluation and Research (CDER) have seen an exponential increase in the number of drug submissions using AI components, with over 200 submissions reported in 2023 compared to only 1 in 2016. These submissions traverse the drug product life cycle from drug discovery to postmarket safety monitoring and cut across a range of therapeutic areas. In general, the application of AI in these submissions aims to improve the efficiency of drug discovery and our understanding of the efficacy and safety of specific treatments. The diverse uses of AI in these submissions highlight the need for an adaptive regulatory assessment of benefits and risks and emphasizes the importance of adopting a risk-based approach for establishing and evaluating the credibility of an AI model output for a particular context of use.","Keynote","Y","2024",2024-10-30,"23:10:00","00:05:00","Tala Fakhouri","FDA","Tala Fakhouri’s Keynote (APAC Replay)",NA,"https://youtu.be/Jc9axucreyc","Over the past few decades, the volume of data available to support drug and biological product development have increased substantially. These increases in data volume were also accompanied by an expansion in data diversity with data originating from disparate sources including biologic data, pharmacological data, and clinical data (e.g., imaging, electronic health records, and digital health technologies). This growth in data volume and complexity combined with cutting-edge computing power and methodological advancements in artificial intelligence (AI) have the potential to transform how drugs and biological products are developed, manufactured, and utilized. Concurrent with these technological advancements, FDA’s Center for Drug Evaluation and Research (CDER) have seen an exponential increase in the number of drug submissions using AI components, with over 200 submissions reported in 2023 compared to only 1 in 2016. These submissions traverse the drug product life cycle from drug discovery to postmarket safety monitoring and cut across a range of therapeutic areas. In general, the application of AI in these submissions aims to improve the efficiency of drug discovery and our understanding of the efficacy and safety of specific treatments. The diverse uses of AI in these submissions highlight the need for an adaptive regulatory assessment of benefits and risks and emphasizes the importance of adopting a risk-based approach for establishing and evaluating the credibility of an AI model output for a particular context of use.",NA
"rinpharma_459","2024 Conference",NA,"Schedule only","Y","2024",2024-10-30,"23:50:00","00:10:00",NA,NA,"Discussion of Tala Fakhouri’s Keynote",NA,NA,NA,"Unfortunately we do not currently have an abstract, copy of the slides or link to the video to this presentation"
"rinpharma_460","2024 Conference",NA,"Schedule only","Y","2024",2024-10-31,"00:10:00","00:20:00",NA,NA,"Break",NA,NA,NA,"Unfortunately we do not currently have an abstract, copy of the slides or link to the video to this presentation"
"rinpharma_461","2024 Conference","I am going to demonstrate how to use Shiny to effectively present clinical results using CDISC-compliant datasets, such as SDTM. The main points of the presentation are as follows:

1. Using Shiny to present key domains and combine information from multiple domains within clinical datasets.

2. Presenting specific group or individual information with Shiny, enhancing the clarity and visualization of clinical results.

3. Ensuring that the Shiny app is user-friendly for non-programming users, enabling efficient data exploration and monitoring.","Talk","Y","2024",2024-10-31,"00:20:00","00:40:00","Winkle Lu","Shanghai Junshi Bioscience","Using Shiny to Clearly Present Clinical Results with CDISC-Compliant Dataset",NA,"https://youtu.be/EstQmREqlBg","I am going to demonstrate how to use Shiny to effectively present clinical results using CDISC-compliant datasets, such as SDTM. The main points of the presentation are as follows  1. Using Shiny to present key domains and combine information from multiple domains within clinical datasets.  2. Presenting specific group or individual information with Shiny, enhancing the clarity and visualization of clinical results.  3. Ensuring that the Shiny app is user-friendly for non-programming users, enabling efficient data exploration and monitoring.",NA
"rinpharma_462","2024 Conference","The use of interactive web applications has become increasingly prominent in various industries due to their ability to enhance user experience and streamline processes. In clinical programming, ensuring the quality and compliance of deliverables is paramount to uphold regulatory standards and safeguard patient safety. The Shiny application is effectively used for creating interactive web application that facilitate quality compliance checks in clinical programming frameworks.
At Novo Nordisk, a user friendly Shiny application has been developed to read various file formats like SAS, R, TXT, PNG and HTML, perform various compliance checks , compare different versions of Tables, Figures, Listings to highlight the issues and generate summary reports for review.
Integrating Shiny into the quality compliance process in clinical programming presents a robust solution to enhance the accuracy and efficiency of quality assurance.","Talk","Y","2024",2024-10-31,"00:40:00","00:50:00","Sai Gayatri Vemuri | Katikala Vinodhkumar","Novo Nordisk | Novo Nordisk","Exploring Shiny for Quality Compliance Checks of Clinical Programming Deliverables",NA,"https://youtu.be/-1KmYjegD68","The use of interactive web applications has become increasingly prominent in various industries due to their ability to enhance user experience and streamline processes. In clinical programming, ensuring the quality and compliance of deliverables is paramount to uphold regulatory standards and safeguard patient safety. The Shiny application is effectively used for creating interactive web application that facilitate quality compliance checks in clinical programming frameworks. At Novo Nordisk, a user friendly Shiny application has been developed to read various file formats like SAS, R, TXT, PNG and HTML, perform various compliance checks , compare different versions of Tables, Figures, Listings to highlight the issues and generate summary reports for review. Integrating Shiny into the quality compliance process in clinical programming presents a robust solution to enhance the accuracy and efficiency of quality assurance.",NA
"rinpharma_463","2024 Conference",NA,"Schedule only","Y","2024",2024-10-31,"00:50:00","01:10:00",NA,NA,"Break",NA,NA,NA,"Unfortunately we do not currently have an abstract, copy of the slides or link to the video to this presentation"
"rinpharma_464","2024 Conference","In our daily study practice, we identified the need for a concise and straightforward tool to help study teams extract significant information from the latest EDC raw data. However, study teams often find themselves overwhelmed by the vast amount of EDC data and overly complex data review tools. To address this, we developed a one-click R-Shiny App that bridges EDC data directly to actionable outputs, enabling the detection of critical signals related to data quality.
The goal of this one-click R-Shiny App is to resolve the following challenges:
1. Provide a global dashboard that accommodates all company-level studies.
2. Detect patterns between the overall population and the China subgroup in safety data, end-of-treatment, end-of-study, protocol deviations, and biomarker sample collection.
3. Extract the most critical exception listings.
4. Address the issue of variable names lacking direct access to variable labels.","Talk","Y","2024",2024-10-31,"01:10:00","01:30:00","Keting LV","Daiichi Sankyo","Transforming EDC Data into Practical Insights: The Power of a One-Click R-Shiny App",NA,"https://youtu.be/4xhnNFUt6-A","In our daily study practice, we identified the need for a concise and straightforward tool to help study teams extract significant information from the latest EDC raw data. However, study teams often find themselves overwhelmed by the vast amount of EDC data and overly complex data review tools. To address this, we developed a one-click R-Shiny App that bridges EDC data directly to actionable outputs, enabling the detection of critical signals related to data quality. The goal of this one-click R-Shiny App is to resolve the following challenges 1. Provide a global dashboard that accommodates all company-level studies. 2. Detect patterns between the overall population and the China subgroup in safety data, end-of-treatment, end-of-study, protocol deviations, and biomarker sample collection. 3. Extract the most critical exception listings. 4. Address the issue of variable names lacking direct access to variable labels.",NA
"rinpharma_465","2024 Conference","The Bayesian Cluster Validity Index (BCVI) is a new concept that directly applies the Bayesian framework to CVIs. This connection is unique and has not been explored before in the literature. In this talk, we introduce BCVI, which can be used in conjunction with any existing CVIs, particularly advantageous for users who have prior knowledge of the expected number of clusters in their datasets. We will explore the BCVI concept in depth, demonstrating its integration with the BayesCVI (https://CRAN.R-project.org/package=BayesCVI) available on CRAN and applying it to diverse real-world applications such as health science data and MRI image brain tumor detection.","Talk","Y","2024",2024-10-31,"01:30:00","01:50:00","Nathakhun Wiroonsri | Onthada Preedasawakul","King Mongkut's University of Technology Thonburi | King Mongkut's University of Technology Thonburi","{BayesCVI} A Bayesian cluster validity index with medical applications",NA,"https://youtu.be/OHt-aHmubKg","The Bayesian Cluster Validity Index (BCVI) is a new concept that directly applies the Bayesian framework to CVIs. This connection is unique and has not been explored before in the literature. In this talk, we introduce BCVI, which can be used in conjunction with any existing CVIs, particularly advantageous for users who have prior knowledge of the expected number of clusters in their datasets. We will explore the BCVI concept in depth, demonstrating its integration with the BayesCVI (https//CRAN.R-project.org/package=BayesCVI) available on CRAN and applying it to diverse real-world applications such as health science data and MRI image brain tumor detection.",NA
"rinpharma_466","2024 Conference",NA,"Schedule only","Y","2024",2024-10-31,"01:50:00","02:00:00",NA,NA,"Break",NA,NA,NA,"Unfortunately we do not currently have an abstract, copy of the slides or link to the video to this presentation"
"rinpharma_467","2024 Conference","At Appsilon, we focus on helping diverse teams build Shiny apps to solve their problems. Over time, we've observed common project patterns that hinder onboarding and create barriers to productive contributions. In this discussion, we will detail these patterns and provide strategies to mitigate them, supported by case studies of projects that have successfully overcome these challenges. These barriers include a lack of documentation, complex setup processes, insufficient dependency management, poor code organization, and inadequate testing, among others. At first, these topics may seem more closely related to the responsibilities of professional developers rather than members working within business lines. However, it becomes much easier to address these issues with access to some helpful tools. We will discuss these tools and how to implement them in your project with minimal effort. Defining such standards will ensure that future projects and teams work seamlessly and effectively.","Talk","Y","2024",2024-10-31,"02:00:00","02:20:00","Vedha Viyash","Appsilon","Breaking down cognitive barriers for new members to your project and your future self",NA,"https://youtu.be/IaupPZvqw6U","At Appsilon, we focus on helping diverse teams build Shiny apps to solve their problems. Over time, we've observed common project patterns that hinder onboarding and create barriers to productive contributions. In this discussion, we will detail these patterns and provide strategies to mitigate them, supported by case studies of projects that have successfully overcome these challenges. These barriers include a lack of documentation, complex setup processes, insufficient dependency management, poor code organization, and inadequate testing, among others. At first, these topics may seem more closely related to the responsibilities of professional developers rather than members working within business lines. However, it becomes much easier to address these issues with access to some helpful tools. We will discuss these tools and how to implement them in your project with minimal effort. Defining such standards will ensure that future projects and teams work seamlessly and effectively.",NA
"rinpharma_468","2024 Conference","Stability of statistical results is essential in drug development. Many research groups develop in-house pipelines for data processing and analysis, incorporating with R packages, internal computations, and even integrate with other language like Python. However, untracked tool updates can lead to result variability or pipeline failures.

At Silence Therapeutics, we've implemented a three-tiered approach to ensure result reliability, reproducibility, and robustness:

1. Automated semantic versioning: Tracks changes in our data pipeline when internal or external developers update functions.
2. Docker containerization: Ensures consistent environments for reproducible results.
3. Nextflow integration: Enables scalable execution of our containerized pipelines on AWS cloud.

This comprehensive system provides a solid foundation for our drug development efforts by maintaining pipeline integrity and result consistency.","Talk","Y","2024",2024-10-31,"02:20:00","02:30:00","Wei-Hung Pan","Silence Therapeutics","R, Docker and Nextflow – Building the stable Data pipeline",NA,"https://youtu.be/ku6XqvDKjQs","Stability of statistical results is essential in drug development. Many research groups develop in-house pipelines for data processing and analysis, incorporating with R packages, internal computations, and even integrate with other language like Python. However, untracked tool updates can lead to result variability or pipeline failures.  At Silence Therapeutics, we've implemented a three-tiered approach to ensure result reliability, reproducibility, and robustness  1. Automated semantic versioning Tracks changes in our data pipeline when internal or external developers update functions. 2. Docker containerization Ensures consistent environments for reproducible results. 3. Nextflow integration Enables scalable execution of our containerized pipelines on AWS cloud.  This comprehensive system provides a solid foundation for our drug development efforts by maintaining pipeline integrity and result consistency.",NA
"rinpharma_469","2024 Conference","In this talk, we would like to introduce openstatsware, an official working group of ASA BIOP as well as EFSPI/PSI. The working group has a primary objective to engineer R packages that implement important statistical methods, and a secondary objective to develop and disseminate best practices for engineering high-quality open-source statistical software. We will talk about what R packages we have been developing and what we have done to disseminate the best practices, as well as our long-term perspective and next steps.","Talk","Y","2024",2024-10-31,"02:30:00","02:40:00","Daniel Sabanés Bové","RCONIS","Introducing openstatsware: Who we are and what we build together",NA,"https://youtu.be/61IFzMDgiNA","In this talk, we would like to introduce openstatsware, an official working group of ASA BIOP as well as EFSPI/PSI. The working group has a primary objective to engineer R packages that implement important statistical methods, and a secondary objective to develop and disseminate best practices for engineering high-quality open-source statistical software. We will talk about what R packages we have been developing and what we have done to disseminate the best practices, as well as our long-term perspective and next steps.",NA
"rinpharma_470","2024 Conference","Reproducibility and efficiency are critical in data analysis workflows, particularly in complex projects with multiple interdependent tasks. The {targets} package in R offers a robust solution for orchestrating reproducible and scalable workflows. By defining and managing a directed acyclic graph (DAG) of tasks, {targets} ensures that each step in the workflow is executed in the correct order and only when necessary, saving time and computational resources. In this presentation, we will demonstrate how to build a reproducible workflow using {targets}. We will explore the core features of the package, including target definition, dependency management, and automated pipeline execution. Through practical examples, we will show how {targets} can be integrated with other R packages to handle data processing, modeling, and visualization seamlessly. Additionally, we will discuss practical tips for maintaining workflows, ensuring they remain efficient and manageable as project complexity grows. Whether you are new to {targets} or looking to enhance your workflow automation, this session will provide valuable insights and practical techniques to elevate your data analysis projects.","Talk","Y","2024",2024-10-31,"02:40:00","03:00:00","Kensuke Sasaki | Masahiko Takemura","Datak Inc | Datak Inc","Building a reproducible workflow using {targets}",NA,"https://youtu.be/39fCBud0fGM","Reproducibility and efficiency are critical in data analysis workflows, particularly in complex projects with multiple interdependent tasks. The  targets  package in R offers a robust solution for orchestrating reproducible and scalable workflows. By defining and managing a directed acyclic graph (DAG) of tasks,  targets  ensures that each step in the workflow is executed in the correct order and only when necessary, saving time and computational resources. In this presentation, we will demonstrate how to build a reproducible workflow using  targets . We will explore the core features of the package, including target definition, dependency management, and automated pipeline execution. Through practical examples, we will show how  targets  can be integrated with other R packages to handle data processing, modeling, and visualization seamlessly. Additionally, we will discuss practical tips for maintaining workflows, ensuring they remain efficient and manageable as project complexity grows. Whether you are new to  targets  or looking to enhance your workflow automation, this session will provide valuable insights and practical techniques to elevate your data analysis projects.",NA
"rinpharma_471","2024 Conference",NA,"On-Demand",NA,"2024",2024-10-31,"09:00:00","09:15:00","James Black","Roche","Whats the return on investment from open sourcing?",NA,"https://youtu.be/TMZNcuvJS-0",NA,NA
"rinpharma_472","2024 Conference","Shiny is not just a tool for rapidly exploring and visualizing data. It can also be leveraged as a highly effective framework for interacting with models. In this talk, we'll explore how Shiny can be used to customize simulations and run them dynamically. By providing stakeholders more control over model decisions, data scientists can develop deeper partnerships and engagement. This approach helps to build a common language, share domain knowledge, and ultimately find practical solutions for the challenges at hand.","On-Demand",NA,"2024",2024-10-31,"09:30:00","09:45:00","Benjamin Bucior","CSL","Building living apps in Shiny for better modeling insights and outcomes",NA,"https://youtu.be/lk5AkeXLygY","Shiny is not just a tool for rapidly exploring and visualizing data. It can also be leveraged as a highly effective framework for interacting with models. In this talk, we'll explore how Shiny can be used to customize simulations and run them dynamically. By providing stakeholders more control over model decisions, data scientists can develop deeper partnerships and engagement. This approach helps to build a common language, share domain knowledge, and ultimately find practical solutions for the challenges at hand.",NA
"rinpharma_473","2024 Conference",NA,"Remarks",NA,"2024",2024-10-31,"10:00:00","10:10:00","Rachael Dempsey","Posit","Opening Remarks",NA,"https://youtu.be/Q-JJaHa-yzU",NA,NA
"rinpharma_474","2024 Conference","This presentation provides an insightful exploration of GSK's innovative journey in integrating Large Language Models (LLMs) into biostatistics. It begins with the strategic introduction of LLMs to users, progressing through to the pioneering LLM experiments aimed at automating our reporting pipeline. We will delve into the crucial considerations for successfully introducing LLMs to a biostatistics audience, sharing key insights learned from our experience. The presentation culminates with a forward-looking discussion on the evolving roles within the organization as the use of LLMs expands, highlighting GSK's commitment to embracing change and leading the way in technological advancements.","Keynote",NA,"2024",2024-10-31,"10:10:00","10:50:00","Christina Fillmore","GSK","Accelerating GSK’s Open-Source Journey with Gen AI",NA,"https://youtu.be/zmXDgRkv_dA","This presentation provides an insightful exploration of GSK's innovative journey in integrating Large Language Models (LLMs) into biostatistics. It begins with the strategic introduction of LLMs to users, progressing through to the pioneering LLM experiments aimed at automating our reporting pipeline. We will delve into the crucial considerations for successfully introducing LLMs to a biostatistics audience, sharing key insights learned from our experience. The presentation culminates with a forward-looking discussion on the evolving roles within the organization as the use of LLMs expands, highlighting GSK's commitment to embracing change and leading the way in technological advancements.",NA
"rinpharma_475","2024 Conference","Whilst the number of multilingual programming teams for clinical study work has been growing, so has the issue of cross-language data compatibility. If care is not taken we risk antiquated or inadequate formats becoming the de facto standard, or worse yet a return to complete interoperability from the use of language specific data formats (Rds, Pickle, etc).
This presentation will discuss a number of open data formats, with a comparative analysis of their strengths and weaknesses. In particular, this presentation will introduce and recommend Apache Parquet, a high performance binary data format that comes with client libraries for most popular analytical programming languages as well as integration into many popular tools and databases. Finally, the talk will touch on our experiences and challenges of trying to integrate Apache Parquet within our data analysis workflows at Roche.","Schedule only",NA,"2024",2024-10-31,"10:50:00","11:00:00",NA,NA,"Break",NA,NA,"Whilst the number of multilingual programming teams for clinical study work has been growing, so has the issue of cross-language data compatibility. If care is not taken we risk antiquated or inadequate formats becoming the de facto standard, or worse yet a return to complete interoperability from the use of language specific data formats (Rds, Pickle, etc). This presentation will discuss a number of open data formats, with a comparative analysis of their strengths and weaknesses. In particular, this presentation will introduce and recommend Apache Parquet, a high performance binary data format that comes with client libraries for most popular analytical programming languages as well as integration into many popular tools and databases. Finally, the talk will touch on our experiences and challenges of trying to integrate Apache Parquet within our data analysis workflows at Roche.",NA
"rinpharma_476","2024 Conference",NA,"Talk",NA,"2024",2024-10-31,"11:00:00","11:20:00","Craig Gower-Page","Roche","An arrow towards the future: a critical look at data formats for clinical reporting",NA,"https://youtu.be/ipvcRPr0eig",NA,NA
"rinpharma_477","2024 Conference","This talk will introduce the integration of the WebR framework into the TLG Catalog - a catalog of Tables, Listings, and Graphs outputs for clinical reporting. WebR, which ports R into WebAssembly (WASM), enables compiled R code to run directly on websites, making the TLG Catalog more accessible and efficient, especially for learning and experimentation. The presentation will include an introduction to the TLG Catalog, a brief overview of WebR technology, a live demo, and a discussion on the integration's impact.","Talk",NA,"2024",2024-10-31,"11:22:00","11:32:00","Chi Zhang","University of Oslo","Explore Real-World hospital Electronic Health Records data with ggehr",NA,"https://youtu.be/tEWxDuwu20M","This talk will introduce the integration of the WebR framework into the TLG Catalog - a catalog of Tables, Listings, and Graphs outputs for clinical reporting. WebR, which ports R into WebAssembly (WASM), enables compiled R code to run directly on websites, making the TLG Catalog more accessible and efficient, especially for learning and experimentation. The presentation will include an introduction to the TLG Catalog, a brief overview of WebR technology, a live demo, and a discussion on the integration's impact.",NA
"rinpharma_478","2024 Conference","This session will introduce Teal Builder, a powerful Shiny application designed to simplify the creation of Teal apps without requiring users to write any R code. The presentation will cover the purpose and functionality of Teal Builder, demonstrate how to run the app locally, and provide a live demonstration of its capabilities. Teal Builder not only streamlines the process of building Teal apps but also provides a platform for generalizing certain internal statistical methods and processes into reusable modules to be used by more studies.

Teal Builder offers a user-friendly interface that guides users through data selection from multiple sources, module selection and compatibility validation based on the selected data. The app generates reproducible R code for running the Teal app or deploying it to Posit Connect, making the process efficient and accessible. It fulfills the unmet need of having an interactive data display for all studies, promoting Teal and R/Shiny adoption and usage to new R and non-R users.

Teal Builder comprises three R packages: teal.builder, teal.builder.modules, and teal.builder.checks. The teal.builder package contains functions for running the Shiny app and serves as the entry point for most users. The teal.builder.modules package offers a collection of predefined module specifications, including module names, descriptions, data requirements, and reproducible code. The teal.builder.checks package provides functions to ensure user data adheres to specifications, offering detailed feedback when necessary.

During the demonstration, we will walk through the user journey of building a Teal app with Teal Builder. We'll showcase how a complex app for exploring ADaM datasets, which typically requires around 500 lines of code, can be generated in just a few minutes. This session will highlight the efficiency and user-friendliness of Teal Builder, making it an invaluable tool for those working with Teal apps.","Talk",NA,"2024",2024-10-31,"11:34:00","11:44:00","Andrew McNeil | Freeman Wang","Sanofi | Sanofi","Teal Builder - The Fastest Way to Build Reproducible Teal Apps",NA,"https://youtu.be/GAJZ05_9Muk","This session will introduce Teal Builder, a powerful Shiny application designed to simplify the creation of Teal apps without requiring users to write any R code. The presentation will cover the purpose and functionality of Teal Builder, demonstrate how to run the app locally, and provide a live demonstration of its capabilities. Teal Builder not only streamlines the process of building Teal apps but also provides a platform for generalizing certain internal statistical methods and processes into reusable modules to be used by more studies.  Teal Builder offers a user-friendly interface that guides users through data selection from multiple sources, module selection and compatibility validation based on the selected data. The app generates reproducible R code for running the Teal app or deploying it to Posit Connect, making the process efficient and accessible. It fulfills the unmet need of having an interactive data display for all studies, promoting Teal and R/Shiny adoption and usage to new R and non-R users.  Teal Builder comprises three R packages teal.builder, teal.builder.modules, and teal.builder.checks. The teal.builder package contains functions for running the Shiny app and serves as the entry point for most users. The teal.builder.modules package offers a collection of predefined module specifications, including module names, descriptions, data requirements, and reproducible code. The teal.builder.checks package provides functions to ensure user data adheres to specifications, offering detailed feedback when necessary.  During the demonstration, we will walk through the user journey of building a Teal app with Teal Builder. We'll showcase how a complex app for exploring ADaM datasets, which typically requires around 500 lines of code, can be generated in just a few minutes. This session will highlight the efficiency and user-friendliness of Teal Builder, making it an invaluable tool for those working with Teal apps.",NA
"rinpharma_479","2024 Conference","Health Technology Assessment (HTA) involves evaluating the relevance and value of health technologies, such as drugs, within health care systems. Supporting this process from a biostatistical perspective requires a different mindset and distinct analytical methods compared to those used in regulatory submissions.

One approach to HTA is the German AMNOG process, which requires extensive data slicing to produce the necessary statistical material. This approach necessitates significant programming and orchestration effort, especially when following a traditional ""one output - one program"" methodology.

Compounding the challenge, the EU's joint initiative to streamline the HTA process across Europe, known as EU HTA, allows all member countries to bring forward similar individual requirements. This implies a significant increase in number of data slices and analyses required and a substantial workload for statistical programmers in the future. However, many of these analyses are repetitive and suitable for automation.

At Novo Nordisk we are involved in the HTA-R workstream under openstatsware where we are developing an open source ecosystem of R packages called {ramnog} to address the current challenges of AMNOG and the future demands of EU HTA. The goal is to automate repetitive tasks, allowing our colleagues more time to focus on complex analyses.

In our presentation, we will guide you through the practical aspects of specifying an analysis required for a typical AMNOG output and demonstrate how the package runs the analysis. Additionally, we will provide a technical overview of the ecosystem, detailing the roles and considerations of the individual components.","Talk",NA,"2024",2024-10-31,"11:46:00","12:06:00","Matthew Phelps | Christian Haargard Olsen","Novo Nordisk | Novo Nordisk","ramnog: R package suite for automating statistical analyses",NA,NA,"Health Technology Assessment (HTA) involves evaluating the relevance and value of health technologies, such as drugs, within health care systems. Supporting this process from a biostatistical perspective requires a different mindset and distinct analytical methods compared to those used in regulatory submissions.  One approach to HTA is the German AMNOG process, which requires extensive data slicing to produce the necessary statistical material. This approach necessitates significant programming and orchestration effort, especially when following a traditional ""one output - one program"" methodology.  Compounding the challenge, the EU's joint initiative to streamline the HTA process across Europe, known as EU HTA, allows all member countries to bring forward similar individual requirements. This implies a significant increase in number of data slices and analyses required and a substantial workload for statistical programmers in the future. However, many of these analyses are repetitive and suitable for automation.  At Novo Nordisk we are involved in the HTA-R workstream under openstatsware where we are developing an open source ecosystem of R packages called  ramnog  to address the current challenges of AMNOG and the future demands of EU HTA. The goal is to automate repetitive tasks, allowing our colleagues more time to focus on complex analyses.  In our presentation, we will guide you through the practical aspects of specifying an analysis required for a typical AMNOG output and demonstrate how the package runs the analysis. Additionally, we will provide a technical overview of the ecosystem, detailing the roles and considerations of the individual components.",NA
"rinpharma_480","2024 Conference",NA,"Schedule only",NA,"2024",2024-10-31,"12:06:00","12:26:00",NA,NA,"Break",NA,NA,NA,"Unfortunately we do not currently have an abstract, copy of the slides or link to the video to this presentation"
"rinpharma_481","2024 Conference","Traditionally, small pharmaceutical or biotech companies, often limited by resources, tend to rely on FSPs or CROs for statistical programming and analytics support. The emergence and maturation of enterprise-caliber open-source software and tools present new and transformative opportunities for these organizations by helping to enhance data accessibility, streamline analysis workflows, and foster collaborative innovation. However, building these types of infrastructure within small pharma involves navigating budget constraints, limited IT resources, stakeholder buy-in and the need for specialized expertise. Overcoming these challenges requires strategic planning, prioritization, and training. This presentation will delve into the practical aspects and lessons learned from our experience of building up open-source technologies, such as the Posit computing environment, from scratch within the Clinical Development department at Recursion. By tackling these infrastructural hurdles, the integration of open-source toolsets has significantly improved our data analysis capabilities, accelerating drug development and positioning our company at the forefront of pharmaceutical innovation.","Talk",NA,"2024",2024-10-31,"12:26:00","12:36:00","Chendi Liao","Recursion","Building Rome in a month: How open-source technologies empower small pharma",NA,"https://youtu.be/sM6OgcTJwNs","Traditionally, small pharmaceutical or biotech companies, often limited by resources, tend to rely on FSPs or CROs for statistical programming and analytics support. The emergence and maturation of enterprise-caliber open-source software and tools present new and transformative opportunities for these organizations by helping to enhance data accessibility, streamline analysis workflows, and foster collaborative innovation. However, building these types of infrastructure within small pharma involves navigating budget constraints, limited IT resources, stakeholder buy-in and the need for specialized expertise. Overcoming these challenges requires strategic planning, prioritization, and training. This presentation will delve into the practical aspects and lessons learned from our experience of building up open-source technologies, such as the Posit computing environment, from scratch within the Clinical Development department at Recursion. By tackling these infrastructural hurdles, the integration of open-source toolsets has significantly improved our data analysis capabilities, accelerating drug development and positioning our company at the forefront of pharmaceutical innovation.",NA
"rinpharma_482","2024 Conference","In the rapidly evolving landscape of pharmaceutical development, Roche showcases the use of open source R in the regulatory submission process. In this presentation we will share a pioneer experience of end-to-end R submission for a new drug application to FDA, EMA and NMPA.  The successful end-to-end NDA submission using R packages, the majority being open source packages (from pharmaverse), not only demonstrates the feasibility and benefits of leveraging such a powerful tool in the regulatory realm but also sets a precedent for its wider adoption in the pharmaceutical industry.","Talk",NA,"2024",2024-10-31,"12:38:00","12:58:00","Ning Leng","Genentech","Roche’s first end-to-end R submission",NA,"https://youtu.be/4YpKAal5WUU","In the rapidly evolving landscape of pharmaceutical development, Roche showcases the use of open source R in the regulatory submission process. In this presentation we will share a pioneer experience of end-to-end R submission for a new drug application to FDA, EMA and NMPA.  The successful end-to-end NDA submission using R packages, the majority being open source packages (from pharmaverse), not only demonstrates the feasibility and benefits of leveraging such a powerful tool in the regulatory realm but also sets a precedent for its wider adoption in the pharmaceutical industry.",NA
"rinpharma_483","2024 Conference","In this presentation we will share our journey towards scaling our R-usage from our first submission, and the feedback we have received from authorities in doing so.

We will highlight our strategic direction and what role open-source will play for Novo Nordisk in future submissions.","Talk",NA,"2024",2024-10-31,"13:00:00","13:20:00","Ari Siggaard Knoph | Ari Siggaard Knoph | Steffen Falgreen Larsen","Novo Nordisk | Novo Nordisk | Novo Nordisk","Our R-Based Submissions: A 1-year follow-up, Lessons Learned, and Future Strategies",NA,NA,"In this presentation we will share our journey towards scaling our R-usage from our first submission, and the feedback we have received from authorities in doing so.  We will highlight our strategic direction and what role open-source will play for Novo Nordisk in future submissions.",NA
"rinpharma_484","2024 Conference",NA,"Schedule only",NA,"2024",2024-10-31,"13:20:00","13:30:00",NA,NA,"Break",NA,NA,NA,"Unfortunately we do not currently have an abstract, copy of the slides or link to the video to this presentation"
"rinpharma_485","2024 Conference","Recent years have seen a significant shift towards the adoption of open-source software like R by statisticians and analysts in both industry and regulatory agencies. This trend offers immense benefits, including cutting-edge statistical tools, interactive dashboard packages like Shiny, and adaptability to modern data science trends. Despite these advantages, the pharmaceutical industry's broader adoption of R for drug submissions has been limited. To address this, the R Consortium R Submissions Working Group (RCRSWG) aims to demonstrate that an R-based submission can be successfully reviewed by the FDA.

By May 2024, the RCRSWG completed three pilot submissions and received response letters from the FDA's Center for Drug Evaluation and Research (CDER), marking a significant milestone. These submissions are the first publicly available packages that use open-source languages.

This presentation will share highlights from May 2024, where three pilot submissions from RCRSWG were completed successfully with response letters from the FDA's Center for Drug Evaluation and Research (CDER), marking a significant milestone. These submissions are the first publicly available packages that use open-source languages. 

Additionally, we will provide an update on the ongoing work in Pilot 4 as well as explore the potential of R in regulatory submissions and the RCRSWG's efforts to improve R-based clinical trial submissions.


All materials are available on the R Consortium's GitHub page, showcasing our commitment to transparency and innovation in regulatory submissions.","Talk",NA,"2024",2024-10-31,"13:30:00","13:50:00","Ben Straub | Joel Laxamana","GSK | Genentech","Piloting into the Future: Publicly Available R-based Submissions to the FDA",NA,"https://youtu.be/4cqnIk9iDjs","Recent years have seen a significant shift towards the adoption of open-source software like R by statisticians and analysts in both industry and regulatory agencies. This trend offers immense benefits, including cutting-edge statistical tools, interactive dashboard packages like Shiny, and adaptability to modern data science trends. Despite these advantages, the pharmaceutical industry's broader adoption of R for drug submissions has been limited. To address this, the R Consortium R Submissions Working Group (RCRSWG) aims to demonstrate that an R-based submission can be successfully reviewed by the FDA.  By May 2024, the RCRSWG completed three pilot submissions and received response letters from the FDA's Center for Drug Evaluation and Research (CDER), marking a significant milestone. These submissions are the first publicly available packages that use open-source languages.  This presentation will share highlights from May 2024, where three pilot submissions from RCRSWG were completed successfully with response letters from the FDA's Center for Drug Evaluation and Research (CDER), marking a significant milestone. These submissions are the first publicly available packages that use open-source languages.   Additionally, we will provide an update on the ongoing work in Pilot 4 as well as explore the potential of R in regulatory submissions and the RCRSWG's efforts to improve R-based clinical trial submissions.   All materials are available on the R Consortium's GitHub page, showcasing our commitment to transparency and innovation in regulatory submissions.",NA
"rinpharma_486","2024 Conference",NA,"Panel",NA,"2024",2024-10-31,"13:52:00","14:52:00","various",NA,"Panel discussion on open source submissions",NA,NA,NA,"Unfortunately we do not currently have an abstract, copy of the slides or link to the video to this presentation"
"rinpharma_487","2024 Conference",NA,"Schedule only","Y","2024",2024-10-31,"23:00:00","23:10:00","Smitha Ankinakatte","Syncorp Health","Opening Remarks",NA,NA,NA,"Unfortunately we do not currently have an abstract, copy of the slides or link to the video to this presentation"
"rinpharma_488","2024 Conference","This presentation provides an insightful exploration of GSK's innovative journey in integrating Large Language Models (LLMs) into biostatistics. It begins with the strategic introduction of LLMs to users, progressing through to the pioneering LLM experiments aimed at automating our reporting pipeline. We will delve into the crucial considerations for successfully introducing LLMs to a biostatistics audience, sharing key insights learned from our experience. The presentation culminates with a forward-looking discussion on the evolving roles within the organization as the use of LLMs expands, highlighting GSK's commitment to embracing change and leading the way in technological advancements.","Keynote","Y","2024",2024-10-31,"23:10:00","00:00:00","Christina Fillmore","GSK","Christina Fillmore’s Keynote (APAC Replay)",NA,"https://youtu.be/zmXDgRkv_dA","This presentation provides an insightful exploration of GSK's innovative journey in integrating Large Language Models (LLMs) into biostatistics. It begins with the strategic introduction of LLMs to users, progressing through to the pioneering LLM experiments aimed at automating our reporting pipeline. We will delve into the crucial considerations for successfully introducing LLMs to a biostatistics audience, sharing key insights learned from our experience. The presentation culminates with a forward-looking discussion on the evolving roles within the organization as the use of LLMs expands, highlighting GSK's commitment to embracing change and leading the way in technological advancements.",NA
"rinpharma_489","2024 Conference",NA,"Schedule only","Y","2024",2024-11-01,"00:00:00","00:10:00",NA,NA,"Discussion of Christina Fillmore’s Keynote",NA,NA,NA,"Unfortunately we do not currently have an abstract, copy of the slides or link to the video to this presentation"
"rinpharma_490","2024 Conference",NA,"Schedule only","Y","2024",2024-11-01,"00:10:00","00:20:00",NA,NA,"Break",NA,NA,NA,"Unfortunately we do not currently have an abstract, copy of the slides or link to the video to this presentation"
"rinpharma_491","2024 Conference","Recently, it is a common practice to use R to develop functionality or Shiny application for statistical analysis or reporting. With the development of GenAI and integration of Copilot into RStudio/Posit Workbench, programmer can utilize such tool to improve their development efficiency. In this session, we will explore some use cases of Copilot in daily statistical activity and introduce how to use Copilot efficiently.","Talk","Y","2024",2024-11-01,"00:20:00","00:40:00","Jade Lee","CIMS Global","The use case of Copilot into open-source programming",NA,"https://youtu.be/UWS_-RUO40I","Recently, it is a common practice to use R to develop functionality or Shiny application for statistical analysis or reporting. With the development of GenAI and integration of Copilot into RStudio/Posit Workbench, programmer can utilize such tool to improve their development efficiency. In this session, we will explore some use cases of Copilot in daily statistical activity and introduce how to use Copilot efficiently.",NA
"rinpharma_492","2024 Conference","In this session, we will describe how we are leveraging R to build datasets from different sources (internal and external) to create a network of doctor-related activities within a graph database system. We also use the Cypher query language to create use cases from there.","Talk","Y","2024",2024-11-01,"00:40:00","00:50:00","Henri Defretin","Merck","Creating a Doctor Network using R and Graph Databases",NA,"https://youtu.be/ohR10KM4d0Q","In this session, we will describe how we are leveraging R to build datasets from different sources (internal and external) to create a network of doctor-related activities within a graph database system. We also use the Cypher query language to create use cases from there.",NA
"rinpharma_493","2024 Conference",NA,"Schedule only","Y","2024",2024-11-01,"00:50:00","01:10:00",NA,NA,"Break",NA,NA,NA,"Unfortunately we do not currently have an abstract, copy of the slides or link to the video to this presentation"
"rinpharma_494","2024 Conference",NA,"Panel","Y","2024",2024-11-01,"01:10:00","01:40:00","Mirai Kirihara | Keita Takahashi | Takashi Kitahara | Yuichi Nakajima | Yuki Matsunaga","Chugai | Novartis | Novartis | GSK | Novartis","How do we, statistical programmers in pharmaceutical companies, use R? - Japan Experiences Panel",NA,NA,NA,"Unfortunately we do not currently have an abstract, copy of the slides or link to the video to this presentation"
"rinpharma_495","2024 Conference","We developed a Shiny application to deliver fast and flexible tumor-normal gene expression analysis based on TCGA and GTEx data. Compared to the widely-used public tool GEPIA, TNfinder offers more tailored functions including gene signature analysis, T-N cutoff evaluation, population estimation, tumor-specific marker detection, and enhanced visualization options. This app provides biologists with a convenient tool to perform expression analysis in oncology target identification and assessment.","Talk","Y","2024",2024-11-01,"01:40:00","01:50:00","Chengcheng Liu","Roche","The R Shiny app TNfinder for tumor-normal expression analysis",NA,"https://youtu.be/V5FmaeMzj54","We developed a Shiny application to deliver fast and flexible tumor-normal gene expression analysis based on TCGA and GTEx data. Compared to the widely-used public tool GEPIA, TNfinder offers more tailored functions including gene signature analysis, T-N cutoff evaluation, population estimation, tumor-specific marker detection, and enhanced visualization options. This app provides biologists with a convenient tool to perform expression analysis in oncology target identification and assessment.",NA
"rinpharma_496","2024 Conference",NA,"Schedule only","Y","2024",2024-11-01,"01:50:00","02:00:00",NA,NA,"Break",NA,NA,NA,"Unfortunately we do not currently have an abstract, copy of the slides or link to the video to this presentation"
"rinpharma_497","2024 Conference",NA,"Talk","Y","2024",2024-11-01,"02:00:00","02:20:00","Daniel Sabanés Bové","RCONIS","R(omeo) and Julia - A Love Story by openstatsware",NA,"https://youtu.be/yAqLMwnO-Kk",NA,NA
"rinpharma_498","2024 Conference","CAMIS is a PHUSE working group whose goal is to find several discrepancies between statistical analysis methods using various software. The speaker intends to delve into the fundamentals of Principal Component Analysis (PCA) and its applications using R. In the pharmaceutical and Healthcare Industry, the vast amount of patient data poses a significant challenge for researchers and clinicians seeking to identify meaningful patterns and relations among the variables. PCA provides an effective approach by reducing dimensionality and uncovering underlying structures in complex datasets.","Talk","Y","2024",2024-11-01,"02:20:00","02:30:00","Samrit Pramanik","Genpact","PCA in R: A CAMIS Working Group Initiative in Pharma",NA,"https://youtu.be/3AbpLNQZBfs","CAMIS is a PHUSE working group whose goal is to find several discrepancies between statistical analysis methods using various software. The speaker intends to delve into the fundamentals of Principal Component Analysis (PCA) and its applications using R. In the pharmaceutical and Healthcare Industry, the vast amount of patient data poses a significant challenge for researchers and clinicians seeking to identify meaningful patterns and relations among the variables. PCA provides an effective approach by reducing dimensionality and uncovering underlying structures in complex datasets.",NA
"rinpharma_499","2024 Conference",NA,"Remarks","Y","2024",2024-11-01,"02:30:00","02:40:00","Daniel Sabanés Bové","RCONIS","Closing Remarks",NA,"https://youtu.be/5_LNfGRmixk",NA,NA
"rinpharma_500","2024 Conference",NA,"Workshop",NA,"2024",2024-11-01,"09:00:00","12:00:00","Michael Mayer","Posit","Selected examples on how to scale-up computations in R (e.g. by using HPC)",NA,"https://youtu.be/gkEoNlYtUaQ",NA,NA
"rinpharma_501","2024 Conference",NA,"Workshop",NA,"2024",2024-11-01,"09:00:00","12:00:00","David Granjon | Karma Tarap | John Coene","Cynkra | Bristol Myers Squibb | Y Company","No code data analysis with blockr",NA,"https://youtu.be/PQvTQqcmadY",NA,NA
"rinpharma_502","2024 Conference",NA,"Workshop",NA,"2024",2024-11-01,"11:00:00","13:00:00","Doug Kelkhoff | Colin Gillespie | Nic Crane | Andre Couterier","Roche | Jumping Rivers | Novartis | Sanofi","R Validation Hub Risk Tools Developer Day",NA,"https://youtu.be/zeKfNzbcT8k",NA,NA
"rinpharma_503","genAI Day 2025","When we think of LLMs (large language models), usually what comes to mind are general purpose chatbots like ChatGPT or code assistants like GitHub Copilot. But as useful as ChatGPT and Copilot are, LLMs have so much more to offer—if you know how to code. In this demo Garrick will explain LLM APIs from zero, and have you building and deploying custom LLM-empowered data workflows and apps in no time.","Workshop",NA,"2025",2025-08-17,"10:00:00","10:40:00","Garrick Aden-Buie","Posit","Building the Future of Data Apps: LLMs Meet Shiny",NA,"https://youtu.be/w4tTF6QB4ZU","When we think of LLMs (large language models), usually what comes to mind are general purpose chatbots like ChatGPT or code assistants like GitHub Copilot. But as useful as ChatGPT and Copilot are, LLMs have so much more to offer—if you know how to code. In this demo Garrick will explain LLM APIs from zero, and have you building and deploying custom LLM-empowered data workflows and apps in no time.",NA
"rinpharma_504","genAI Day 2025",NA,"Schedule only",NA,"2025",2025-08-17,"10:40:00","11:00:00",NA,NA,"Break",NA,NA,NA,"Unfortunately we do not currently have an abstract, copy of the slides or link to the video to this presentation"
"rinpharma_505","genAI Day 2025","Building exploratory analysis dashboards for clinical trials traditionally requires considerable expertise, extensive time, and deep familiarity with specialized frameworks such as R/Shiny and {teal}. In this talk, we share our experience exploring how Generative AI can significantly streamline this process. We will present a tool we developed, powered by Claude Code, that enables biostatisticians and clinical researchers to effortlessly create and immediately preview R/Shiny applications tailored for exploratory clinical data analysis using {teal}.
Throughout our journey, we experimented with various GenAI-driven solutions, including code editors integrated with AI assistance tools (e.g., GitHub Copilot), and approaches leveraging MCP servers. Our current implementation is an interactive AI-powered chat interface designed to simplify the application-building experience, providing users with immediate application previews, and reducing both development complexity and the learning curve associated with the {teal} package.
We will demonstrate how GenAI-driven solutions can empower users with limited programming backgrounds to rapidly build effective exploratory analysis dashboards, discuss challenges encountered, and highlight insights gained through our iterative development process.","Talk",NA,"2025",2025-08-17,"11:00:00","11:20:00","Olga Mierzwa-Sulima | Jakub Nowicki","Appsilon | Appsilon","Interactive and Instant: GenAI-driven Creation of Clinical Trial Applications",NA,"https://youtu.be/0aspAtTAQwA","Building exploratory analysis dashboards for clinical trials traditionally requires considerable expertise, extensive time, and deep familiarity with specialized frameworks such as R/Shiny and  teal . In this talk, we share our experience exploring how Generative AI can significantly streamline this process. We will present a tool we developed, powered by Claude Code, that enables biostatisticians and clinical researchers to effortlessly create and immediately preview R/Shiny applications tailored for exploratory clinical data analysis using  teal . Throughout our journey, we experimented with various GenAI-driven solutions, including code editors integrated with AI assistance tools (e.g., GitHub Copilot), and approaches leveraging MCP servers. Our current implementation is an interactive AI-powered chat interface designed to simplify the application-building experience, providing users with immediate application previews, and reducing both development complexity and the learning curve associated with the  teal  package. We will demonstrate how GenAI-driven solutions can empower users with limited programming backgrounds to rapidly build effective exploratory analysis dashboards, discuss challenges encountered, and highlight insights gained through our iterative development process.",NA
"rinpharma_506","genAI Day 2025","At Novo Nordisk, we seek to deliver medicines more effectively and efficiently by leveraging the capabilities of Generative AI to accelerate our processes.
We want to support our clinical trial programming activities with AI tools and coding assistants, scaling the output and impact of our statistical programmers.
Delivering a product in this space poses numerous scientific and technical challenges:
What is the right context to expose to an externally hosted model?
What workflow will best support our employees and leverage their domain knowledge?
What design choices will best integrate with our existing IT landscape?
In this presentation we will discuss the features we built and experimentation conducted to tackle the above questions, and how we are integrating Generative AI into the ADaM programming processes.
The work presented represents a joint venture between our Biometrics and AI & Analytices organization and in collaboration with Microsoft’s Industry Solutions Engineering team.","Talk",NA,"2025",2025-08-17,"11:20:00","11:40:00","Ari Siggaard Knoph | Anthony Stefan Rajecki-Doyle","Novo Nordisk | Novo Nordisk","Building an AI Pair Programmer for ADaM",NA,"https://youtu.be/9ALFbuMwMrg","At Novo Nordisk, we seek to deliver medicines more effectively and efficiently by leveraging the capabilities of Generative AI to accelerate our processes. We want to support our clinical trial programming activities with AI tools and coding assistants, scaling the output and impact of our statistical programmers. Delivering a product in this space poses numerous scientific and technical challenges What is the right context to expose to an externally hosted model? What workflow will best support our employees and leverage their domain knowledge? What design choices will best integrate with our existing IT landscape? In this presentation we will discuss the features we built and experimentation conducted to tackle the above questions, and how we are integrating Generative AI into the ADaM programming processes. The work presented represents a joint venture between our Biometrics and AI & Analytices organization and in collaboration with Microsoft’s Industry Solutions Engineering team.",NA
"rinpharma_507","genAI Day 2025","At Pfizer, we are committed to enhancing the capabilities of our statistical programmers by leveraging GenAI. Our goal is to empower R users with AI tools to streamline workflows and boost productivity. We have integrated GitHub Copilot within the RStudio IDE, resulting in significant time savings and improved documentation. Additionally, we introduced the voxr package, which simplifies interaction with our internal Vox LLM API, enabling tasks such as text generation and sentiment analysis using state-of-the-art language models.
This presentation will showcase the features we’ve developed, and the experimentation conducted to enhance productivity and LLM model interaction across the organization. We have observed significant time savings driven by improved debugging, documentation, and custom training. This presentation will discuss the features we have built, and the development and testing conducted to address key challenges, such as integration with external open-source efforts, ensuring responsible use, and improving performance by providing the right context. By expanding access to these tools and providing custom training, we aim to create a more empowered and productive user base.","Talk",NA,"2025",2025-08-17,"11:40:00","12:00:00","Sam Parmar","Pfizer","Enabling GenAI Capabilities for Statistical Programmers",NA,"https://youtu.be/h_W2hK0zznk","At Pfizer, we are committed to enhancing the capabilities of our statistical programmers by leveraging GenAI. Our goal is to empower R users with AI tools to streamline workflows and boost productivity. We have integrated GitHub Copilot within the RStudio IDE, resulting in significant time savings and improved documentation. Additionally, we introduced the voxr package, which simplifies interaction with our internal Vox LLM API, enabling tasks such as text generation and sentiment analysis using state-of-the-art language models. This presentation will showcase the features we’ve developed, and the experimentation conducted to enhance productivity and LLM model interaction across the organization. We have observed significant time savings driven by improved debugging, documentation, and custom training. This presentation will discuss the features we have built, and the development and testing conducted to address key challenges, such as integration with external open-source efforts, ensuring responsible use, and improving performance by providing the right context. By expanding access to these tools and providing custom training, we aim to create a more empowered and productive user base.",NA
"rinpharma_508","genAI Day 2025",NA,"Schedule only",NA,"2025",2025-08-17,"12:00:00","13:00:00",NA,NA,"R/Pharma - GenAI in Pharma - Hangout",NA,NA,NA,"Unfortunately we do not currently have an abstract, copy of the slides or link to the video to this presentation"
"rinpharma_509","genAI Day 2025","Large Language Models (LLMs) promise to revolutionize clinical data analysis but struggle with messy, imperfect datasets common in drug development research. This presentation demonstrates how the inclusion of comprehensive context dramatically improves LLM output quality in clinical applications without extensive data cleaning. By enriching models with data context (field-level metadata, data dictionaries, relational mappings) as well as use case context (semantic data mapping, study design, domain ontologies), we enable flexible natural language exploration while maintaining quality and consistency. This approach bridges the gap between imperfect human queries and precise answers needed for pharmaceutical decision-making, revealing insights within complex, real-world datasets.","Talk",NA,"2025",2025-08-17,"13:00:00","13:20:00","Emily Yates","Formation Bio","Maximizing LLM Potential: How Data Structure and Context Drive Quality Insights",NA,"https://youtu.be/TyyydFweOQ0","Large Language Models (LLMs) promise to revolutionize clinical data analysis but struggle with messy, imperfect datasets common in drug development research. This presentation demonstrates how the inclusion of comprehensive context dramatically improves LLM output quality in clinical applications without extensive data cleaning. By enriching models with data context (field-level metadata, data dictionaries, relational mappings) as well as use case context (semantic data mapping, study design, domain ontologies), we enable flexible natural language exploration while maintaining quality and consistency. This approach bridges the gap between imperfect human queries and precise answers needed for pharmaceutical decision-making, revealing insights within complex, real-world datasets.",NA
"rinpharma_510","genAI Day 2025","The GenAI landscape has rapidly evolved over the last year in how information can be aggregated and acted upon. Particularly dramatic is the shift to “Agentic” workflows that allow work to be done on behalf of the user or enable LLM applications themselves to do increasingly sophisticated multi-stage actions such as research and code generation and review. This talk will work through our journey and perspectives learned around a shift away from isolated chat based tools (eg chatbots) to more integrated tooling and how we are working to optimize value and efficiency for end users while still maintaining governance and oversight over usage.","Talk",NA,"2025",2025-08-17,"13:20:00","13:40:00","Devin Pastoor","A2-AI","Agents and MCP and RAG, oh my! Where is the GenAI Yellow-Brick-Road Leading?",NA,"https://youtu.be/jIGddt2CCbg","The GenAI landscape has rapidly evolved over the last year in how information can be aggregated and acted upon. Particularly dramatic is the shift to “Agentic” workflows that allow work to be done on behalf of the user or enable LLM applications themselves to do increasingly sophisticated multi-stage actions such as research and code generation and review. This talk will work through our journey and perspectives learned around a shift away from isolated chat based tools (eg chatbots) to more integrated tooling and how we are working to optimize value and efficiency for end users while still maintaining governance and oversight over usage.",NA
"rinpharma_511","genAI Day 2025","We will present a modular, multi-agent coding assistant designed to streamline and enhance the coding experience for clinical insights generation using R packages. Built on a collaborative multi-agent architecture, the system is composed of specialized agents that handle distinct tasks. It intelligently blends publicly available resources with Roche’s internal process knowledge to deliver context-aware code suggestions. An embedded webR environment enables rapid, in-app execution for immediate feedback and iteration. We are currently exploring integration via MCPs to extend the assistant's utility into IDEs such as VSCode and Positron, ensuring seamless support across the developer workflow.","Talk",NA,"2025",2025-08-17,"13:40:00","14:00:00","Vincent Shen","Roche","Customized GenAI coding assistant leveraging multi-agent framework",NA,"https://youtu.be/Pdp9fsV53i8","We will present a modular, multi-agent coding assistant designed to streamline and enhance the coding experience for clinical insights generation using R packages. Built on a collaborative multi-agent architecture, the system is composed of specialized agents that handle distinct tasks. It intelligently blends publicly available resources with Roche’s internal process knowledge to deliver context-aware code suggestions. An embedded webR environment enables rapid, in-app execution for immediate feedback and iteration. We are currently exploring integration via MCPs to extend the assistant's utility into IDEs such as VSCode and Positron, ensuring seamless support across the developer workflow.",NA
"rinpharma_512","genAI Day 2025",NA,"Schedule only",NA,"2025",2025-08-17,"14:00:00","14:20:00",NA,NA,"Break",NA,NA,NA,"Unfortunately we do not currently have an abstract, copy of the slides or link to the video to this presentation"
"rinpharma_513","genAI Day 2025","Turning an AI idea into real business value isn’t easy. This talk breaks down the key steps in an AI project, how to define its impact, and common challenges—with tips on how to overcome them.","Talk",NA,"2025",2025-08-17,"14:20:00","14:40:00","Jay Timmerman","Biogen","Inside an AI Project: From Idea to Value",NA,"https://youtu.be/IfdxNJMI9RY","Turning an AI idea into real business value isn’t easy. This talk breaks down the key steps in an AI project, how to define its impact, and common challenges—with tips on how to overcome them.",NA
"rinpharma_514","genAI Day 2025","This talk introduces a generative AI-powered system that converts natural language coding specifications into R programs used to generate CDISC-compliant datasets, significantly reducing development time while ensuring compliance and accuracy. Leveraging techniques such as prompt engineering and Retrieval-Augmented Generation (RAG), the session will delve into the system’s technical architecture, key lessons learned, and its potential to transform clinical data programming.","Talk",NA,"2025",2025-08-17,"14:40:00","15:00:00","Vina Ro | Ian M. Sturdy","Eli Lilly | Eli Lilly","Natural Language to Code: AI-Powered Automation for CDISC-Compliant Datasets",NA,"https://youtu.be/1u06Kkublhk","This talk introduces a generative AI-powered system that converts natural language coding specifications into R programs used to generate CDISC-compliant datasets, significantly reducing development time while ensuring compliance and accuracy. Leveraging techniques such as prompt engineering and Retrieval-Augmented Generation (RAG), the session will delve into the system’s technical architecture, key lessons learned, and its potential to transform clinical data programming.",NA
"rinpharma_515","genAI Day 2025","LLMs in recent years have become immensely popular due to their ability to generate and understand text, images, audio, and video. In this talk, we will discuss the advantages of LLMs while also being mindful of their limitations and risks.","Talk",NA,"2025",2025-08-17,"15:00:00","15:20:00","Jake Gagnon","Biogen","Considerations of LLM’s benefits and risks",NA,"https://youtu.be/8JgcGD6Nn8g","LLMs in recent years have become immensely popular due to their ability to generate and understand text, images, audio, and video. In this talk, we will discuss the advantages of LLMs while also being mindful of their limitations and risks.",NA
"rinpharma_516","genAI Day 2025","This talk will explore building AI Apps with a focus on Positron Assistant for Shiny developer experience and in-IDE tooling for accelerating app creation. This talk will discuss tools like ellmer / chatlas / querychat / shinychat and compare it to Positron Assistant.","Talk",NA,"2025",2025-08-17,"15:20:00","15:40:00","Tom Mock","Posit","Positron Assistant for Developing Shiny Apps",NA,"https://youtu.be/4IU72IExQk8","This talk will explore building AI Apps with a focus on Positron Assistant for Shiny developer experience and in-IDE tooling for accelerating app creation. This talk will discuss tools like ellmer / chatlas / querychat / shinychat and compare it to Positron Assistant.",NA
"rinpharma_517","genAI Day 2025",NA,"Talk",NA,"2025",2025-08-17,"15:40:00","16:00:00","Phil Bowsher | Harvey Lieberman","Posit | Novartis","Wrap Up / Q&A",NA,NA,NA,"Unfortunately we do not currently have an abstract, copy of the slides or link to the video to this presentation"
"rinpharma_518","2025 Conference","In this workshop we will explore the capabilities of the validated open-source R package 'rpact', which is available on CRAN and GitHub. rpact is a comprehensive validated, open source, free-of-charge R software package for clinical trial planning, design simulation, and data analysis. rpact is under continuous full-time development since 2017, and comprehensive documentation is available at www.rpact.org. We will provide an introduction to the package and illustrate the usage by several examples. The focus of the package is on group sequential and adaptive designs with p-value combination tests, but also fixed sample designs can be considered. The software can specifically be used to assess design characteristics of popular group sequential designs. However, going beyond those, adaptive designs are a strength of rpact: Adaptive multi-armed and population enrichment designs that are based on closed combination tests can be assessed by simulation. The application of the designs for simulation, real data, and estimation is possible for continuous, binary, survival, and count data. Furthermore, we introduce 'RPACT Cloud', a user-friendly platform designed to simplify and enhance the process of clinical trial design and simulations for researchers and practitioners. A free version of RPACT Cloud is available at https://cloud.rpact.com/ and workshop participants will be able to try out the software themselves following the workshop.","Workshop",NA,"2025",2025-11-03,"08:00:00","10:00:00","Daniel Sabanés Bové | Friedrich Pahlke","RCONIS | RPACT","Flexible Clinical Trial Design, Simulation, and Analysis with the R Package rpact",NA,NA,"In this workshop we will explore the capabilities of the validated open-source R package 'rpact', which is available on CRAN and GitHub. rpact is a comprehensive validated, open source, free-of-charge R software package for clinical trial planning, design simulation, and data analysis. rpact is under continuous full-time development since 2017, and comprehensive documentation is available at www.rpact.org. We will provide an introduction to the package and illustrate the usage by several examples. The focus of the package is on group sequential and adaptive designs with p-value combination tests, but also fixed sample designs can be considered. The software can specifically be used to assess design characteristics of popular group sequential designs. However, going beyond those, adaptive designs are a strength of rpact Adaptive multi-armed and population enrichment designs that are based on closed combination tests can be assessed by simulation. The application of the designs for simulation, real data, and estimation is possible for continuous, binary, survival, and count data. Furthermore, we introduce 'RPACT Cloud', a user-friendly platform designed to simplify and enhance the process of clinical trial design and simulations for researchers and practitioners. A free version of RPACT Cloud is available at https//cloud.rpact.com/ and workshop participants will be able to try out the software themselves following the workshop.",NA
"rinpharma_519","2025 Conference","Having trouble getting your Stan models to behave? This hands-on workshop will explore practical strategies for debugging Stan code, from identifying non-identifiable parameters to improving runtime performance. Participants will gain tools and intuition for building more robust models—skills that extend to a wide range of statistical and stochastic programming tasks.Prerequisite: Familiarity with Stan is recommended.","Workshop",NA,"2025",2025-11-03,"09:30:00","11:30:00","Daniel Lee","Bayesian Ops","Debugging Stan Programs",NA,NA,"Having trouble getting your Stan models to behave? This hands-on workshop will explore practical strategies for debugging Stan code, from identifying non-identifiable parameters to improving runtime performance. Participants will gain tools and intuition for building more robust models—skills that extend to a wide range of statistical and stochastic programming tasks.Prerequisite Familiarity with Stan is recommended.",NA
"rinpharma_520","2025 Conference","There are many benefits to turning your R scripts or functions into a package, like making your code easier to re-use, easier to share with others, easier to document, and easier to test. But the process of writing a package can feel intimidating, especially if you haven't done it before. But it doesn't need to! In this interactive workshop, we'll discuss:* What things you need to make a package and how to create them* How to write functions (in a package-friendly way) and add them to a package* How to write documentation and examples for functions* Best practices for package development* How to share your package with other people* Useful resources. By the end of this workshop, you will have made an R package! The session aims to be introductory, so you don't need any previous experience of building R packages (or even writing functions!) but some basic knowledge of R will be useful. If you're already a seasoned R package developer, you're also welcome to attend and hopefully you'll still pick up a few package development tips!","Workshop",NA,"2025",2025-11-03,"10:00:00","12:00:00","Nicola Rennie","Office for National Statistics","Introduction to building (better) R packages",NA,NA,"There are many benefits to turning your R scripts or functions into a package, like making your code easier to re-use, easier to share with others, easier to document, and easier to test. But the process of writing a package can feel intimidating, especially if you haven't done it before. But it doesn't need to! In this interactive workshop, we'll discuss* What things you need to make a package and how to create them* How to write functions (in a package-friendly way) and add them to a package* How to write documentation and examples for functions* Best practices for package development* How to share your package with other people* Useful resources. By the end of this workshop, you will have made an R package! The session aims to be introductory, so you don't need any previous experience of building R packages (or even writing functions!) but some basic knowledge of R will be useful. If you're already a seasoned R package developer, you're also welcome to attend and hopefully you'll still pick up a few package development tips!",NA
"rinpharma_521","2025 Conference","LLMs are transforming how we write code, build tools, and analyze data, but getting started with directly working with LLM APIs can feel daunting. This workshop will introduce participants to programming with LLM APIs in R using ellmer, an open-source package that makes it easy to work with LLMs from R. We’ll cover the basics of calling LLMs from R, as well as system prompt design, tool calling, and building basic chatbots.
No AI or machine learning background is required—just basic R familiarity. Participants will leave with example scripts they can adapt to their own projects.","Workshop",NA,"2025",2025-11-03,"13:00:00","15:00:00","Sara Altman","Posit","Getting Started with LLM APIs in R",NA,NA,"LLMs are transforming how we write code, build tools, and analyze data, but getting started with directly working with LLM APIs can feel daunting. This workshop will introduce participants to programming with LLM APIs in R using ellmer, an open-source package that makes it easy to work with LLMs from R. We’ll cover the basics of calling LLMs from R, as well as system prompt design, tool calling, and building basic chatbots. No AI or machine learning background is required—just basic R familiarity. Participants will leave with example scripts they can adapt to their own projects.",NA
"rinpharma_522","2025 Conference","Cardinal is an open-source collection of standardized table, listing, and graph (TLG) templates designed to streamline the process of clinical output review, comparison, and meta-analysis—promoting efficient communication to stakeholders while aligning with CDISC’s ARD/ARM efforts.
In this workshop, we’ll introduce the {gtsummary} package for table creation and walk through Cardinal’s growing catalog of TLGs. Participants will get hands-on experience generating key outputs—ideally working on examples that are directly relevant to your own work.
Whether you're new to Cardinal, looking to integrate it into your own workflow, or interested in contributing to the project, this workshop will provide practical insights and real-world applications for modern clinical reporting.","Workshop",NA,"2025",2025-11-03,"15:00:00","17:00:00","Abinaya Yogasekaram | Emily De La Rua","Roche | Roche","Hands on with Cardinal: Harmonizing Clinical Reporting with Open‑Source TLGs",NA,NA,"Cardinal is an open-source collection of standardized table, listing, and graph (TLG) templates designed to streamline the process of clinical output review, comparison, and meta-analysis—promoting efficient communication to stakeholders while aligning with CDISC’s ARD/ARM efforts. In this workshop, we’ll introduce the  gtsummary  package for table creation and walk through Cardinal’s growing catalog of TLGs. Participants will get hands-on experience generating key outputs—ideally working on examples that are directly relevant to your own work. Whether you're new to Cardinal, looking to integrate it into your own workflow, or interested in contributing to the project, this workshop will provide practical insights and real-world applications for modern clinical reporting.",NA
"rinpharma_523","2025 Conference",NA,"Remarks","Y","2025",2025-11-03,"21:00:00","21:10:00","Daniel Sabanés Bové","RCONIS","Opening Remarks",NA,NA,NA,"Unfortunately we do not currently have an abstract, copy of the slides or link to the video to this presentation"
"rinpharma_524","2025 Conference","For pharmaceutical companies, effective use of data is a critical source of competitiveness. This keynote introduces Shionogi’s data strategy and organizational transformation centered on open-source adoption. By standardizing R/Python-based analytics, fostering cross-functional knowledge sharing, and ensuring reproducibility, we have achieved both efficiency and transparency. The talk will further highlight our governance framework aligned with regulatory requirements and our collaborations with the open-source community, presenting a forward-looking vision for sustainable data-driven innovation in pharma.","Keynote","Y","2025",2025-11-03,"21:10:00","21:50:00","Yoshitake Kitanishi","Shionogi","Open-Source Culture and Data Strategy in SHIONOGI: A New Value-Creation Model for Pharma",NA,"https://youtu.be/HprlbPsj9aw","For pharmaceutical companies, effective use of data is a critical source of competitiveness. This keynote introduces Shionogi’s data strategy and organizational transformation centered on open-source adoption. By standardizing R/Python-based analytics, fostering cross-functional knowledge sharing, and ensuring reproducibility, we have achieved both efficiency and transparency. The talk will further highlight our governance framework aligned with regulatory requirements and our collaborations with the open-source community, presenting a forward-looking vision for sustainable data-driven innovation in pharma.",NA
"rinpharma_525","2025 Conference","In the Life Science Industry, there has been activity over the last few years to embrace Open-Source languages (mainly R) for performing activities which have traditionally been done in SAS. This talk will focus on effective strategies for teaching statistical programmers with experience using SAS in their daily work (SDTM/ADaM/TFL, etc.) how to learn and transition to R. This strategy consists of four key components. The first focuses on the statistical programmer’s prior experience with R–ranging from no exposure at all, to having used it before entering the industry, to maintaining ongoing familiarity. The second component considers the environmental resources available within the company, such as existing R learning materials and whether generative AI tools have been introduced to support the learning process. The Third component reviews the timing of R-related tasks and works backward to determine which aspect to focus on–basic syntax, pharmaverse packages, or task-specific skills. This helps prevent both knowledge decay from inactivity and overload that hinders learning. The final component involves practical exercises where learners reproduce deliverables previously generated in SAS using R. This approach helps bridge the gap between R syntax and practical application, while fostering a sense of achievement through successful replication.","Talk","Y","2025",2025-11-03,"21:50:00","22:10:00","KuenHung Lin","IQVIA","Strategically Assisting Statistical programmers To succeed in R (SAS2R)","https://github.com/rinpharma/2025_presentations/blob/main/talks_folder/2025-Lin-SAS2R.pdf","https://youtu.be/evKPgccUpM4","In the Life Science Industry, there has been activity over the last few years to embrace Open-Source languages (mainly R) for performing activities which have traditionally been done in SAS. This talk will focus on effective strategies for teaching statistical programmers with experience using SAS in their daily work (SDTM/ADaM/TFL, etc.) how to learn and transition to R. This strategy consists of four key components. The first focuses on the statistical programmer’s prior experience with R–ranging from no exposure at all, to having used it before entering the industry, to maintaining ongoing familiarity. The second component considers the environmental resources available within the company, such as existing R learning materials and whether generative AI tools have been introduced to support the learning process. The Third component reviews the timing of R-related tasks and works backward to determine which aspect to focus on–basic syntax, pharmaverse packages, or task-specific skills. This helps prevent both knowledge decay from inactivity and overload that hinders learning. The final component involves practical exercises where learners reproduce deliverables previously generated in SAS using R. This approach helps bridge the gap between R syntax and practical application, while fostering a sense of achievement through successful replication.",NA
"rinpharma_526","2025 Conference","In this session, a organizer from the SAS Users Group Japan explores comprehensive strategies for key-based data integration with R, emphasizing practical comparisons between methods. Attendees will gain insights into the differences and similarities between SAS Merge, SQL Joins, Base R merging , dplyr joins, as well as advanced R tools such as the hash package and rtables. Additionally, the presentation includes specific discussions on data merging practices relevant to CDISC standards, including examples from ADaM and SDTM datasets.","Talk","Y","2025",2025-11-03,"22:10:00","22:30:00","Yutaka Morioka | Yuki Nakagawa","EPS corporation | EPS corporation","Side-by-side by Design: Pharma Data Handling with Merge, Join, Match, and Hash in R","https://github.com/Morioka-Yutaka/RinPharma/blob/1c4d0e0904e60ed6f6b33aea3b55946805767ad2/2025/%5Bver%201.1%5DSide-by-side%20by%20Design%20Pharma%20Data%20Handling%20with%20Merge%2C%20Join%2C%20Match%2C%20and%20Hash%20in%20R.pdf","https://youtu.be/hM8yba-_DU0","In this session, a organizer from the SAS Users Group Japan explores comprehensive strategies for key-based data integration with R, emphasizing practical comparisons between methods. Attendees will gain insights into the differences and similarities between SAS Merge, SQL Joins, Base R merging , dplyr joins, as well as advanced R tools such as the hash package and rtables. Additionally, the presentation includes specific discussions on data merging practices relevant to CDISC standards, including examples from ADaM and SDTM datasets.",NA
"rinpharma_527","2025 Conference","It is important to set-up validation strategy of analysis systems in drug development in pharmaceutical industry. One of the hot topics in open source software(OSS) utilization in this space is R package validation. Risk-based approach of the validation is commonly employed. In this presentation, we summarize the available tools (e.g. riskmetric, etc.) for risk assessment in the approach and discuss the points to consider. This is a presentation by phuse Japan open source technology WG.","Talk","Y","2025",2025-11-03,"22:30:00","22:50:00","Ryo Nakaya","Takeda","Risk Assessment Deep Dive",NA,"https://youtu.be/tGZp07-sjHY","It is important to set-up validation strategy of analysis systems in drug development in pharmaceutical industry. One of the hot topics in open source software(OSS) utilization in this space is R package validation. Risk-based approach of the validation is commonly employed. In this presentation, we summarize the available tools (e.g. riskmetric, etc.) for risk assessment in the approach and discuss the points to consider. This is a presentation by phuse Japan open source technology WG.",NA
"rinpharma_528","2025 Conference",NA,"Schedule only","Y","2025",2025-11-03,"22:50:00","23:20:00",NA,NA,"Break",NA,NA,NA,"Unfortunately we do not currently have an abstract, copy of the slides or link to the video to this presentation"
"rinpharma_529","2025 Conference","Preparing Data Monitoring Committee (DMC) materials is a critical yet often time-consuming task in clinical trial safety oversight. Traditional workflows, relying heavily on manual copy-pasting across multiple documents, introduce inefficiencies and increase the risk of errors. We present a flexible, template-based automated reporting workflow using R Markdown and the {flextable} package to efficiently generate commonly used tables, figures, and listings in Word or slide formats with predefined formatting and narrative elements. Starting from a customizable template, users can adjust layout, styling, and perform basic data handling. Rather than enforcing strict automation, this approach emphasizes reproducibility and user control— minimizing manual formatting work and errors while enabling tailored, efficient outputs for review and documentation.","Talk","Y","2025",2025-11-03,"23:20:00","23:35:00","Nina Han | Peng Zhang","CIMS Global | CIMS Global","Leverage template-based automated reporting on DMC materials preparation",NA,"https://youtu.be/G9Dk6k1PELA","Preparing Data Monitoring Committee (DMC) materials is a critical yet often time-consuming task in clinical trial safety oversight. Traditional workflows, relying heavily on manual copy-pasting across multiple documents, introduce inefficiencies and increase the risk of errors. We present a flexible, template-based automated reporting workflow using R Markdown and the  flextable  package to efficiently generate commonly used tables, figures, and listings in Word or slide formats with predefined formatting and narrative elements. Starting from a customizable template, users can adjust layout, styling, and perform basic data handling. Rather than enforcing strict automation, this approach emphasizes reproducibility and user control— minimizing manual formatting work and errors while enabling tailored, efficient outputs for review and documentation.",NA
"rinpharma_530","2025 Conference","Summarization and visualization are essential for interpreting statistical analysis results, but coding programs takes a certain amount of time. However, in interactive discussions, there are situations where it is desirable to understand data/statistical analysis results in a timely manner. In such situations, dynamic summarization and visualization can be expected to promote discussion and speed up decision-making. The statistical analysis software R provides the Shiny package that enables this dynamic activity. In our presentation, we will introduce a method to create dynamic summary tables and Kaplan-Meier plots when subgroup variables and parameters are changed, focusing particularly on survival data, using the Shiny package.","Talk","Y","2025",2025-11-03,"23:35:00","23:50:00","Takumi Imamura | Takahiro Hasegawa","Shionogi | Shionogi","Dynamic Creation of Kaplan-Meier Plots and Summary Measure Tables for Survival Data with R Shiny",NA,"https://youtu.be/Rc10T6D7wos","Summarization and visualization are essential for interpreting statistical analysis results, but coding programs takes a certain amount of time. However, in interactive discussions, there are situations where it is desirable to understand data/statistical analysis results in a timely manner. In such situations, dynamic summarization and visualization can be expected to promote discussion and speed up decision-making. The statistical analysis software R provides the Shiny package that enables this dynamic activity. In our presentation, we will introduce a method to create dynamic summary tables and Kaplan-Meier plots when subgroup variables and parameters are changed, focusing particularly on survival data, using the Shiny package.",NA
"rinpharma_531","2025 Conference","The standard process of developing the slide deck for clinical reporting events includes manually populating numbers from static outputs and a separate QC. The process is time-consuming, resource-intensive, and error-prone. To address these issues, we created “autoslideR”, an R package to automate the slide deck generation for multiple clinical reporting events. autoslideR has successfully supported slide creation for several study endorsement meetings, IMC meetings, as well as dose escalation meetings for early development, saving teams 0.5 to 4 days for the slide deck preparation compared to the time it traditionally takes.

This talk explores the key features and technical advantages of autoslideR, such as supporting customized layout creations from existing templates, as well as adding placeholder slides to accelerate final slide preparation.","Talk","Y","2025",2025-11-03,"23:50:00","00:10:00","Yolanda Zhou | Joe Zhu","Roche | Roche","autoslideR: Streamlining slide deck generation for clinical reporting events",NA,"https://youtu.be/PVjZTC6g0z8","The standard process of developing the slide deck for clinical reporting events includes manually populating numbers from static outputs and a separate QC. The process is time-consuming, resource-intensive, and error-prone. To address these issues, we created “autoslideR”, an R package to automate the slide deck generation for multiple clinical reporting events. autoslideR has successfully supported slide creation for several study endorsement meetings, IMC meetings, as well as dose escalation meetings for early development, saving teams 0.5 to 4 days for the slide deck preparation compared to the time it traditionally takes.  This talk explores the key features and technical advantages of autoslideR, such as supporting customized layout creations from existing templates, as well as adding placeholder slides to accelerate final slide preparation.",NA
"rinpharma_532","2025 Conference",NA,"Schedule only","Y","2025",2025-11-04,"00:10:00","00:20:00",NA,NA,"Break",NA,NA,NA,"Unfortunately we do not currently have an abstract, copy of the slides or link to the video to this presentation"
"rinpharma_533","2025 Conference","The journey towards end-to-end (e2e) R-based regulatory submissions is one of the most significant transformations in our industry today. While the technical capabilities of R are clear, achieving success is a complex endeavor that requires more than just good code. This keynote draws inspiration from the classical strategic concept of ""天时地利人和"" (The Right Time, Place, and People) to frame the challenges and triumphs of this journey, using a successful e2e submission as a guiding case study.
Shifting from this framework to practice, we will analyze current R adoption trends across China's pharmaceutical landscape, from SDTM to TLG generation. Data reveals that while R is gaining strong traction in analysis and reporting, its use in foundational stages like SDTM creation remains a challenge. This observation leads to two key discussions: first, the pragmatic case for hybrid submissions, leveraging the strengths of both R and SAS, and second, the emerging role of Artificial Intelligence. We will touch upon how the industry is beginning to explore AI to solve complex challenges like SDTM mapping, discussing both the immense opportunities and the practical hurdles ahead.","Keynote","Y","2025",2025-11-04,"00:20:00","01:00:00","Joe Zhu","Roche","From Harmony to Hybrid: Charting a Practical Course for R Adoption in Pharma",NA,"https://youtu.be/nG10kYe_rto","The journey towards end-to-end (e2e) R-based regulatory submissions is one of the most significant transformations in our industry today. While the technical capabilities of R are clear, achieving success is a complex endeavor that requires more than just good code. This keynote draws inspiration from the classical strategic concept of ""天时地利人和"" (The Right Time, Place, and People) to frame the challenges and triumphs of this journey, using a successful e2e submission as a guiding case study. Shifting from this framework to practice, we will analyze current R adoption trends across China's pharmaceutical landscape, from SDTM to TLG generation. Data reveals that while R is gaining strong traction in analysis and reporting, its use in foundational stages like SDTM creation remains a challenge. This observation leads to two key discussions first, the pragmatic case for hybrid submissions, leveraging the strengths of both R and SAS, and second, the emerging role of Artificial Intelligence. We will touch upon how the industry is beginning to explore AI to solve complex challenges like SDTM mapping, discussing both the immense opportunities and the practical hurdles ahead.",NA
"rinpharma_534","2025 Conference","Recent advancements in R have significantly simplified the integration of large language models (LLMs) into data workflows. This session offers a practical overview of how LLMs can be applied in R through a curated set of tools and packages. We highlight several LLM-related packages that boost productivity, support AI-assisted programming, and enable advanced tools such as retrieval-augmented generation (RAG). Real-world examples and demo are provided to demonstrate practical usage. This session is tailored for R users seeking to enhance their workflows with AI-powered capabilities and help illustrate how current available LLM-related package can work.","Talk","Y","2025",2025-11-04,"01:00:00","01:10:00","Mia Chen | Peng Zhang","CIMS Global | CIMS Global","Emerging trend of LLM development in R and implementation",NA,"https://youtu.be/io2BUzHvmSk","Recent advancements in R have significantly simplified the integration of large language models (LLMs) into data workflows. This session offers a practical overview of how LLMs can be applied in R through a curated set of tools and packages. We highlight several LLM-related packages that boost productivity, support AI-assisted programming, and enable advanced tools such as retrieval-augmented generation (RAG). Real-world examples and demo are provided to demonstrate practical usage. This session is tailored for R users seeking to enhance their workflows with AI-powered capabilities and help illustrate how current available LLM-related package can work.",NA
"rinpharma_535","2025 Conference","Most clinicians in cardiology use an online portal such as HeartScore (https://www.escardio.org/Education/Practice-Tools/CVD-prevention-toolbox/HeartScore) or CAD consortium (https://qxmd.com/calculate/calculator_287/pre-test-probability-of-cad-cad-consortium) to calculate a risk score for a patient.

As risk scores continue to evolve and change overtime, it can be a tedious process to recalculate the risk score of many patients as these online portal could only do so one patient at a time.

While there are R package such as CVrisk (https://cran.r-project.org/web/packages/CVrisk/index.html), RiskScorescvd (https://cran.r-project.org/web/packages/RiskScorescvd/index.html) and preventR (https://cran.r-project.org/web/packages/preventr/index.html) dedicated to calculating a patient’s risk of having cardiovascular disease (stroke, heart attack), there is no R package that is dedicated to calculating pretest risk scores for obstructive CAD.

Pretest score for CAD are more useful than risk score for cardiovascular diseases (stroke, heart attack) as early detection and intervention treatment of CAD can lead to better outcomes.

An R package called pretestcad (https://cran.r-project.org/web/packages/pretestcad/index.html) was made to fill this gap, allowing users to calculate these scores () automatically for many patients, prior to deciding if the patient should go for CT scan or invasive coronary angiography to confirm

Examples of such scores are the 2017 PROMISE Minimal-Risk Score and the 2020 Winther et. al. Risk-Factor-weighted Clinical Likelihood (RF-CL) and Coronary Artery Calcium Score-Weighted Clinical Likelihood (CACS-CL) PTP which was recommended to be used in the 2024 ESC Guidelines (https://academic.oup.com/eurheartj/article/45/36/3415/7743115).","Talk","Y","2025",2025-11-04,"01:10:00","01:20:00","Jeremy Selva","National Heart Centre Singapore","An R package to consolidate pretest probability models and guidelines for CAD","https://jauntyjjs.github.io/RPharma2025_pretestcad","https://youtu.be/008bBfihSwM","Most clinicians in cardiology use an online portal such as HeartScore (https//www.escardio.org/Education/Practice-Tools/CVD-prevention-toolbox/HeartScore) or CAD consortium (https//qxmd.com/calculate/calculator_287/pre-test-probability-of-cad-cad-consortium) to calculate a risk score for a patient.  As risk scores continue to evolve and change overtime, it can be a tedious process to recalculate the risk score of many patients as these online portal could only do so one patient at a time.  While there are R package such as CVrisk (https//cran.r-project.org/web/packages/CVrisk/index.html), RiskScorescvd (https//cran.r-project.org/web/packages/RiskScorescvd/index.html) and preventR (https//cran.r-project.org/web/packages/preventr/index.html) dedicated to calculating a patient’s risk of having cardiovascular disease (stroke, heart attack), there is no R package that is dedicated to calculating pretest risk scores for obstructive CAD.  Pretest score for CAD are more useful than risk score for cardiovascular diseases (stroke, heart attack) as early detection and intervention treatment of CAD can lead to better outcomes.  An R package called pretestcad (https//cran.r-project.org/web/packages/pretestcad/index.html) was made to fill this gap, allowing users to calculate these scores () automatically for many patients, prior to deciding if the patient should go for CT scan or invasive coronary angiography to confirm  Examples of such scores are the 2017 PROMISE Minimal-Risk Score and the 2020 Winther et. al. Risk-Factor-weighted Clinical Likelihood (RF-CL) and Coronary Artery Calcium Score-Weighted Clinical Likelihood (CACS-CL) PTP which was recommended to be used in the 2024 ESC Guidelines (https//academic.oup.com/eurheartj/article/45/36/3415/7743115).",NA
"rinpharma_536","2025 Conference","At the workshop hosted by JPMA (DS, KT3) on June 25, 2025, a survey was conducted regarding inquiries on e-Data submitted to PMDA. Results from the survey revealed that the most common inquiries were related to inconsistencies in documentation, such as differences in the MedDRA version and WHO-DD version listed in the Reviewer's Guide and Define.xml, as well as omissions regarding the presence of SUPPxx domains.
To address these inconsistencies, I created an R Shiny app by Vibe Coding using ChatGPT to check for inconsistencies across documents. Despite being a beginner in R, I successfully developed an app to resolve these issues efficiently. This presentation shares the insights gained from the development process.
Additionally, beyond creating e-CRT packages, I hope this example serves as a reference for utilizing Vibe Coding (not limited to R Shiny but potentially using Python or other tools) to develop apps that streamline workflows and improve efficiency in one's daily tasks.","Talk","Y","2025",2025-11-04,"01:20:00","01:30:00","Naoki Yoshida","Takeda","Enhancing Efficiency in e-CRT Creation for PMDA Through R Shiny App Development Using Vibe Coding",NA,"https://youtu.be/IxpeGE32ohY","At the workshop hosted by JPMA (DS, KT3) on June 25, 2025, a survey was conducted regarding inquiries on e-Data submitted to PMDA. Results from the survey revealed that the most common inquiries were related to inconsistencies in documentation, such as differences in the MedDRA version and WHO-DD version listed in the Reviewer's Guide and Define.xml, as well as omissions regarding the presence of SUPPxx domains. To address these inconsistencies, I created an R Shiny app by Vibe Coding using ChatGPT to check for inconsistencies across documents. Despite being a beginner in R, I successfully developed an app to resolve these issues efficiently. This presentation shares the insights gained from the development process. Additionally, beyond creating e-CRT packages, I hope this example serves as a reference for utilizing Vibe Coding (not limited to R Shiny but potentially using Python or other tools) to develop apps that streamline workflows and improve efficiency in one's daily tasks.",NA
"rinpharma_537","2025 Conference","In highly regulated environments where clinical data confidentiality is paramount, traditional AI coding assistants like ChatGPT present two significant challenges: they require data exposure to external systems, and they lack context-specific knowledge of organizational data structures and standards. We present an innovative solution that bridges this gap: a secure, context-aware application that combines large language models (LLMs) with clinical data standards to assist R users in analyzing confidential healthcare data. Our package, built using the open-source project {gptstudio} and Apollo (an internal qualified LLM service) and deployed on Posit Workbench, has the ability to reference our organization’s clinical data standards and other internal documentation. This enables it to generate and execute R code that is precisely tailored to our data structures, variable definitions, and analytical requirements. The system can help the user perform various tasks including exploratory data analysis, data quality checks, putting together a first draft for a {teal} or DaVinci Shiny application, as well as generate TLGs for clinical reporting.

We will demonstrate how this tool serves dual purposes: accelerating the work of experienced R programmers while simultaneously functioning as an educational platform for R learners working with clinical data. Unlike generic AI coding assistants, our solution provides contextually relevant code suggestions that align with organizational standards and practices, all while maintaining data privacy and regulatory compliance. This presentation will showcase real-world applications, discuss the technical architecture, and explore how similar systems could be implemented in other organizations working with sensitive data.","Talk","Y","2025",2025-11-04,"01:30:00","01:50:00","Steven Brooks | Pietro Mascheroni | Xiecheng Gu","Boehringer Ingelheim | Boehringer Ingelheim | Boehringer Ingelheim","{meRlin} - context-aware AI assistant for clinical programming",NA,"https://youtu.be/jIlpBCosVcU","In highly regulated environments where clinical data confidentiality is paramount, traditional AI coding assistants like ChatGPT present two significant challenges they require data exposure to external systems, and they lack context-specific knowledge of organizational data structures and standards. We present an innovative solution that bridges this gap a secure, context-aware application that combines large language models (LLMs) with clinical data standards to assist R users in analyzing confidential healthcare data. Our package, built using the open-source project  gptstudio  and Apollo (an internal qualified LLM service) and deployed on Posit Workbench, has the ability to reference our organization’s clinical data standards and other internal documentation. This enables it to generate and execute R code that is precisely tailored to our data structures, variable definitions, and analytical requirements. The system can help the user perform various tasks including exploratory data analysis, data quality checks, putting together a first draft for a  teal  or DaVinci Shiny application, as well as generate TLGs for clinical reporting.  We will demonstrate how this tool serves dual purposes accelerating the work of experienced R programmers while simultaneously functioning as an educational platform for R learners working with clinical data. Unlike generic AI coding assistants, our solution provides contextually relevant code suggestions that align with organizational standards and practices, all while maintaining data privacy and regulatory compliance. This presentation will showcase real-world applications, discuss the technical architecture, and explore how similar systems could be implemented in other organizations working with sensitive data.",NA
"rinpharma_538","2025 Conference","In this workshop you will be working with the officer and flextable packages to create sophisticated clinical reports in Word format using R with a reproducible approach. Going from clinical data all the way through to complete pharmaceutical report generation. Specifically, we will walk through an end-to-end example focusing on advanced document structure management, complex table creation following pharmaceutical standards, and integration of ggplot2 visualizations. The workshop is divided into two parts: first, discovering the fundamentals of officer and flextable packages, then moving to advanced clinical reporting techniques including section management, headers and footers customization, and cross-reference handling for complete pharmaceutical report composition.","Workshop",NA,"2025",2025-11-04,"08:00:00","10:00:00","David Gohel","ArData","Advanced Clinical Reporting with officer and flextable",NA,NA,"In this workshop you will be working with the officer and flextable packages to create sophisticated clinical reports in Word format using R with a reproducible approach. Going from clinical data all the way through to complete pharmaceutical report generation. Specifically, we will walk through an end-to-end example focusing on advanced document structure management, complex table creation following pharmaceutical standards, and integration of ggplot2 visualizations. The workshop is divided into two parts first, discovering the fundamentals of officer and flextable packages, then moving to advanced clinical reporting techniques including section management, headers and footers customization, and cross-reference handling for complete pharmaceutical report composition.",NA
"rinpharma_539","2025 Conference","Join us for a hands-on, one-day workshop at R/Phama, where we’ll explore the versatility of Quarto output formats. You will learn how to create dynamic websites, professional PDF documents, engaging presentations, and interactive dashboards using Quarto. This workshop highlights Quarto's powerful theming capabilities, including the new support for brand.yml, which ensures that your work maintains a professional and cohesive style across all formats.","Workshop",NA,"2025",2025-11-04,"10:00:00","12:00:00","Isabella Velásquez","Posit","Creating Polished, Branded Documents with Quarto",NA,NA,"Join us for a hands-on, one-day workshop at R/Phama, where we’ll explore the versatility of Quarto output formats. You will learn how to create dynamic websites, professional PDF documents, engaging presentations, and interactive dashboards using Quarto. This workshop highlights Quarto's powerful theming capabilities, including the new support for brand.yml, which ensures that your work maintains a professional and cohesive style across all formats.",NA
"rinpharma_540","2025 Conference","Clinical trials generate complex and standards driven datasets that can slow down traditional data processing tools. This workshop introduces Polars, a cutting-edge Python DataFrame library engineered with a
high-performance backend and the Apache Arrow columnar format for blazingly fast data manipulation. Attendees will learn how Polars lays the foundation for the pharmaverse-py, streamlining the data clinical workflow from database querying and complex data wrangling to the potential task of prepping data for regulatory Tables, Figures, and Listings (TFLs). Discover the 'delightful' Polars API and how its speed dramatically accelerates both exploratory and regid data tasks in pharmaceutical drug development. The workshop is led by Michael Chow, a Python developer at Posit who is a key contributor to open-source data tools, notably helping to launch the data presentation library Great Tables, and focusing on bringing efficient data analysis patterns to Python.","Workshop",NA,"2025",2025-11-04,"13:00:00","15:00:00","Michael Chow | Jeroen Janssens","Posit | Posit","Polars: The Blazing Fast Python Framework for Modern Clinical Trial Data Exploration",NA,NA,"Clinical trials generate complex and standards driven datasets that can slow down traditional data processing tools. This workshop introduces Polars, a cutting-edge Python DataFrame library engineered with a high-performance backend and the Apache Arrow columnar format for blazingly fast data manipulation. Attendees will learn how Polars lays the foundation for the pharmaverse-py, streamlining the data clinical workflow from database querying and complex data wrangling to the potential task of prepping data for regulatory Tables, Figures, and Listings (TFLs). Discover the 'delightful' Polars API and how its speed dramatically accelerates both exploratory and regid data tasks in pharmaceutical drug development. The workshop is led by Michael Chow, a Python developer at Posit who is a key contributor to open-source data tools, notably helping to launch the data presentation library Great Tables, and focusing on bringing efficient data analysis patterns to Python.",NA
"rinpharma_541","2025 Conference","This workshop will focus on the data quality and data documentation workflows that the pointblank package makes possible. We will use functions that allow us to:
(1) quickly understand a new dataset
(2) validate tabular data using rules that are based on our understanding of the data
(3) fully document a table by describing its variables and other important details. The pointblank package was created to scale from small validation problems (“Let’s make certain this table fits my expectations before moving on”) to very large (“Let’s validate these 35 database tables every day and ensure data quality is maintained”) and we’ll delve into all sorts of data quality scenarios so you’ll be comfortable using this package in your organization. Data documentation is seemingly and unfortunately less common in organizations (maybe even less than the practice of data validation). We’ll learn all about how this doesn’t have to be a tedious chore. The pointblank package allows you to create informative and beautiful data documentation that will help others understand what’s in all those tables that are so vital to an organization.","Workshop",NA,"2025",2025-11-04,"15:00:00","17:00:00","Rich Iannone","Posit","How to use pointblank to understand, validate, and document your data",NA,NA,"This workshop will focus on the data quality and data documentation workflows that the pointblank package makes possible. We will use functions that allow us to (1) quickly understand a new dataset (2) validate tabular data using rules that are based on our understanding of the data (3) fully document a table by describing its variables and other important details. The pointblank package was created to scale from small validation problems (“Let’s make certain this table fits my expectations before moving on”) to very large (“Let’s validate these 35 database tables every day and ensure data quality is maintained”) and we’ll delve into all sorts of data quality scenarios so you’ll be comfortable using this package in your organization. Data documentation is seemingly and unfortunately less common in organizations (maybe even less than the practice of data validation). We’ll learn all about how this doesn’t have to be a tedious chore. The pointblank package allows you to create informative and beautiful data documentation that will help others understand what’s in all those tables that are so vital to an organization.",NA
"rinpharma_542","2025 Conference",NA,"Remarks","Y","2025",2025-11-04,"21:00:00","21:10:00","Jonathan Carroll","Irregularly Scheduled Programming","Opening Remarks",NA,NA,NA,"Unfortunately we do not currently have an abstract, copy of the slides or link to the video to this presentation"
"rinpharma_543","2025 Conference","Precision healthcare holds immense potential to transform disease prevention, diagnosis, and treatment by tailoring care to an individual’s genetic, environmental, and lifestyle factors. The majority of genomics research however, has been focused on populations of European ancestry, leaving under-represented and genetically diverse global populations, such as Indigenous Australians, underserved. This gap limits the generalisability of biomedical insights and exacerbates existing health inequities, but also limits the utility of language models that may have a significant impact on the way that genetic variants can be prioritised for drug discovery. In this talk, I describe some of the challenges associated with the analysis of Indigenous Australian genomes and discuss approaches that our team are using to develop precision approaches for primary healthcare in Australia.","Keynote","Y","2025",2025-11-04,"21:10:00","21:50:00","Jimmy Breen","Black Ochre Data Labs (The Kids Research Institute Australia & Australian National University)","Improving precision healthcare for under-represented and genetically diverse global populations",NA,"https://youtu.be/rXB7ggL8EoY","Precision healthcare holds immense potential to transform disease prevention, diagnosis, and treatment by tailoring care to an individual’s genetic, environmental, and lifestyle factors. The majority of genomics research however, has been focused on populations of European ancestry, leaving under-represented and genetically diverse global populations, such as Indigenous Australians, underserved. This gap limits the generalisability of biomedical insights and exacerbates existing health inequities, but also limits the utility of language models that may have a significant impact on the way that genetic variants can be prioritised for drug discovery. In this talk, I describe some of the challenges associated with the analysis of Indigenous Australian genomes and discuss approaches that our team are using to develop precision approaches for primary healthcare in Australia.",NA
"rinpharma_544","2025 Conference",NA,"Schedule only","Y","2025",2025-11-04,"21:50:00","22:05:00",NA,NA,"Break",NA,NA,NA,"Unfortunately we do not currently have an abstract, copy of the slides or link to the video to this presentation"
"rinpharma_545","2025 Conference","Nowadays, with the development of AI technology, proficiency in using AI tools has become an indispensable skill. The topic expresses how, as a beginner, to utilize AI tools to solve the challenges actually encountered in clinical trials and save programmers' resources. As well as the common principles that should be followed when using AI tools summarized in the process.

In this presentation, hands-on experience to decrease 80% of resource during exploratory analysis using Cursor and Claude 4.0 will be shared.","Talk","Y","2025",2025-11-04,"22:05:00","22:20:00","Terry Zhang","GSK","Exploring AI tools in clinical trial data analysis",NA,"https://youtu.be/driB35Iz_gs","Nowadays, with the development of AI technology, proficiency in using AI tools has become an indispensable skill. The topic expresses how, as a beginner, to utilize AI tools to solve the challenges actually encountered in clinical trials and save programmers' resources. As well as the common principles that should be followed when using AI tools summarized in the process.  In this presentation, hands-on experience to decrease 80% of resource during exploratory analysis using Cursor and Claude 4.0 will be shared.",NA
"rinpharma_546","2025 Conference","The high volume of Continuous Glucose Monitoring (CGM) data presents a significant bottleneck for large-scale clinical research. To address this computational challenge, we developed cgmguru, an R package that utilizes Rcpp to seamlessly integrate R and C++ for high-performance processing.
The cgmguru package calculates established CGM consensus metrics, including level 1/2 and extended hyper- and hypoglycemic events, based on CGM consensus statement for clinical trials. Furthermore, the package implements a novel algorithm for detecting post-prandial peak glucose, based on the Glucose Rate Increase Detector (GRID) algorithm. This detection method has been successfully applied in clinical research.
In this session, I will introduce how CGM research is used in the pharmaceutical industry. I will also demonstrate how the cgmguru package can be used in both clinical trials and observational studies.","Keynote","Y","2025",2025-11-04,"22:20:00","22:50:00","Sang Ho Park","Department of Clinical Research Design & Evaluation, SAIHST, Sungkyunkwan University","An R Package cgmguru for Automated Glycemic Event Detection From Continuous Glucose Monitoring Data",NA,"https://youtu.be/JtAkFSNK2NE","The high volume of Continuous Glucose Monitoring (CGM) data presents a significant bottleneck for large-scale clinical research. To address this computational challenge, we developed cgmguru, an R package that utilizes Rcpp to seamlessly integrate R and C++ for high-performance processing. The cgmguru package calculates established CGM consensus metrics, including level 1/2 and extended hyper- and hypoglycemic events, based on CGM consensus statement for clinical trials. Furthermore, the package implements a novel algorithm for detecting post-prandial peak glucose, based on the Glucose Rate Increase Detector (GRID) algorithm. This detection method has been successfully applied in clinical research. In this session, I will introduce how CGM research is used in the pharmaceutical industry. I will also demonstrate how the cgmguru package can be used in both clinical trials and observational studies.",NA
"rinpharma_547","2025 Conference",NA,"Schedule only","Y","2025",2025-11-04,"22:50:00","23:20:00",NA,NA,"Break",NA,NA,NA,"Unfortunately we do not currently have an abstract, copy of the slides or link to the video to this presentation"
"rinpharma_548","2025 Conference","In this session, I’ll explore how Quarto can be used to create dynamic, interactive reports for pharma research and development. I’ll show how to integrate Observable JS for real-time data exploration and visualization, while incorporating plots from both R and Python into a single, cohesive report. Using Quarto’s multi-language support, I’ll demonstrate how to combine R’s power with Python’s capabilities seamlessly. A key highlight will be the CloseRead extension, a custom Quarto format that enables scrollytelling features in HTML documents. With CloseRead, I’ll showcase how to build interactive narratives that make your reports more engaging and easier to understand. Whether you're presenting clinical trial data or drug discovery insights, Quarto offers an innovative way to tell your data story. Whether it’s regulatory reports, progress summaries, or even model results, Quarto’s flexibility can save time and reduce errors. Join me to see how we can make pharma reporting more efficient, transparent, and open.","Talk","Y","2025",2025-11-04,"23:20:00","23:40:00","Jaspreet Pabla",NA,"Interactive and Reproducible Reports with Quarto","https://github.com/PablaOO7/R-Pharma-Conference-2025/blob/master/RPharma%20Conf%20Presentation%202k25.pdf","https://youtu.be/_9_gjYm-tW4","In this session, I’ll explore how Quarto can be used to create dynamic, interactive reports for pharma research and development. I’ll show how to integrate Observable JS for real-time data exploration and visualization, while incorporating plots from both R and Python into a single, cohesive report. Using Quarto’s multi-language support, I’ll demonstrate how to combine R’s power with Python’s capabilities seamlessly. A key highlight will be the CloseRead extension, a custom Quarto format that enables scrollytelling features in HTML documents. With CloseRead, I’ll showcase how to build interactive narratives that make your reports more engaging and easier to understand. Whether you're presenting clinical trial data or drug discovery insights, Quarto offers an innovative way to tell your data story. Whether it’s regulatory reports, progress summaries, or even model results, Quarto’s flexibility can save time and reduce errors. Join me to see how we can make pharma reporting more efficient, transparent, and open.",NA
"rinpharma_549","2025 Conference","In clinical drug development, regulatory agencies like Japan’s Pharmaceuticals and Medical Devices Agency (PMDA) often issue data inquiries that require many additional analyses, especially in oncology trials. These requests demand the rapid generation of multiple reports.

We propose using the R package {cards} to create Analysis Results Datasets (ARD) that standardize adverse event summary outputs. The ARD concept provides a structured, reusable format for reporting analysis results. By defining ARDs for PMDA oncology queries, we can aggregate events (e.g., all adverse events, Grade ≥3, fatal, serious, or those leading to treatment modifications) in a unified way. This standardization enables more efficient processing, easier reuse of analysis code, and improved quality control. We will introduce the ARD framework and demonstrate a new ARD-based analysis workflow using {cards}. Our results show that this approach accelerates report generation, ensures consistency across analyses, and supports future extensions of the workflow.","Talk","Y","2025",2025-11-04,"23:40:00","00:00:00","Shunsuke Goto | Hiroki Yamanobe | Hiro Kosako | Tomoyuki Namai | Yuichi Nakajima","Novartis | Maruho | A2 Healthcare | Chugai | GSK","Using Analysis Results Data using {cards} for PMDA Oncology inqueries",NA,"https://youtu.be/W8YzQUuVtVo","In clinical drug development, regulatory agencies like Japan’s Pharmaceuticals and Medical Devices Agency (PMDA) often issue data inquiries that require many additional analyses, especially in oncology trials. These requests demand the rapid generation of multiple reports.  We propose using the R package  cards  to create Analysis Results Datasets (ARD) that standardize adverse event summary outputs. The ARD concept provides a structured, reusable format for reporting analysis results. By defining ARDs for PMDA oncology queries, we can aggregate events (e.g., all adverse events, Grade ≥3, fatal, serious, or those leading to treatment modifications) in a unified way. This standardization enables more efficient processing, easier reuse of analysis code, and improved quality control. We will introduce the ARD framework and demonstrate a new ARD-based analysis workflow using  cards . Our results show that this approach accelerates report generation, ensures consistency across analyses, and supports future extensions of the workflow.",NA
"rinpharma_550","2025 Conference","With the pharma industry expanding packages within pharmaverse, is your organization ready to reach for R low hanging fruit for faster results? This presentation will show how R packages and functions are ‘out of the box’ production ready for fast results without having to invest in SAS silo resources or expenses. While some R mentoring is required to understand key differences with SAS and R fundamental concepts, smarter organizations can get a jump start on their submission ready deliverables. R packages in data management and graphs enable ‘plug-n-play’ queries and plots. The R packages used to create the Clinical Study Report (CSR) tables and lists offer R script templates that can be customized. CDISC submission support packages include the define.xml and tidyCDISC. Finally, popular pharmaverse packages rtables, admiral and teal will also be featured.","Talk","Y","2025",2025-11-05,"00:00:00","00:20:00","Sunil Gupta","Gupta Programming","Reach for R Low Hanging Fruit for Faster Results",NA,"https://youtu.be/6qD1XGKZK2w","With the pharma industry expanding packages within pharmaverse, is your organization ready to reach for R low hanging fruit for faster results? This presentation will show how R packages and functions are ‘out of the box’ production ready for fast results without having to invest in SAS silo resources or expenses. While some R mentoring is required to understand key differences with SAS and R fundamental concepts, smarter organizations can get a jump start on their submission ready deliverables. R packages in data management and graphs enable ‘plug-n-play’ queries and plots. The R packages used to create the Clinical Study Report (CSR) tables and lists offer R script templates that can be customized. CDISC submission support packages include the define.xml and tidyCDISC. Finally, popular pharmaverse packages rtables, admiral and teal will also be featured.",NA
"rinpharma_551","2025 Conference",NA,"Schedule only","Y","2025",2025-11-05,"00:20:00","00:30:00",NA,NA,"Break",NA,NA,NA,"Unfortunately we do not currently have an abstract, copy of the slides or link to the video to this presentation"
"rinpharma_552","2025 Conference","In this talk, I will introduce MedxR, a new R package that connects directly to public regulatory APIs from the U.S. FDA and Health Canada. MedxR allows users to programmatically search, retrieve, and analyze drug approval data, recall alerts, product labels, and ingredient information. This tool is designed to support pharmacovigilance, drug research, academic use, and real-world data analysis in regulatory science.
I will demonstrate key functions such as querying drug products, tracking recalls, and comparing medication records across both agencies","Talk","Y","2025",2025-11-05,"00:30:00","00:50:00","Renzo Cáceres Rossi","Data Science Research Peru","MedxR Package - Bridging Regulatory Drug Data from the FDA and Health Canada into R",NA,"https://youtu.be/3_dNFyvv9hY","In this talk, I will introduce MedxR, a new R package that connects directly to public regulatory APIs from the U.S. FDA and Health Canada. MedxR allows users to programmatically search, retrieve, and analyze drug approval data, recall alerts, product labels, and ingredient information. This tool is designed to support pharmacovigilance, drug research, academic use, and real-world data analysis in regulatory science. I will demonstrate key functions such as querying drug products, tracking recalls, and comparing medication records across both agencies",NA
"rinpharma_553","2025 Conference","The Sanofi R Validation team is currently creating a number of cutting edge GitHub processes to employ the risk.assessr package to help Sanofi effectively manage risks associated with internal, third-party and open-source packages.  

The first process is a database to store the risk metric data (RCMD check, test coverage, documentation metrics, traceability matrix), create Sanofi risk thresholds, and generate documentation for package acceptance/rejection for the team to make a decision about a target package. The process also populates the documentation with any metrics that do not pass the Sanofi criteria. 

Next is a GitHub CICD process to run risk.assessr on an individual target package for a specific package evaluation and store that data in the DB. The final process is a GitHub CICD process to run the risk.assessr functionality to process renv.lock files that contain a target package and its dependencies and store the data collected in the DB.  ","Talk","Y","2025",2025-11-05,"00:50:00","01:10:00","Hugo Bottois","Sanofi","risk.assessr:  extending its use in the package validation process",NA,"https://youtu.be/LHMZNZY1Pt8","The Sanofi R Validation team is currently creating a number of cutting edge GitHub processes to employ the risk.assessr package to help Sanofi effectively manage risks associated with internal, third-party and open-source packages.    The first process is a database to store the risk metric data (RCMD check, test coverage, documentation metrics, traceability matrix), create Sanofi risk thresholds, and generate documentation for package acceptance/rejection for the team to make a decision about a target package. The process also populates the documentation with any metrics that do not pass the Sanofi criteria.   Next is a GitHub CICD process to run risk.assessr on an individual target package for a specific package evaluation and store that data in the DB. The final process is a GitHub CICD process to run the risk.assessr functionality to process renv.lock files that contain a target package and its dependencies and store the data collected in the DB.  ",NA
"rinpharma_554","2025 Conference","Code review is a mandatory step in the development of validated R packages used in regulated pharmaceutical environments. As R continues to gain ground across clinical and regulatory domains, structured review processes are critical to ensure clarity, reproducibility, compliance, and long-term maintainability. This talk presents a practical framework for integrating code review into R workflows, informed by my experience as a contributor and reviewer with rOpenSci and regulated industry projects. Attendees will gain actionable strategies to foster a strong review culture, reduce risk, and build trustworthy, validation-ready software that meets the rigorous standards of pharma.","Talk","Y","2025",2025-11-05,"01:10:00","01:30:00","Alexandros Kouretsis","Appsilon","Code Review for Compliance: Best Practices for Validated R Workflows in Pharma",NA,"https://youtu.be/8xsqfilCIzk","Code review is a mandatory step in the development of validated R packages used in regulated pharmaceutical environments. As R continues to gain ground across clinical and regulatory domains, structured review processes are critical to ensure clarity, reproducibility, compliance, and long-term maintainability. This talk presents a practical framework for integrating code review into R workflows, informed by my experience as a contributor and reviewer with rOpenSci and regulated industry projects. Attendees will gain actionable strategies to foster a strong review culture, reduce risk, and build trustworthy, validation-ready software that meets the rigorous standards of pharma.",NA
"rinpharma_555","2025 Conference","Whether a clinical trial is completed on schedule is a critical concern—it not only affects the management of study timelines and costs, but also significantly impacts the timing of regulatory submissions, market strategy, and post-approval revenue. Among the various phases, patient enrollment often accounts for the majority of the trial duration and is particularly difficult to predict due to its inherent uncertainty. As a result, predicting patient enrollment is both highly important and particularly challenging.

To address this challenge, statistical models have been proposed to describe and forecast enrollment dynamics. Among them, the Poisson-Gamma model, introduced by Anisimov & Fedorov (2007), is one of the most prominent. This model treats site-specific enrollment rates as gamma-distributed random variables and combines them with a Poisson process, enabling flexible modeling that accounts for heterogeneity in enrollment rates across sites. In recent years, more complex extensions of this model have also become feasible for practical use.

In practice, enrollment operations are managed by clinical operations teams, and models that fail to incorporate their insights may end up as theoretical exercises with limited practical value. At the same time, expecting operations staff to learn R or statistical modeling is unrealistic, and having statisticians accompany them for every use case is inefficient.

This presentation introduces a case study of a web-based application that enables intuitive use of enrollment prediction models without requiring R expertise. The application adopts a decoupled architecture, separating the server-side and front-end components. On the server side, the statistical model is implemented in R and exposed as an API using the plumber package, then hosted on Posit Connect. The front end, built with HTML, CSS, and JavaScript, accesses the API to retrieve model outputs and visualizations, which are then displayed in the browser. A web application removes the need for local installation and encourages real-world adoption.

The talk will primarily highlight technical challenges, architectural decisions, and implementation strategies encountered by statisticians in the pharmaceutical industry. A live demonstration of the current alpha version is also planned.","Talk","Y","2025",2025-11-05,"01:30:00","01:45:00","Akifumi Okayama | Motoki Oe | Nobushige Matsuoka","Pfizer | Pfizer | Pfizer","A Web-Based R Application for Forecasting Patient Enrollment in Clinical Trials",NA,NA,"Whether a clinical trial is completed on schedule is a critical concern—it not only affects the management of study timelines and costs, but also significantly impacts the timing of regulatory submissions, market strategy, and post-approval revenue. Among the various phases, patient enrollment often accounts for the majority of the trial duration and is particularly difficult to predict due to its inherent uncertainty. As a result, predicting patient enrollment is both highly important and particularly challenging.  To address this challenge, statistical models have been proposed to describe and forecast enrollment dynamics. Among them, the Poisson-Gamma model, introduced by Anisimov & Fedorov (2007), is one of the most prominent. This model treats site-specific enrollment rates as gamma-distributed random variables and combines them with a Poisson process, enabling flexible modeling that accounts for heterogeneity in enrollment rates across sites. In recent years, more complex extensions of this model have also become feasible for practical use.  In practice, enrollment operations are managed by clinical operations teams, and models that fail to incorporate their insights may end up as theoretical exercises with limited practical value. At the same time, expecting operations staff to learn R or statistical modeling is unrealistic, and having statisticians accompany them for every use case is inefficient.  This presentation introduces a case study of a web-based application that enables intuitive use of enrollment prediction models without requiring R expertise. The application adopts a decoupled architecture, separating the server-side and front-end components. On the server side, the statistical model is implemented in R and exposed as an API using the plumber package, then hosted on Posit Connect. The front end, built with HTML, CSS, and JavaScript, accesses the API to retrieve model outputs and visualizations, which are then displayed in the browser. A web application removes the need for local installation and encourages real-world adoption.  The talk will primarily highlight technical challenges, architectural decisions, and implementation strategies encountered by statisticians in the pharmaceutical industry. A live demonstration of the current alpha version is also planned.",NA
"rinpharma_556","2025 Conference",NA,"Remarks",NA,"2025",2025-11-05,"10:00:00","10:10:00","Harvey Lieberman","Novartis","Opening Remarks",NA,"https://youtu.be/kYN9IF_oYro",NA,NA
"rinpharma_557","2025 Conference","While most discourse about AI focuses on glamorous, ungrounded applications, data scientists spend most of their days tackling unglamorous problems in sensitive data. Integrated thoughtfully, LLMs are quite useful in practice for all sorts of everyday data science tasks, even when restricted to secure deployments that protect proprietary information. At Posit, our work on ellmer and related R packages has focused on enabling these practical uses. This talk will outline three practical AI use-cases—structured data extraction, tool calling, and coding—and offer guidance on getting started with LLMs when your data and code is confidential.","Keynote",NA,"2025",2025-11-05,"10:10:00","10:50:00","Simon Couch","Posit","Practical AI for data science","https://simonpcouch.github.io/rpharma-25/#/","https://youtu.be/isLtPxWNNIA","While most discourse about AI focuses on glamorous, ungrounded applications, data scientists spend most of their days tackling unglamorous problems in sensitive data. Integrated thoughtfully, LLMs are quite useful in practice for all sorts of everyday data science tasks, even when restricted to secure deployments that protect proprietary information. At Posit, our work on ellmer and related R packages has focused on enabling these practical uses. This talk will outline three practical AI use-cases—structured data extraction, tool calling, and coding—and offer guidance on getting started with LLMs when your data and code is confidential.",NA
"rinpharma_558","2025 Conference",NA,"Schedule only",NA,"2025",2025-11-05,"10:50:00","11:00:00",NA,NA,"Break",NA,NA,NA,"Unfortunately we do not currently have an abstract, copy of the slides or link to the video to this presentation"
"rinpharma_559","2025 Conference","The duckplyr package is now stable; version 1.1.2 is on CRAN. It builds on top of DuckDB, a fast and flexible analytical engine that can work with larger-than-memory data from disk or cloud storage. All these features are available to duckplyr, with syntax and semantics much closer to R and the tidyverse. Use it to speed up existing code, to analyze Parquet or CSV files directly, or to access the plethora of exciting functionality provided by DuckDB.","Talk",NA,"2025",2025-11-05,"11:00:00","11:20:00","Kirill Muller","Cynkra","duckplyr: Analyze large data with DuckDB and dplyr compatibility",NA,"https://youtu.be/0u9iQNJ5aTk","The duckplyr package is now stable; version 1.1.2 is on CRAN. It builds on top of DuckDB, a fast and flexible analytical engine that can work with larger-than-memory data from disk or cloud storage. All these features are available to duckplyr, with syntax and semantics much closer to R and the tidyverse. Use it to speed up existing code, to analyze Parquet or CSV files directly, or to access the plethora of exciting functionality provided by DuckDB.",NA
"rinpharma_560","2025 Conference","Teaching R effectively is just the starting point for lasting adoption in pharma. At GSK, we began by developing two core R courses written in bookdown and delivered interactively, an approach that enabled high completion rates.

Recognizing that training alone isn't enough, we expanded support through options like self-certification, intermediate courses, and a Resource Hub. We also launched AccelerateR to provide tailored support to early adopters during their transition.

Today, those efforts have scaled and evolved into Rburst, a cross-functional initiative designed not just to teach R, but to embed it into our ways of working across all of Biostatistics. 

This talk will explore how our training strategy has matured into a broader support model, enabling wide-scale, integrated adoption of R in everyday work.","Talk",NA,"2025",2025-11-05,"11:20:00","11:30:00","Alanah Jonas","GSK","Beyond Training: Evolving Strategies to Teach and Support R Adoption in Pharma","https://github.com/rinpharma/2025_presentations/blob/main/talks_folder/2025-Jonas-Beyond_Training.pptx","https://youtu.be/eTncuF_Tb00","Teaching R effectively is just the starting point for lasting adoption in pharma. At GSK, we began by developing two core R courses written in bookdown and delivered interactively, an approach that enabled high completion rates.    Recognizing that training alone isn't enough, we expanded support through options like self-certification, intermediate courses, and a Resource Hub. We also launched AccelerateR to provide tailored support to early adopters during their transition.    Today, those efforts have scaled and evolved into Rburst, a cross-functional initiative designed not just to teach R, but to embed it into our ways of working across all of Biostatistics.     This talk will explore how our training strategy has matured into a broader support model, enabling wide-scale, integrated adoption of R in everyday work.",NA
"rinpharma_561","2025 Conference","Shiny apps are increasingly used to deliver interactive tools in clinical and healthcare settings. But when these tools are used in regulated environments, validation becomes essential. How can we ensure that our Shiny apps are trustworthy, without stifling innovation?

In this talk we’ll explore practical approaches to validating Shiny applications in regulated contexts, drawing on principles from software engineering, quality assurance, and risk based validation. We’ll discuss key challenges like traceability, documentation, and versioning, as well as share techniques for building apps that are easier to validate from the start.

I’ll highlight some of the tools and packages used in Jumping Rivers that can support validation workflows that satisfies both internal reviewers and external regulators, including the Litmusverse, a suite of R packages designed to assess code quality and generate validation evidence.

By the end of the session, you’ll understand: - Why validation is critical for Shiny apps in regulated contexts; - What elements make a Shiny app more or less validatable; - How to incorporate validation strategies into your development process.

This session is ideal for R users in pharma, clinical research, and healthcare who want to build confidence in their dashboards, while maintaining flexibility in how they work.","Talk",NA,"2025",2025-11-05,"11:30:00","11:40:00","Pedro Silva","Jumping Rivers","Validating Shiny Apps in Regulated Environments",NA,"https://youtu.be/BNI_FHh17CA","Shiny apps are increasingly used to deliver interactive tools in clinical and healthcare settings. But when these tools are used in regulated environments, validation becomes essential. How can we ensure that our Shiny apps are trustworthy, without stifling innovation?    In this talk we’ll explore practical approaches to validating Shiny applications in regulated contexts, drawing on principles from software engineering, quality assurance, and risk based validation. We’ll discuss key challenges like traceability, documentation, and versioning, as well as share techniques for building apps that are easier to validate from the start.    I’ll highlight some of the tools and packages used in Jumping Rivers that can support validation workflows that satisfies both internal reviewers and external regulators, including the Litmusverse, a suite of R packages designed to assess code quality and generate validation evidence.    By the end of the session, you’ll understand - Why validation is critical for Shiny apps in regulated contexts; - What elements make a Shiny app more or less validatable; - How to incorporate validation strategies into your development process.    This session is ideal for R users in pharma, clinical research, and healthcare who want to build confidence in their dashboards, while maintaining flexibility in how they work.",NA
"rinpharma_562","2025 Conference","{gtsummary} has become the most-used R package for clinical tables in the R ecosystem, winning awards from the American Statistical Association and Posit. Building on this foundation, we created {crane}, an open-source extension that facilitates reporting requirements in the pharmaceutical space. Because {crane} and {gtsummary} are built upon Analysis Results Datasets (ARDs), study teams can take advantage of this foundation that streamlines the QC process and allows for simple re-use of calculated results in subsequent reporting.

In this session we show how: (1) a vanilla {gtsummary} script instantly upgrades when {crane} is loaded; (2) ARD-based outputs make QC a straightforward operation; (3) LLMs can summarise the language-agnostic ARD results for medical writers in seconds. You’ll leave with a blueprint of how to adapt {crane} for your reporting needs or  (or roll your own) and shorten table turnaround on day one.","Talk",NA,"2025",2025-11-05,"11:40:00","12:00:00","Daniel Sjoberg | Davide Garolini","Genentech | Roche","Beyond {gtsummary}: How the {crane} Package Extends the Framework for Pharmaceutical Reporting","https://www.danieldsjoberg.com/RinPharma-crane-2025/","https://youtu.be/i4oBo2K8EJk"," gtsummary  has become the most-used R package for clinical tables in the R ecosystem, winning awards from the American Statistical Association and Posit. Building on this foundation, we created  crane , an open-source extension that facilitates reporting requirements in the pharmaceutical space. Because  crane  and  gtsummary  are built upon Analysis Results Datasets (ARDs), study teams can take advantage of this foundation that streamlines the QC process and allows for simple re-use of calculated results in subsequent reporting.    In this session we show how (1) a vanilla  gtsummary  script instantly upgrades when  crane  is loaded; (2) ARD-based outputs make QC a straightforward operation; (3) LLMs can summarise the language-agnostic ARD results for medical writers in seconds. You’ll leave with a blueprint of how to adapt  crane  for your reporting needs or  (or roll your own) and shorten table turnaround on day one.",NA
"rinpharma_563","2025 Conference",NA,"Schedule only",NA,"2025",2025-11-05,"12:00:00","12:20:00",NA,NA,"Break",NA,NA,NA,"Unfortunately we do not currently have an abstract, copy of the slides or link to the video to this presentation"
"rinpharma_564","2025 Conference","We introduce {llumen}, an R package used at Merck KGaA, Darmstadt, Germany that implements an agentic framework bases on {ellmer} and enables pharmaceutical researchers to work with biomedical documents, large real-world evidence and biomarker databases, as well as with biological foundation models using large language models as orchestrators.

{llumen} currently supports the following functionalities:

**Large language models**

- Runs on standard company laptops (Windows, Linux, or macOS).
- Allows using a wide range of private (Azure), public (OpenAI, Anthropic, Bedrock), and local (llama.cpp) LLMs.
- Provides both programmatic and fully interactive (chatbot) ways to interact with the LLM.
- Supports chain-of-thoughts, tree-of-thoughts, and ReAct reasoning strategies.
- Supports context management to maintain conversation history and state.

**Text analysis**

- Supports embeddings (Azure, public, or local) using a local, high-performance vector DB (based on {ragnar}).
- Implements chunking office documents (Word, Excel, Powerpoint, RTF, PDF) into the vector DB.
- While reading office documents, supports extracting tables with summary data.
- Enables retrieval-augmented generation (RAG) using the vector DB, either explicitly or by using a RAG tool that the LLM calls.
- Emulates the Future House's PaperQA2 approach for summarizing and re-ranking parts of semantically related documents so that answer quality and comprehensiveness is significantly boosted.
- Extracts text from documents to fill structured templates, such as the JSON-based {llumen} Analysis Results Schema (LARS). Extracted JSONs are directly validated by the LLM using an R tool.
- Supports automatic diagram generation from texts, for instance to capture the main concepts of a paper in two or three flow charts.
- Provides advanced text preprocessing and cleaning capabilities for various document types.
- Offers customizable tokenization and text segmentation methods.

**Agentic tool use and codegen**

- Allows the LLM to search the internet via Google and access the textual content of websites in a controlled manner. Also includes specialized query tools for Pubmed, Pubchem, and Wikipedia.
- Enables the LLM agent to query Parquet files, Neo4j knowledge graphs, and GraphQL APIs using SQL, Cypher and GraphQL codegen in a secure context. The database agents are very capable and can answer complex, open-ended scientific questions using these data sources.
- Enables the LLM agent to use local foundation models, such as Google's TxGemma model for pharmaceutical applications, for instance for predicting solubility of small molecules.
- Uses multimodal LLMs to accurately diagnose cancer histopathology images with very comprehensive pathology reports that investigate architectural and cytological Features of H&E slides.
- Makes it easy to give the LLM new R tool capabilities (basically all R functions), share tools via MCP (built-in pure R MCP server), or utilize tools of external MCP server as internal tools (via a MCP tool wrapper).
- Supports dynamic tool creation and registration during runtime.
- Provides a framework for defining custom tools and integrating them seamlessly with the LLM.

We are internally using the package for the following usecases:

**Supported usecase**

1. Extracting results of statistical analyses from office documents: The vignettes show how to configure an agentic LLM to extract chunks oftext from documents and tables, semantically query a vector store (agent-based retrieval-augmented generation, RAG), load JSON definitions, extract JSON-structured data from documents, and validate these definitions against a user-defined JSON template. {llumen} can be utilized to extract results data from a large corpus of clinical trial results files. Templates for both CDISC Analysis Result Standard (ARS) and the {llumen} Analysis Result Schema (LARS) are provided.
2. Querying tabular databases and knowledge graphs: {llumen} excels at SQL codegen, allowing users to query very large Parquet files located on the user's device and perform complex data analyses. It also supports querying Neo4j knowledge graphs and GraphQL APIs, enabling comprehensive data exploration and analysis.
3. Working with biological foundation models: {llumen}'s ability to use local foundation models specialized for particular biological or pharmaceutical applications, such as Google's GemmaTX, enhances agentic LLMs with specialized capabilities for tasks like predicting molecular properties or analyzing biological pathways.
4. Automated literature review and summarization: {llumen} can be used to perform comprehensive literature reviews by searching multiple databases (e.g., PubMed, OpenAlex), extracting relevant information, and generating structured summaries of findings.
5. Histopathology image analysis: The package supports the use of multimodal LLMs for analyzing histopathology images, providing detailed reports on architectural and cytological features of H&E slides, which can aid in cancer diagnosis and research.
6. Drug discovery and development support: By integrating various tools and databases (e.g., PubChem, TxGemma), {llumen} can assist in various stages of drug discovery, from initial compound screening to predicting drug properties and potential interactions.
7. Clinical trial data analysis and reporting: {llumen}'s capabilities in extracting and structuring data from various document types make it well-suited for analyzing and reporting on clinical trial data, potentially accelerating the process of deriving insights from trial results.
8. Biomedical knowledge graph exploration: The package's ability to query knowledge graphs allows researchers to explore complex relationships in biomedical data, potentially uncovering new insights or research directions.
9. Automated scientific writing assistance: {llumen} can be used to assist in scientific writing tasks, such as generating literature summaries, creating structured abstracts, or even drafting sections of scientific papers based on analyzed data and literature.
10. Regulatory document preparation and analysis: The package's capabilities in extracting and structuring information from various document types can be applied to preparing and analyzing regulatory documents in the pharmaceutical industry","Talk",NA,"2025",2025-11-05,"12:20:00","12:40:00","Sven-Eric Schelhorn","Merck KGaA","{llumen}: An agentic LLM framework for biomedical documents, databases & foundation models",NA,"https://youtu.be/hAM26kq-4iI","We introduce  llumen , an R package used at Merck KGaA, Darmstadt, Germany that implements an agentic framework bases on  ellmer  and enables pharmaceutical researchers to work with biomedical documents, large real-world evidence and biomarker databases, as well as with biological foundation models using large language models as orchestrators.   llumen  currently supports the following functionalities  **Large language models**  - Runs on standard company laptops (Windows, Linux, or macOS). - Allows using a wide range of private (Azure), public (OpenAI, Anthropic, Bedrock), and local (llama.cpp) LLMs. - Provides both programmatic and fully interactive (chatbot) ways to interact with the LLM. - Supports chain-of-thoughts, tree-of-thoughts, and ReAct reasoning strategies. - Supports context management to maintain conversation history and state.  **Text analysis**  - Supports embeddings (Azure, public, or local) using a local, high-performance vector DB (based on  ragnar ). - Implements chunking office documents (Word, Excel, Powerpoint, RTF, PDF) into the vector DB. - While reading office documents, supports extracting tables with summary data. - Enables retrieval-augmented generation (RAG) using the vector DB, either explicitly or by using a RAG tool that the LLM calls. - Emulates the Future House's PaperQA2 approach for summarizing and re-ranking parts of semantically related documents so that answer quality and comprehensiveness is significantly boosted. - Extracts text from documents to fill structured templates, such as the JSON-based  llumen  Analysis Results Schema (LARS). Extracted JSONs are directly validated by the LLM using an R tool. - Supports automatic diagram generation from texts, for instance to capture the main concepts of a paper in two or three flow charts. - Provides advanced text preprocessing and cleaning capabilities for various document types. - Offers customizable tokenization and text segmentation methods.  **Agentic tool use and codegen**  - Allows the LLM to search the internet via Google and access the textual content of websites in a controlled manner. Also includes specialized query tools for Pubmed, Pubchem, and Wikipedia. - Enables the LLM agent to query Parquet files, Neo4j knowledge graphs, and GraphQL APIs using SQL, Cypher and GraphQL codegen in a secure context. The database agents are very capable and can answer complex, open-ended scientific questions using these data sources. - Enables the LLM agent to use local foundation models, such as Google's TxGemma model for pharmaceutical applications, for instance for predicting solubility of small molecules. - Uses multimodal LLMs to accurately diagnose cancer histopathology images with very comprehensive pathology reports that investigate architectural and cytological Features of H&E slides. - Makes it easy to give the LLM new R tool capabilities (basically all R functions), share tools via MCP (built-in pure R MCP server), or utilize tools of external MCP server as internal tools (via a MCP tool wrapper). - Supports dynamic tool creation and registration during runtime. - Provides a framework for defining custom tools and integrating them seamlessly with the LLM.  We are internally using the package for the following usecases  **Supported usecase**  1. Extracting results of statistical analyses from office documents The vignettes show how to configure an agentic LLM to extract chunks oftext from documents and tables, semantically query a vector store (agent-based retrieval-augmented generation, RAG), load JSON definitions, extract JSON-structured data from documents, and validate these definitions against a user-defined JSON template.  llumen  can be utilized to extract results data from a large corpus of clinical trial results files. Templates for both CDISC Analysis Result Standard (ARS) and the  llumen  Analysis Result Schema (LARS) are provided. 2. Querying tabular databases and knowledge graphs  llumen  excels at SQL codegen, allowing users to query very large Parquet files located on the user's device and perform complex data analyses. It also supports querying Neo4j knowledge graphs and GraphQL APIs, enabling comprehensive data exploration and analysis. 3. Working with biological foundation models  llumen 's ability to use local foundation models specialized for particular biological or pharmaceutical applications, such as Google's GemmaTX, enhances agentic LLMs with specialized capabilities for tasks like predicting molecular properties or analyzing biological pathways. 4. Automated literature review and summarization  llumen  can be used to perform comprehensive literature reviews by searching multiple databases (e.g., PubMed, OpenAlex), extracting relevant information, and generating structured summaries of findings. 5. Histopathology image analysis The package supports the use of multimodal LLMs for analyzing histopathology images, providing detailed reports on architectural and cytological features of H&E slides, which can aid in cancer diagnosis and research. 6. Drug discovery and development support By integrating various tools and databases (e.g., PubChem, TxGemma),  llumen  can assist in various stages of drug discovery, from initial compound screening to predicting drug properties and potential interactions. 7. Clinical trial data analysis and reporting  llumen 's capabilities in extracting and structuring data from various document types make it well-suited for analyzing and reporting on clinical trial data, potentially accelerating the process of deriving insights from trial results. 8. Biomedical knowledge graph exploration The package's ability to query knowledge graphs allows researchers to explore complex relationships in biomedical data, potentially uncovering new insights or research directions. 9. Automated scientific writing assistance  llumen  can be used to assist in scientific writing tasks, such as generating literature summaries, creating structured abstracts, or even drafting sections of scientific papers based on analyzed data and literature. 10. Regulatory document preparation and analysis The package's capabilities in extracting and structuring information from various document types can be applied to preparing and analyzing regulatory documents in the pharmaceutical industry",NA
"rinpharma_565","2025 Conference","The mcpr package provides a comprehensive R implementation of the Model Context Protocol (MCP), a standardized JSON-RPC 2.0 interface that enables R applications to expose computational capabilities to AI models. This package bridges the gap between R's statistical computing environment and modern AI assistants by allowing R developers to create MCP servers that expose tools, resources, and prompts as well as client functionality to interact with existing MCP servers.
Key features include schema-based tool definitions, multi-modal response support, and seamless integration with popular AI development environments including Claude Code, Cursor, and VS Code. This implementation democratizes AI-R integration by providing a standards-based approach to exposing R's extensive ecosystem to conversational AI interfaces, opening new possibilities for interactive data analysis and statistical computing workflows.","Talk",NA,"2025",2025-11-05,"12:40:00","13:00:00","John Coene","Opifex","Build Model Context Protocol servers and clients in R",NA,"https://youtu.be/hnYA25cGk2w","The mcpr package provides a comprehensive R implementation of the Model Context Protocol (MCP), a standardized JSON-RPC 2.0 interface that enables R applications to expose computational capabilities to AI models. This package bridges the gap between R's statistical computing environment and modern AI assistants by allowing R developers to create MCP servers that expose tools, resources, and prompts as well as client functionality to interact with existing MCP servers.  Key features include schema-based tool definitions, multi-modal response support, and seamless integration with popular AI development environments including Claude Code, Cursor, and VS Code. This implementation democratizes AI-R integration by providing a standards-based approach to exposing R's extensive ecosystem to conversational AI interfaces, opening new possibilities for interactive data analysis and statistical computing workflows.",NA
"rinpharma_566","2025 Conference",NA,"Schedule only",NA,"2025",2025-11-05,"13:00:00","13:10:00",NA,NA,"Break",NA,NA,NA,"Unfortunately we do not currently have an abstract, copy of the slides or link to the video to this presentation"
"rinpharma_567","2025 Conference","CDISC standards help streamline datasets (e.g. SDTM and ADaM), yet analysis results lack a common model. The emerging Analysis Results Standard (ARS) will help to fill this gap with machine-readable specifications. Mosaic couples ARS with an open-source stack to generate fully validated standard TFLs, fast and reproducibly.
How it works
Mosaic captures the Analysis Results Dataset (ARD) requirement in ARS-aligned YAML; updates and changes are made by editing this metadata, not code. After LinkML validation, a Python layer stores the YAML in a database via a SQL Alchemy ORM engine. The results-generation layer is intentionally language-agnostic . The rules that transform ADaM datasets into the ARD are expressed as metadata that can be rendered in any statistical language. Mosaic’s implementation uses R to derive the ARD.
A React UI reads the validated ARD. Here, users have controlled customisation options. Users can preview each TFL shell in real time and export regulator-ready RTF files suitable for submission packages. 
Mosaic replaces ad-hoc programming with a transparent, standards-based pipeline, accelerating TFL delivery while safeguarding traceability and regulatory compliance. This reallocates programmer effort from repetitive coding to high-value scientific review","Talk",NA,"2025",2025-11-05,"13:10:00","13:30:00","Conor Moloney","Novartis","Mosaic: Open-Source, ARS-Driven Automation of Standard TFLs",NA,"https://youtu.be/pox97OS4gWA","CDISC standards help streamline datasets (e.g. SDTM and ADaM), yet analysis results lack a common model. The emerging Analysis Results Standard (ARS) will help to fill this gap with machine-readable specifications. Mosaic couples ARS with an open-source stack to generate fully validated standard TFLs, fast and reproducibly.  How it works  Mosaic captures the Analysis Results Dataset (ARD) requirement in ARS-aligned YAML; updates and changes are made by editing this metadata, not code. After LinkML validation, a Python layer stores the YAML in a database via a SQL Alchemy ORM engine. The results-generation layer is intentionally language-agnostic . The rules that transform ADaM datasets into the ARD are expressed as metadata that can be rendered in any statistical language. Mosaic’s implementation uses R to derive the ARD.  A React UI reads the validated ARD. Here, users have controlled customisation options. Users can preview each TFL shell in real time and export regulator-ready RTF files suitable for submission packages.   Mosaic replaces ad-hoc programming with a transparent, standards-based pipeline, accelerating TFL delivery while safeguarding traceability and regulatory compliance. This reallocates programmer effort from repetitive coding to high-value scientific review",NA
"rinpharma_568","2025 Conference","Integrating Collaborative Programming with Automated Traceability and Reproducibility in Pharma Studies and Real-World Data Projects by Adapting DevOps Best-Practices 

To enhance integrity of research and study findings, data scientists should ensure that studies are traceable and reproducible, which involves meticulous management of datasets, tracking code changes, and robust storage of results.
Without infrastructure to support reproducibility efforts, documentation, dependency management, and version control processes can be manual, unreliable, and unclear. This creates problems with determining when analysis changes occurred, which version of study results were produced by which version of code, and whether all study steps are processed in proper order and appropriately
documented.
Implementing procedures and technical infrastructure helps to maintain and automate reproducibility and traceability. To ensure that code can be executed consistently across multiple compute environments, we structure analysis scripts into parameterized pipelines within an isolated Docker container environment which specifies all versions and dependencies. We integrate Continuous Integration (CI) and Continuous Delivery (CD) into analysis pipelines to enable automatic rerunning of analyses following code modifications and storage of results in the cloud. Our process integrates and improves collaborative programming by providing code reviewers with the validated outputs that are produced by the code. By design, study close-out and compliance activities are incorporated within our infrastructure. 
In this paper we will discuss how we implemented and adapted DevOps best-practices like CI/CD in a collaborative coding environment to work for epidemiological studies and real-world data projects. Although the concepts discussed are applicable to many tools, our implementation uses Git, GitHub Actions, SQL, Python, R, Docker, and AWS S3. This content is applicable for all skill levels.","Talk",NA,"2025",2025-11-05,"13:30:00","13:40:00","Jennifer Dusendang | Sundeep Bath","Graticule | Graticule","Integrating Collaborative Programming with Automated Traceability and Reproducibility in Pharma",NA,"https://youtu.be/ZpMOxiN-GD0","Integrating Collaborative Programming with Automated Traceability and Reproducibility in Pharma Studies and Real-World Data Projects by Adapting DevOps Best-Practices   To enhance integrity of research and study findings, data scientists should ensure that studies are traceable and reproducible, which involves meticulous management of datasets, tracking code changes, and robust storage of results. Without infrastructure to support reproducibility efforts, documentation, dependency management, and version control processes can be manual, unreliable, and unclear. This creates problems with determining when analysis changes occurred, which version of study results were produced by which version of code, and whether all study steps are processed in proper order and appropriately documented. Implementing procedures and technical infrastructure helps to maintain and automate reproducibility and traceability. To ensure that code can be executed consistently across multiple compute environments, we structure analysis scripts into parameterized pipelines within an isolated Docker container environment which specifies all versions and dependencies. We integrate Continuous Integration (CI) and Continuous Delivery (CD) into analysis pipelines to enable automatic rerunning of analyses following code modifications and storage of results in the cloud. Our process integrates and improves collaborative programming by providing code reviewers with the validated outputs that are produced by the code. By design, study close-out and compliance activities are incorporated within our infrastructure.  In this paper we will discuss how we implemented and adapted DevOps best-practices like CI/CD in a collaborative coding environment to work for epidemiological studies and real-world data projects. Although the concepts discussed are applicable to many tools, our implementation uses Git, GitHub Actions, SQL, Python, R, Docker, and AWS S3. This content is applicable for all skill levels.",NA
"rinpharma_569","2025 Conference","There have been numerous proposals for deep neural networks for tabular data, such as rectangular data sets (e.g., data frames). To date, none have really worked well and take far too long to train. TabPFN is a model that emulates a Bayesian approach and trains a deep learning model on a prior of simulated tabular datasets.  Version 2 was released this year and offers several significant advantages, but also has one notable disadvantage. I'll introduce this model and show an example.","Talk",NA,"2025",2025-11-05,"13:40:00","14:00:00","Max Kuhn","Posit","TabPFN: A Deep-Learning Solution for Tabular Data",NA,"https://youtu.be/vJVB5N8-21c","There have been numerous proposals for deep neural networks for tabular data, such as rectangular data sets (e.g., data frames). To date, none have really worked well and take far too long to train. TabPFN is a model that emulates a Bayesian approach and trains a deep learning model on a prior of simulated tabular datasets.  Version 2 was released this year and offers several significant advantages, but also has one notable disadvantage. I'll introduce this model and show an example.",NA
"rinpharma_570","2025 Conference","The number of workflows and tools leveraging large-language-models (LLMs) is growing exponentially across the world, and the life sciences industry is no exception. In this session, Eric Nantz takes the role of the curious and savvy data scientist as he is joined by Posit CTO Joe Cheng in a special live demonstration on using Databot to power an exploratory data science analysis. Throughout the demonstration, Joe will share the fascinating origin story of how Databot came to be, along with a deeper conversation on the recent trends and guiding principles of harnessing AI tools for data analyses and software engineering. This interactive, spontaneous format will allow the audience to submit questions and steer the direction of the session, making it a truly engaging, shared experience.","Panel",NA,"2025",2025-11-05,"14:00:00","14:50:00","Joe Cheng","Posit","The LLM Lounge: Live-coding and conversation on using AI for data science",NA,NA,"The number of workflows and tools leveraging large-language-models (LLMs) is growing exponentially across the world, and the life sciences industry is no exception. In this session, Eric Nantz takes the role of the curious and savvy data scientist as he is joined by Posit CTO Joe Cheng in a special live demonstration on using Databot to power an exploratory data science analysis. Throughout the demonstration, Joe will share the fascinating origin story of how Databot came to be, along with a deeper conversation on the recent trends and guiding principles of harnessing AI tools for data analyses and software engineering. This interactive, spontaneous format will allow the audience to submit questions and steer the direction of the session, making it a truly engaging, shared experience.",NA
"rinpharma_571","2025 Conference","Open-source R tooling has made table generation easy, yet interpreting the code and guaranteeing bullet-proof QC can still delay submissions. We present a workflow that fuses {gtsummary} for rapid table building with cards for ""automatic"" validation, topped by a fully offline, model-agnostic LLM helper. Starting on synthetic CDISC-like data, we create a standard summary table, validate it with {cards}, and ask the LLM-helper to explain each step and result and propose, if necessary, next steps—all without revealing trial data. A descriptive log is generated on the fly, combining code, QC results, and LLM explanations in one auditor-friendly document. When real data arrive, the same script reruns unchanged, delivering submission-ready tables in minutes while boosting clarity and compliance.","On-Demand",NA,"2025",2025-11-05,"15:10:00","15:30:00","Davide Garolini","Roche","LLM-Powered {gtsummary}: QC-Ready Clinical Tables in Minutes",NA,"https://youtu.be/lZurok7l6f0","Open-source R tooling has made table generation easy, yet interpreting the code and guaranteeing bullet-proof QC can still delay submissions. We present a workflow that fuses  gtsummary  for rapid table building with cards for ""automatic"" validation, topped by a fully offline, model-agnostic LLM helper. Starting on synthetic CDISC-like data, we create a standard summary table, validate it with  cards , and ask the LLM-helper to explain each step and result and propose, if necessary, next steps—all without revealing trial data. A descriptive log is generated on the fly, combining code, QC results, and LLM explanations in one auditor-friendly document. When real data arrive, the same script reruns unchanged, delivering submission-ready tables in minutes while boosting clarity and compliance.",NA
"rinpharma_572","2025 Conference","Background
Regulatory authorities require product post-marketing exposure estimates in aggregate safety reports for purposes of signal detection. The calculation of exposure estimates requires multiple data sources between sales data and aggregated de-identified patient data. Traditionally, the calculations were manually handled due to limited countries, products, and indications. With the growth of both markets and products, manual calculations are inefficient to handle the increasing volume of data and regional requests. An approach to automating the entire process has become essential.

Method
R Shiny App is a web application framework that allows us to create interactive web applications for data analysis, data visualization, and interactive reports, making it easier to share data insights with others. We converted monthly patient and sales report into an app-readable format and applied an exposure estimate algorithm to perform calculations by region, product, and indication.

Results
The time to generate a standard report of post-marketing exposure data for regulatory purposes has been reduced from a week to one day. The QC function of application helps check inconsistent numbers from month to month in sales and patient data. In addition to the exposure report, the visualization provided by the application shows trends in sales, patient utilization of products, and exposure by year and geographic regions. The sharing ability of the application enables other team members to generate customized report directly without any prerequisite training.

Conclusion
The application significantly improves the efficiency of delivering post-marketing exposure data and reduces time and resources needed for data management and QC. Accessibility to the application helps disseminate the information to a broader range of teams and functions.","On-Demand",NA,"2025",2025-11-05,"15:30:00","15:40:00","Feifei Yang | Yu Zhang","AstraZeneca | AstraZeneca","Post-Approval Drug Exposure Estimation Using an R Shiny App",NA,"https://youtu.be/s9jYhARGjoA","Background Regulatory authorities require product post-marketing exposure estimates in aggregate safety reports for purposes of signal detection. The calculation of exposure estimates requires multiple data sources between sales data and aggregated de-identified patient data. Traditionally, the calculations were manually handled due to limited countries, products, and indications. With the growth of both markets and products, manual calculations are inefficient to handle the increasing volume of data and regional requests. An approach to automating the entire process has become essential.  Method R Shiny App is a web application framework that allows us to create interactive web applications for data analysis, data visualization, and interactive reports, making it easier to share data insights with others. We converted monthly patient and sales report into an app-readable format and applied an exposure estimate algorithm to perform calculations by region, product, and indication.  Results The time to generate a standard report of post-marketing exposure data for regulatory purposes has been reduced from a week to one day. The QC function of application helps check inconsistent numbers from month to month in sales and patient data. In addition to the exposure report, the visualization provided by the application shows trends in sales, patient utilization of products, and exposure by year and geographic regions. The sharing ability of the application enables other team members to generate customized report directly without any prerequisite training.  Conclusion The application significantly improves the efficiency of delivering post-marketing exposure data and reduces time and resources needed for data management and QC. Accessibility to the application helps disseminate the information to a broader range of teams and functions.",NA
"rinpharma_573","2025 Conference","Pharmacokinetic studies are essential yet demanding, typically relying on expensive proprietary software for Non-Compartmental Analysis (NCA). aNCA is an alternative developed collaboratively by Roche, Lucid Analytics, Appsilon, and Human Predictions. It is being developed within Pharmaverse, aiming to become a worldwide standard by utilizing open source development to make the process more efficient, economical, and transparent. The app performs an end-to-end approach, using interactive plots for data exploration, half life customization, TLGs, and report generation.
aNCA is planned to be released on CRAN soon. It currently reaches 100% of testing coverage on its functions and has successfully passed internal package validations.
aNCA uses PKNCA, a widely used package that calculates over 200 PK parameters, has been tested against other industry-standard NCA software, showing differences within +/-0.1% for most tested parameters.

We aim to present aNCA, highlight its innovative software concepts, discuss how we tackled key challenges, and showcase how open source and Shiny achieve industry-standard PK software. However, we welcome suggestions on focus areas for the R/Pharma audience.","On-Demand",NA,"2025",2025-11-05,"15:40:00","15:50:00","Gerardo Jose Rodriguez | Jana Spinner","Lucid Analytics | Lucid Analytics","Implementing an end-to-end NCA software using Shiny",NA,"https://youtu.be/RW1zbnDkTCM","Pharmacokinetic studies are essential yet demanding, typically relying on expensive proprietary software for Non-Compartmental Analysis (NCA). aNCA is an alternative developed collaboratively by Roche, Lucid Analytics, Appsilon, and Human Predictions. It is being developed within Pharmaverse, aiming to become a worldwide standard by utilizing open source development to make the process more efficient, economical, and transparent. The app performs an end-to-end approach, using interactive plots for data exploration, half life customization, TLGs, and report generation. aNCA is planned to be released on CRAN soon. It currently reaches 100% of testing coverage on its functions and has successfully passed internal package validations. aNCA uses PKNCA, a widely used package that calculates over 200 PK parameters, has been tested against other industry-standard NCA software, showing differences within +/-0.1% for most tested parameters.  We aim to present aNCA, highlight its innovative software concepts, discuss how we tackled key challenges, and showcase how open source and Shiny achieve industry-standard PK software. However, we welcome suggestions on focus areas for the R/Pharma audience.",NA
"rinpharma_574","2025 Conference","The pharmaceutical industry is shifting from traditional SAS-based workflows toward the open-source R ecosystem. R Shiny applications have become a popular solution for visualizing tables, figures, and listings. However, these applications often require a strong understanding of data structures and familiarity with interface components such as dropdowns, which may not be intuitive for clinical reviewers. Recent advancements in artificial intelligence (AI), particularly large language models (LLMs), have opened new possibilities for how users interact with clinical data. In this session, we present an innovative R Shiny application, {DataChat}, that enables users to ""chat with data"" through a conversational interface. Powered by the {ellmer}, {shinychat}, and {ragnar} packages, along with internal statistical tools and utilities, the app integrates retrieval-augmented generation (RAG) capabilities tailored to the pharmaceutical domain. The solution emphasizes user-friendliness, enabling non-programmers and clinicians to explore datasets and derive insights while maintaining compliance with data privacy requirements and addressing concerns around statistical validity. This approach exemplifies the potential of AI-augmented tools to enhance clinical data review and exploration in a practical and accessible way.","On-Demand",NA,"2025",2025-11-05,"15:50:00","16:15:00","Zhen Wu | Peng Zhang","CIMS Global | CIMS Global","Integrating LLM using R Shiny for Clinical Data Review by Ensuring Data Privacy and Validity",NA,"https://youtu.be/5waEnfzX1rc","The pharmaceutical industry is shifting from traditional SAS-based workflows toward the open-source R ecosystem. R Shiny applications have become a popular solution for visualizing tables, figures, and listings. However, these applications often require a strong understanding of data structures and familiarity with interface components such as dropdowns, which may not be intuitive for clinical reviewers. Recent advancements in artificial intelligence (AI), particularly large language models (LLMs), have opened new possibilities for how users interact with clinical data. In this session, we present an innovative R Shiny application,  DataChat , that enables users to ""chat with data"" through a conversational interface. Powered by the  ellmer ,  shinychat , and  ragnar  packages, along with internal statistical tools and utilities, the app integrates retrieval-augmented generation (RAG) capabilities tailored to the pharmaceutical domain. The solution emphasizes user-friendliness, enabling non-programmers and clinicians to explore datasets and derive insights while maintaining compliance with data privacy requirements and addressing concerns around statistical validity. This approach exemplifies the potential of AI-augmented tools to enhance clinical data review and exploration in a practical and accessible way.",NA
"rinpharma_575","2025 Conference","If you are attending R/Pharma 2025, you probably enjoy actively contributing to open source R packages for the pharma industry. Fixing bugs, implementing new features and expanding the use-case is work that feels motivating and meaningful. However, what happens if/when your package reaches a point of stability and maturity, where the main use-case is answered and feature completeness is in sight? How can you sustain your development team's momentum without chasing perfection, in a time where the active workload is naturally diminished? What should your new priorities be?

While there is no definitive answer to any of these questions, this talk will discuss the evolution of packages like {admiral} as they transition from active development to mature maintenance, drawing insights from the {admiral} team's experiences in navigating this complex shift.","On-Demand",NA,"2025",2025-11-05,"16:15:00","16:35:00","Edoardo Mancini","Roche","R we there yet? {admiral}’s journey transitioning from active development to stability",NA,"https://youtu.be/4mFZFG1Ik4Q","If you are attending R/Pharma 2025, you probably enjoy actively contributing to open source R packages for the pharma industry. Fixing bugs, implementing new features and expanding the use-case is work that feels motivating and meaningful. However, what happens if/when your package reaches a point of stability and maturity, where the main use-case is answered and feature completeness is in sight? How can you sustain your development team's momentum without chasing perfection, in a time where the active workload is naturally diminished? What should your new priorities be?  While there is no definitive answer to any of these questions, this talk will discuss the evolution of packages like  admiral  as they transition from active development to mature maintenance, drawing insights from the  admiral  team's experiences in navigating this complex shift.",NA
"rinpharma_576","2025 Conference","While most discourse about AI focuses on glamorous, ungrounded applications, data scientists spend most of their days tackling unglamorous problems in sensitive data. Integrated thoughtfully, LLMs are quite useful in practice for all sorts of everyday data science tasks, even when restricted to secure deployments that protect proprietary information. At Posit, our work on ellmer and related R packages has focused on enabling these practical uses. This talk will outline three practical AI use-cases—structured data extraction, tool calling, and coding—and offer guidance on getting started with LLMs when your data and code is confidential.","Keynote","Y","2025",2025-11-05,"21:10:00","21:50:00","Simon Couch","Posit","Simon Couchs Keynote (APAC Replay)","https://simonpcouch.github.io/rpharma-25/#/","https://youtu.be/isLtPxWNNIA","While most discourse about AI focuses on glamorous, ungrounded applications, data scientists spend most of their days tackling unglamorous problems in sensitive data. Integrated thoughtfully, LLMs are quite useful in practice for all sorts of everyday data science tasks, even when restricted to secure deployments that protect proprietary information. At Posit, our work on ellmer and related R packages has focused on enabling these practical uses. This talk will outline three practical AI use-cases—structured data extraction, tool calling, and coding—and offer guidance on getting started with LLMs when your data and code is confidential.",NA
"rinpharma_577","2025 Conference",NA,"Schedule only","Y","2025",2025-11-05,"21:50:00","22:10:00",NA,NA,"Break",NA,NA,NA,"Unfortunately we do not currently have an abstract, copy of the slides or link to the video to this presentation"
"rinpharma_578","2025 Conference","Dive into the exciting world of classification with R and the elegant tidymodels framework! This hands-on workshop provides a comprehensive introduction to building, evaluating, and refining machine learning models that predict categorical outcomes. You'll learn to preprocess your data effectively using recipes, split datasets for robust model training and testing with rsample, define and fit various classification algorithms using parsnip, and assess model performance using a suite of metrics from yardstick. Through practical exercises, including a wine classification challenge, you'll gain the skills to tackle real-world predictive problems and make data-driven decisions using the consistent and intuitive tidymodels ecosystem.","Workshop","Y","2025",2025-11-05,"22:10:00","23:50:00","Harshavardhan Bajoria","Unstop","R-Classification: Unleashing Predictive Power with tidymodels",NA,NA,"Dive into the exciting world of classification with R and the elegant tidymodels framework! This hands-on workshop provides a comprehensive introduction to building, evaluating, and refining machine learning models that predict categorical outcomes. You'll learn to preprocess your data effectively using recipes, split datasets for robust model training and testing with rsample, define and fit various classification algorithms using parsnip, and assess model performance using a suite of metrics from yardstick. Through practical exercises, including a wine classification challenge, you'll gain the skills to tackle real-world predictive problems and make data-driven decisions using the consistent and intuitive tidymodels ecosystem.",NA
"rinpharma_579","2025 Conference","Join A2-AI engineers, Aathira Anil Kumar, Devin, and Xu Fei, for a practical, 2-hour workshop demonstrating how to integrate Generative AI (GenAI) into pharmaceutical workflows. This session focuses on bridging the R and Python ecosystems to deliver scalable, GxP-compliant solutions.
You will learn methodology for developing LLM-enabled applications - from interactive chatbots for clinical study reporting and SOP management, to more complex MCP server implementations for reproducible analytics. Drawing on their extensive experience with life-science organizations and tools like AWS Bedrock, the instructors will showcase how to navigate real-world IT constraints while making GenAI accessible and practical for scientific computing teams. This workshop is essential for analysts, developers, and project leaders aiming to stand up GxP-compliant statistical computing environments with integrated AI capabilities.","Workshop",NA,"2025",2025-11-06,"07:45:00","09:45:00","Devin Pastoor | Xu Fei | Aathira Anil Kumar","A2-AI | A2-AI | A2-AI","A Guided Tour to Building and Integrating LLM Based Tooling with R",NA,NA,"Join A2-AI engineers, Aathira Anil Kumar, Devin, and Xu Fei, for a practical, 2-hour workshop demonstrating how to integrate Generative AI (GenAI) into pharmaceutical workflows. This session focuses on bridging the R and Python ecosystems to deliver scalable, GxP-compliant solutions. You will learn methodology for developing LLM-enabled applications - from interactive chatbots for clinical study reporting and SOP management, to more complex MCP server implementations for reproducible analytics. Drawing on their extensive experience with life-science organizations and tools like AWS Bedrock, the instructors will showcase how to navigate real-world IT constraints while making GenAI accessible and practical for scientific computing teams. This workshop is essential for analysts, developers, and project leaders aiming to stand up GxP-compliant statistical computing environments with integrated AI capabilities.",NA
"rinpharma_580","2025 Conference",NA,"Remarks",NA,"2025",2025-11-06,"10:00:00","10:10:00","Nicola Rennie","Office for National Statistics","Opening Remarks",NA,"https://youtu.be/5ce_x4gUmks",NA,NA
"rinpharma_581","2025 Conference","GSK’s Journey to Clinical Study Reporting Using Open Source chronicles the transformation of clinical reporting at GSK, the presentation marks pivotal moments in the pharmaceutical industry’s evolution—from the proprietary, SAS-dominated era of the 1980s and 90s, through the pain of rising R&D costs and global health crises, to the emergence of collaborative models and open-source innovation.

The story highlights how industry challenges catalyzed a shift toward openness and collaboration. Key milestones include the FDA’s clarification on software neutrality, the rise of R and open-source platforms, and GSK’s commitment to writing at least 50% of code in open-source languages. The COVID-19 pandemic accelerated this transformation, driving rapid adoption of data science platforms and collaborative tools.

GSK’s multi-wave approach to change is shared and candidly addresses ongoing challenges: technical validation, regulatory uncertainty, cultural resistance, and the need for robust governance and training.

Ultimately, the journey demonstrates that embracing open-source technologies enables greater automation, and innovation in clinical study reporting. Success depends on a growth mindset, adaptability, and a vision for collaborative transformation—qualities that GSK continues to foster as it leads the industry into a new era of transparency and shared progress.","Keynote",NA,"2025",2025-11-06,"10:10:00","10:50:00","Sam Warden | Tim Colman","GSK | GSK","GSK’s journey to Clinical Study Reporting Using Open Source",NA,"https://youtu.be/lnz5MlwWdkY","GSK’s Journey to Clinical Study Reporting Using Open Source chronicles the transformation of clinical reporting at GSK, the presentation marks pivotal moments in the pharmaceutical industry’s evolution—from the proprietary, SAS-dominated era of the 1980s and 90s, through the pain of rising R&D costs and global health crises, to the emergence of collaborative models and open-source innovation.  The story highlights how industry challenges catalyzed a shift toward openness and collaboration. Key milestones include the FDA’s clarification on software neutrality, the rise of R and open-source platforms, and GSK’s commitment to writing at least 50% of code in open-source languages. The COVID-19 pandemic accelerated this transformation, driving rapid adoption of data science platforms and collaborative tools.  GSK’s multi-wave approach to change is shared and candidly addresses ongoing challenges technical validation, regulatory uncertainty, cultural resistance, and the need for robust governance and training.  Ultimately, the journey demonstrates that embracing open-source technologies enables greater automation, and innovation in clinical study reporting. Success depends on a growth mindset, adaptability, and a vision for collaborative transformation—qualities that GSK continues to foster as it leads the industry into a new era of transparency and shared progress.",NA
"rinpharma_582","2025 Conference",NA,"Schedule only",NA,"2025",2025-11-06,"10:50:00","11:00:00",NA,NA,"Break",NA,NA,NA,"Unfortunately we do not currently have an abstract, copy of the slides or link to the video to this presentation"
"rinpharma_583","2025 Conference","Background:
Artificial intelligence is transforming drug development, but its integration into biostatistics and clinical workflows remains limited. Clinical and biometrics teams often face barriers in exploring high-dimensional, multi-view trial datasets, requiring technical expertise to extract insights and generate visualizations.
Methods:
We developed an AI-enhanced R Shiny application that integrates ellmer with ChatGPTs. The app connects to Cellular-Mediated Immunogenicity (CMI) data across multiple mRNA infectious disease programs. Natural language queries are translated into structured R operations, through which users can interactively explore and visualize data, eliminating the need for manual coding.
Results:
The application successfully handled unstructured user queries, generated targeted outputs, and produced customizable visualizations. Pilot deployment across infectious disease programs demonstrated faster extraction of trial insights, reduced dependency on ad-hoc programming
support, and invigorates collaboration between statisticians, clinicians, and translational researchers.
Conclusions:
Embedding AI agents via ellmer within Shiny applications provides a scalable, user-friendly framework for accelerating exploratory analyses in vaccine development. This approach demonstrates how AI-assisted analytics can increase efficiency, strengthen cross-functional decision-making, and support broader adaptation of GenAI into clinical development workflows.","Talk",NA,"2025",2025-11-06,"11:00:00","11:20:00","Xing Chen | Xiaolin Chang","Moderna | Moderna","Leveraging ellmer and GPT to Integrate AI Agents into Shiny Applications for Accelerating Trials",NA,NA,"Background Artificial intelligence is transforming drug development, but its integration into biostatistics and clinical workflows remains limited. Clinical and biometrics teams often face barriers in exploring high-dimensional, multi-view trial datasets, requiring technical expertise to extract insights and generate visualizations. Methods We developed an AI-enhanced R Shiny application that integrates ellmer with ChatGPTs. The app connects to Cellular-Mediated Immunogenicity (CMI) data across multiple mRNA infectious disease programs. Natural language queries are translated into structured R operations, through which users can interactively explore and visualize data, eliminating the need for manual coding. Results The application successfully handled unstructured user queries, generated targeted outputs, and produced customizable visualizations. Pilot deployment across infectious disease programs demonstrated faster extraction of trial insights, reduced dependency on ad-hoc programming support, and invigorates collaboration between statisticians, clinicians, and translational researchers. Conclusions Embedding AI agents via ellmer within Shiny applications provides a scalable, user-friendly framework for accelerating exploratory analyses in vaccine development. This approach demonstrates how AI-assisted analytics can increase efficiency, strengthen cross-functional decision-making, and support broader adaptation of GenAI into clinical development workflows.",NA
"rinpharma_584","2025 Conference","The standard process of developing the slide deck for clinical reporting events includes manually populating numbers from static outputs and a separate QC. The process is time-consuming, resource-intensive, and error-prone. To address these issues, we created “autoslideR”, an R package to automate the slide deck generation for multiple clinical reporting events. autoslideR has successfully supported slide creation for several study endorsement meetings, IMC meetings, as well as dose escalation meetings for early development, saving teams 0.5 to 4 days for the slide deck preparation compared to the time it traditionally takes.

This talk explores the key features and technical advantages of autoslideR, such as supporting customized layout creations from existing templates, as well as adding placeholder slides to accelerate final slide preparation.","Talk",NA,"2025",2025-11-06,"11:20:00","11:30:00","Yolanda Zhou | Joe Zhu","Roche | Roche","autoslideR: Streamlining slide deck generation for clinical reporting events",NA,"https://youtu.be/q9lSV_FEjnQ","The standard process of developing the slide deck for clinical reporting events includes manually populating numbers from static outputs and a separate QC. The process is time-consuming, resource-intensive, and error-prone. To address these issues, we created “autoslideR”, an R package to automate the slide deck generation for multiple clinical reporting events. autoslideR has successfully supported slide creation for several study endorsement meetings, IMC meetings, as well as dose escalation meetings for early development, saving teams 0.5 to 4 days for the slide deck preparation compared to the time it traditionally takes.  This talk explores the key features and technical advantages of autoslideR, such as supporting customized layout creations from existing templates, as well as adding placeholder slides to accelerate final slide preparation.",NA
"rinpharma_585","2025 Conference","The Pfizer Real World Data (RWD) programming team has leveraged R and Posit services to enhance the capabilities of its programmers. We have designed an R package, Shiny apps and even a Quarto website to support all programmers with varying backgrounds, including those with only SAS experience. Our R package is designed to simplify database queries, utilize both R and SAS variable syntax, and standardize deliverables. We have leveraged Posit’s RStudio features such as code snippets to make code templates readily accessible for all users within the IDE. Code guides are also presented as snippets to allow all users to load example data and explore standard RWD programming workflows. Overall, embracing and leveraging the features available to us in R and Posit is enhancing our workflow through integrated resources and documentation.","Talk",NA,"2025",2025-11-06,"11:30:00","11:40:00","Sachin Heerah | Darren Jeng","Pfizer | Pfizer","Putting the R in RWD",NA,"https://youtu.be/ONmBwmZUJbA","The Pfizer Real World Data (RWD) programming team has leveraged R and Posit services to enhance the capabilities of its programmers. We have designed an R package, Shiny apps and even a Quarto website to support all programmers with varying backgrounds, including those with only SAS experience. Our R package is designed to simplify database queries, utilize both R and SAS variable syntax, and standardize deliverables. We have leveraged Posit’s RStudio features such as code snippets to make code templates readily accessible for all users within the IDE. Code guides are also presented as snippets to allow all users to load example data and explore standard RWD programming workflows. Overall, embracing and leveraging the features available to us in R and Posit is enhancing our workflow through integrated resources and documentation.",NA
"rinpharma_586","2025 Conference","This talk will introduce synthetic data as an emerging tool for research and production. We will discuss the differences between synthetic, simulated, and resampled data and cover the current state of the art of synthetic data in healthcare, paying special attention to applications in pharma and diagnostics. We will walk through the basics of synthpop, an R package designed to generate synthetic and anonymous data at the individual level using various machine learning algorithms. Viewers will learn how to create entirely synthetic datasets with minimal statistical distortion their original data, making it suitable for software testing, data sharing, and model training. The talk will end with a demonstration of synthpop's quality evaluation features and major caveats to consider during the generation process.","Talk",NA,"2025",2025-11-06,"11:40:00","12:00:00","Sophie Furlow","Abbott Diagnostics","Generating Synthetic Data with synthpop in R",NA,"https://youtu.be/UocSkLEqwdc","This talk will introduce synthetic data as an emerging tool for research and production. We will discuss the differences between synthetic, simulated, and resampled data and cover the current state of the art of synthetic data in healthcare, paying special attention to applications in pharma and diagnostics. We will walk through the basics of synthpop, an R package designed to generate synthetic and anonymous data at the individual level using various machine learning algorithms. Viewers will learn how to create entirely synthetic datasets with minimal statistical distortion their original data, making it suitable for software testing, data sharing, and model training. The talk will end with a demonstration of synthpop's quality evaluation features and major caveats to consider during the generation process.",NA
"rinpharma_587","2025 Conference",NA,"Schedule only",NA,"2025",2025-11-06,"12:00:00","12:20:00",NA,NA,"Break",NA,NA,NA,"Unfortunately we do not currently have an abstract, copy of the slides or link to the video to this presentation"
"rinpharma_588","2025 Conference","Creation of AI applications has become increasingly commoditized through a rich ecosystem of R and python packages. However, there are significant hurdles to take a prototype application into ""production"" and keep it operating. Traditional testing and validation approaches do not always apply directly and the flexibility from which users can interact with the application can be much larger than a traditional application. This talk will discuss how to successfully (and unsuccessfully) develop, test, release, and maintain Generative AI based applications in GxP contexts.","Talk",NA,"2025",2025-11-06,"12:20:00","12:40:00","Devin Pastoor","A2-AI","GenAI in Production - moving beyond prototypes",NA,"https://youtu.be/9fajJA4rR78","Creation of AI applications has become increasingly commoditized through a rich ecosystem of R and python packages. However, there are significant hurdles to take a prototype application into ""production"" and keep it operating. Traditional testing and validation approaches do not always apply directly and the flexibility from which users can interact with the application can be much larger than a traditional application. This talk will discuss how to successfully (and unsuccessfully) develop, test, release, and maintain Generative AI based applications in GxP contexts.",NA
"rinpharma_589","2025 Conference","Using R for clinical programming can be challenging, particularly with the specialized, often internal, packages used for reporting. To tackle these issues, we built our own AI assistant.

In this talk, I'll share our story of building a multi-agent R co-pilot with the LangGraph framework, including the lessons we learned and a few tricks we picked up. A key decision was giving each R package its own AI agent. This was a game-changer for getting good help on our internal packages where general-purpose LLMs just can't keep up.

I'll discuss our agent network architecture and the practical techniques used to give agents the right context to write, debug, and explain complex R code for clinical trials. I’ll wrap up with a live demo showing how our design solves real-world programming problems, speeding up development and leading to better, more reliable code.","Talk",NA,"2025",2025-11-06,"12:40:00","13:00:00","Pawel Rucki","Roche","Building the Ultimate R AI Assistant",NA,"https://youtu.be/JY10ufb4xF0","Using R for clinical programming can be challenging, particularly with the specialized, often internal, packages used for reporting. To tackle these issues, we built our own AI assistant.  In this talk, I'll share our story of building a multi-agent R co-pilot with the LangGraph framework, including the lessons we learned and a few tricks we picked up. A key decision was giving each R package its own AI agent. This was a game-changer for getting good help on our internal packages where general-purpose LLMs just can't keep up.  I'll discuss our agent network architecture and the practical techniques used to give agents the right context to write, debug, and explain complex R code for clinical trials. I’ll wrap up with a live demo showing how our design solves real-world programming problems, speeding up development and leading to better, more reliable code.",NA
"rinpharma_590","2025 Conference",NA,"Schedule only",NA,"2025",2025-11-06,"13:00:00","13:10:00",NA,NA,"Break",NA,NA,NA,"Unfortunately we do not currently have an abstract, copy of the slides or link to the video to this presentation"
"rinpharma_591","2025 Conference","An ongoing challenge in clinical programming is ensuring that downstream analyses are accurately refreshed following updates to SDTM or ADaM datasets. Traditional tools like AstroGrep can locate references to specific datasets or variables, but they lack the ability to distinguish between active code and commented text. Moreover, identifying indirect dependencies often requires multiple searches and manual effort to document all affected areas, which is time-consuming and increases the risk of missing updates—potentially leading to incorrect outputs being shared with external parties.

This paper introduces an AI-powered tool designed to automatically identify and visualize all datasets and variables impacted by upstream changes. By parsing SDTM, ADaM, and TFL specifications or programs, the tool learns the structure of dependencies across the analysis pipeline. When a user specifies an updated variable and dataset, the tool generates a graphical report highlighting all affected elements. This capability streamlines the refresh process, reduces manual effort, and ensures the accuracy and completeness of deliverables.","Talk",NA,"2025",2025-11-06,"13:10:00","13:20:00","Ming Yan | Vina Ro","Eli Lilly | Eli Lilly","The Dependency Whisperer: AI That Sees What You Might Miss",NA,"https://youtu.be/wCmDt0FLTR8","An ongoing challenge in clinical programming is ensuring that downstream analyses are accurately refreshed following updates to SDTM or ADaM datasets. Traditional tools like AstroGrep can locate references to specific datasets or variables, but they lack the ability to distinguish between active code and commented text. Moreover, identifying indirect dependencies often requires multiple searches and manual effort to document all affected areas, which is time-consuming and increases the risk of missing updates—potentially leading to incorrect outputs being shared with external parties.  This paper introduces an AI-powered tool designed to automatically identify and visualize all datasets and variables impacted by upstream changes. By parsing SDTM, ADaM, and TFL specifications or programs, the tool learns the structure of dependencies across the analysis pipeline. When a user specifies an updated variable and dataset, the tool generates a graphical report highlighting all affected elements. This capability streamlines the refresh process, reduces manual effort, and ensures the accuracy and completeness of deliverables.",NA
"rinpharma_592","2025 Conference","Exposure-response (ER) analysis is a critical component of clinical drug development for decisions such as dose selection. The new R package, BayesERtools (https://genentech.github.io/BayesERtools/), is designed to make Bayesian ER analysis more accessible. It provides a user-friendly interface for common tasks such as model development, simulation, and plotting, streamlining the entire workflow. The package currently supports linear and Emax models for continuous and binary endpoints. To further support users, we have also developed BayesERbook (https://genentech.github.io/BayesERbook/), a comprehensive online book that documents the workflow with typical examples. This open-source project, based on the Stan ecosystem, aims to expand the use of Bayesian methods in pharma, providing a powerful tool for quantitative decision-making in drug development.","Talk",NA,"2025",2025-11-06,"13:20:00","13:30:00","Kenta Yoshida","Genentech","BayesERtools: R package for exposure-response analysis with Bayesian approaches","https://github.com/rinpharma/2025_presentations/blob/main/talks_folder/2025-Yoshida-BayesERtools.pdf","https://youtu.be/5g0Rwyz2NqI","Exposure-response (ER) analysis is a critical component of clinical drug development for decisions such as dose selection. The new R package, BayesERtools (https//genentech.github.io/BayesERtools/), is designed to make Bayesian ER analysis more accessible. It provides a user-friendly interface for common tasks such as model development, simulation, and plotting, streamlining the entire workflow. The package currently supports linear and Emax models for continuous and binary endpoints. To further support users, we have also developed BayesERbook (https//genentech.github.io/BayesERbook/), a comprehensive online book that documents the workflow with typical examples. This open-source project, based on the Stan ecosystem, aims to expand the use of Bayesian methods in pharma, providing a powerful tool for quantitative decision-making in drug development.",NA
"rinpharma_593","2025 Conference",NA,"Panel",NA,"2025",2025-11-06,"13:30:00","14:20:00","Alicia Humphreys | Linshan Yuan | Steven Haesendonckx","Johnson & Johnson | Johnson & Johnson | Johnson & Johnson","Johnson & Johnson Submissions Panel",NA,NA,NA,"Unfortunately we do not currently have an abstract, copy of the slides or link to the video to this presentation"
"rinpharma_594","2025 Conference","FDA guidance released in 2023 advocates for covariate adjustment as a non-controversial means to enhance the efficiency of statistical analyses. This includes specific recommendations featuring recently proposed methods from academic groups, providing an opportunity for sponsors to realize the practical benefits of innovative approaches. However, they also present challenges for trial teams regarding practical implementation. Bridging the gap between academia, regulation and industry adoption is essential.

This talk presents a case study from Novartis, where FDA feedback referencing the new guidance prompted a targeted and strategic response. We will discuss how we responded to this feedback, our preparation for future regulatory expectations, and the role of R in enabling change and impact.

The case study will highlight lightweight R package solutions ({beeca}) and the work of the ASA-BIOP Covariate Adjustment Working Group ({RobinCar2}). We will discuss the importance of software that is suited for integration with trial analysis workflows in regulated environments and the benefits of collaborating within the open-source community.","On-Demand",NA,"2025",2025-11-06,"14:25:00","14:35:00","Alex Przybylski","Novartis","Adapting to Regulatory Guidance: Covariate Adjustment and R-enabled Submissions",NA,"https://youtu.be/84jcEbpkvoA","FDA guidance released in 2023 advocates for covariate adjustment as a non-controversial means to enhance the efficiency of statistical analyses. This includes specific recommendations featuring recently proposed methods from academic groups, providing an opportunity for sponsors to realize the practical benefits of innovative approaches. However, they also present challenges for trial teams regarding practical implementation. Bridging the gap between academia, regulation and industry adoption is essential.  This talk presents a case study from Novartis, where FDA feedback referencing the new guidance prompted a targeted and strategic response. We will discuss how we responded to this feedback, our preparation for future regulatory expectations, and the role of R in enabling change and impact.  The case study will highlight lightweight R package solutions ( beeca ) and the work of the ASA-BIOP Covariate Adjustment Working Group ( RobinCar2 ). We will discuss the importance of software that is suited for integration with trial analysis workflows in regulated environments and the benefits of collaborating within the open-source community.",NA
"rinpharma_595","2025 Conference","While unit tests are a key component of a single R package's quality, we need similar ways to test / validate a library of R packages or potentially Shiny applications. This session will walk through frameworks used for Acceptance-Test Driven Development (ATDD) and Behavior Driven Development (BDD) outside of R - cucumber, JBehave, etc. - how they work and their value-add to system quality. In short, tests are written in Quarto markdown, in a ""given-when-then"" format that is regex-matched against annotated functions that drive the testing and asserting of the system under test. The industry can write tests in plain-language and share those tests and feature code not only amongst themselves but also potentially as part of a validation effort with regulators. Feature code can also make use of packages like {chromote} to drive Shiny applications as well. This is bringing my experience as a contributor to JBehave to R and the pharmaverse.","On-Demand",NA,"2025",2025-11-06,"14:35:00","14:55:00","Brian Repko","retired","R library validation using Acceptance-Test Driven Development",NA,"https://youtu.be/nD58ZPW8e6w","While unit tests are a key component of a single R package's quality, we need similar ways to test / validate a library of R packages or potentially Shiny applications. This session will walk through frameworks used for Acceptance-Test Driven Development (ATDD) and Behavior Driven Development (BDD) outside of R - cucumber, JBehave, etc. - how they work and their value-add to system quality. In short, tests are written in Quarto markdown, in a ""given-when-then"" format that is regex-matched against annotated functions that drive the testing and asserting of the system under test. The industry can write tests in plain-language and share those tests and feature code not only amongst themselves but also potentially as part of a validation effort with regulators. Feature code can also make use of packages like  chromote  to drive Shiny applications as well. This is bringing my experience as a contributor to JBehave to R and the pharmaverse.",NA
"rinpharma_596","2025 Conference","Over the past year, the R Validation Hub has been hard at work to build out a Metric Repository - a pre-built database of metrics to support the software validation process. We'd like to invite you to discuss the industry outlook for this open validation database. How do we standardize our compute environments to make metrics useful? What do we do when a package isn't living up to our standards? What can we do to ensure that you can supplement our database with the validation of in-house packages? We'd love to share our answers and hear your thoughts to help guide our work. Come join us and discuss the future of R package validation.","Workshop",NA,"2025",2025-11-06,"15:00:00","17:00:00","Doug Kelkhoff","R Validation Hub","R Validation Discussion: Metric Repos for Open Quality Assessment",NA,NA,"Over the past year, the R Validation Hub has been hard at work to build out a Metric Repository - a pre-built database of metrics to support the software validation process. We'd like to invite you to discuss the industry outlook for this open validation database. How do we standardize our compute environments to make metrics useful? What do we do when a package isn't living up to our standards? What can we do to ensure that you can supplement our database with the validation of in-house packages? We'd love to share our answers and hear your thoughts to help guide our work. Come join us and discuss the future of R package validation.",NA
"rinpharma_597","2025 Conference","GSK’s Journey to Clinical Study Reporting Using Open Source chronicles the transformation of clinical reporting at GSK, the presentation marks pivotal moments in the pharmaceutical industry’s evolution—from the proprietary, SAS-dominated era of the 1980s and 90s, through the pain of rising R&D costs and global health crises, to the emergence of collaborative models and open-source innovation.

The story highlights how industry challenges catalyzed a shift toward openness and collaboration. Key milestones include the FDA’s clarification on software neutrality, the rise of R and open-source platforms, and GSK’s commitment to writing at least 50% of code in open-source languages. The COVID-19 pandemic accelerated this transformation, driving rapid adoption of data science platforms and collaborative tools.

GSK’s multi-wave approach to change is shared and candidly addresses ongoing challenges: technical validation, regulatory uncertainty, cultural resistance, and the need for robust governance and training.

Ultimately, the journey demonstrates that embracing open-source technologies enables greater automation, and innovation in clinical study reporting. Success depends on a growth mindset, adaptability, and a vision for collaborative transformation—qualities that GSK continues to foster as it leads the industry into a new era of transparency and shared progress.","Keynote","Y","2025",2025-11-06,"21:10:00","21:50:00","Sam Warden | Tim Colman","GSK | GSK","Sam Wardens Keynote (APAC Replay)",NA,"https://youtu.be/lnz5MlwWdkY","GSK’s Journey to Clinical Study Reporting Using Open Source chronicles the transformation of clinical reporting at GSK, the presentation marks pivotal moments in the pharmaceutical industry’s evolution—from the proprietary, SAS-dominated era of the 1980s and 90s, through the pain of rising R&D costs and global health crises, to the emergence of collaborative models and open-source innovation.  The story highlights how industry challenges catalyzed a shift toward openness and collaboration. Key milestones include the FDA’s clarification on software neutrality, the rise of R and open-source platforms, and GSK’s commitment to writing at least 50% of code in open-source languages. The COVID-19 pandemic accelerated this transformation, driving rapid adoption of data science platforms and collaborative tools.  GSK’s multi-wave approach to change is shared and candidly addresses ongoing challenges technical validation, regulatory uncertainty, cultural resistance, and the need for robust governance and training.  Ultimately, the journey demonstrates that embracing open-source technologies enables greater automation, and innovation in clinical study reporting. Success depends on a growth mindset, adaptability, and a vision for collaborative transformation—qualities that GSK continues to foster as it leads the industry into a new era of transparency and shared progress.",NA
"rinpharma_598","2025 Conference","The {sdtm.oak} package is an EDC (Electronic Data Capture) and data standard-agnostic solution designed to empower the pharmaceutical programming community to develop CDISC SDTM datasets using R. By leveraging reusable algorithms, {sdtm. oak} offers a modular programming framework that can potentially automate the creation of SDTM datasets based on standard SDTM specifications. In this workshop, we will cover the fundamentals of the V0.1 {sdtm.oak} package and provide detailed guidance for programmers to begin utilizing it effectively.

Users will be given access to an R environment for the session. Users do not need to install R or other tools/packages prior to the session.","Workshop","Y","2025",2025-11-07,"00:30:00","02:30:00","Rammprasad Ganapathy","Roche","SDTM programming in R using {sdtm.oak} package",NA,NA,"The  sdtm.oak  package is an EDC (Electronic Data Capture) and data standard-agnostic solution designed to empower the pharmaceutical programming community to develop CDISC SDTM datasets using R. By leveraging reusable algorithms,  sdtm. oak  offers a modular programming framework that can potentially automate the creation of SDTM datasets based on standard SDTM specifications. In this workshop, we will cover the fundamentals of the V0.1  sdtm.oak  package and provide detailed guidance for programmers to begin utilizing it effectively.  Users will be given access to an R environment for the session. Users do not need to install R or other tools/packages prior to the session.",NA
"rinpharma_599","2025 Conference","Join us for an engaging workshop designed to introduce Dataset-JSON, a powerful format for sharing datasets. We'll start with an environment setup and explore the motivation behind choosing Dataset-JSON over other formats like Parquet. The session will include a detailed walkthrough of the Dataset-JSON specification, followed by hands-on demonstrations and exercises in both R and Python.
Discover how to implement Dataset-JSON in your workflows, learn about upcoming adoption plans, and explore future roadmap and API integrations. This workshop is perfect for data professionals interested in improving dataset interoperability and sharing standards.","Workshop",NA,"2025",2025-11-07,"08:00:00","11:00:00","Mike Stackhouse | Sam Hume | Nick Masel | Eli Miller","Atorus Research | CDISC | Johnson & Johnson | Atorus Research","datasetjson - Read and write CDISC Dataset JSON formatted datasets in R and Python",NA,NA,"Join us for an engaging workshop designed to introduce Dataset-JSON, a powerful format for sharing datasets. We'll start with an environment setup and explore the motivation behind choosing Dataset-JSON over other formats like Parquet. The session will include a detailed walkthrough of the Dataset-JSON specification, followed by hands-on demonstrations and exercises in both R and Python. Discover how to implement Dataset-JSON in your workflows, learn about upcoming adoption plans, and explore future roadmap and API integrations. This workshop is perfect for data professionals interested in improving dataset interoperability and sharing standards.",NA
"rinpharma_600","2025 Conference","Open-source programming languages are rapidly transforming drug discovery, research, and development, offering powerful capabilities for study design, data analysis, visualization, and clinical reporting. This workshop introduces practical strategies for using Python to prepare tables, listings, and figures (TLFs) in a clinical study report (CSR) and to assemble submission-ready electronic Common Technical Document (eCTD) packages that include both source code and deliverables.
This workshop is designed for clinical programmers, statisticians, and data scientists who are interested in exploring Python as an alternative approach for clinical trial analysis and reporting. Participants will gain hands-on experience with reproducible workflows, clinical data engineering, and end-to-end project management using the modern Python toolchain. By the end of the session, attendees will have a clear roadmap to start a Python project for clinical trial analysis and reporting.
The workshop is based on the open source book Python for Clinical Study Reports and Submission (https://pycsr.org/) and is organized into four modules:
Python environment setup: Use uv to create and manage reproducible Python projects. Develop and collaborate in GitHub Codespaces, Visual Studio Code, or Positron.
Python packages for clinical reporting: A guided tour of essential packages such as polars, plotnine, and rtflite, with demonstrations of creating TLFs commonly used in clinical trials.
Manage a clinical trial A&R project: Practical project structure, conventions, and execution from data to deliverables.
Preparing eCTD submission packages: An example workflow for assembling submission-ready source code and outputs using py-pkglite, aligned with eCTD requirements.","Workshop",NA,"2025",2025-11-07,"10:00:00","12:00:00","Nan Xiao | Yilong Zhang","Merck | Meta","Python for Clinical Study Report and Submission",NA,NA,"Open-source programming languages are rapidly transforming drug discovery, research, and development, offering powerful capabilities for study design, data analysis, visualization, and clinical reporting. This workshop introduces practical strategies for using Python to prepare tables, listings, and figures (TLFs) in a clinical study report (CSR) and to assemble submission-ready electronic Common Technical Document (eCTD) packages that include both source code and deliverables. This workshop is designed for clinical programmers, statisticians, and data scientists who are interested in exploring Python as an alternative approach for clinical trial analysis and reporting. Participants will gain hands-on experience with reproducible workflows, clinical data engineering, and end-to-end project management using the modern Python toolchain. By the end of the session, attendees will have a clear roadmap to start a Python project for clinical trial analysis and reporting. The workshop is based on the open source book Python for Clinical Study Reports and Submission (https//pycsr.org/) and is organized into four modules Python environment setup Use uv to create and manage reproducible Python projects. Develop and collaborate in GitHub Codespaces, Visual Studio Code, or Positron. Python packages for clinical reporting A guided tour of essential packages such as polars, plotnine, and rtflite, with demonstrations of creating TLFs commonly used in clinical trials. Manage a clinical trial A&R project Practical project structure, conventions, and execution from data to deliverables. Preparing eCTD submission packages An example workflow for assembling submission-ready source code and outputs using py-pkglite, aligned with eCTD requirements.",NA
"rinpharma_601","2025 Conference","Bayesian inference and Stan offer many advantages for analyzing time-to-event data, including incorporating prior knowledge into the model, propagating all sources of uncertainty to produce well-calibrated predictions, and integrating arbitrary utility functions for optimal decision-making, such as patients' preferences for different types of risks. The latter point is particularly relevant in multistate models where people may differ in their preferences towards multiple competing events.
In this workshop, we will briefly introduce Bayesian workflow – the typical steps in Bayesian analysis and basic (single-event) survival models in the Bayesian context. We will then proceed to introduce multistate models where we are tracking multiple event types, such as bleeding and stroke in cardiovascular trials, or stable disease, progressive disease, and death in oncology trials. Time permitting, we will demonstrate how to incorporate the patient’s utility function into a decision analysis.","Workshop",NA,"2025",2025-11-07,"12:00:00","14:00:00","Jacqueline Buros-Novik | Juho Timonen","Generable | Generable","Bayesian Survival and Multistate Models using R and Stan",NA,NA,"Bayesian inference and Stan offer many advantages for analyzing time-to-event data, including incorporating prior knowledge into the model, propagating all sources of uncertainty to produce well-calibrated predictions, and integrating arbitrary utility functions for optimal decision-making, such as patients' preferences for different types of risks. The latter point is particularly relevant in multistate models where people may differ in their preferences towards multiple competing events. In this workshop, we will briefly introduce Bayesian workflow – the typical steps in Bayesian analysis and basic (single-event) survival models in the Bayesian context. We will then proceed to introduce multistate models where we are tracking multiple event types, such as bleeding and stroke in cardiovascular trials, or stable disease, progressive disease, and death in oncology trials. Time permitting, we will demonstrate how to incorporate the patient’s utility function into a decision analysis.",NA
"rinpharma_602","2025 Conference","{teal} is an innovative open-source R-Shiny framework that has transformed how clinical trial data is analyzed and visualized in recent years. By streamlining the creation of interactive web applications, it enables R programmers and data scientists to deliver insights faster while promoting efficiency, transparency, and reproducibility in data exploration. This hands-on workshop, built on the latest {teal} 1.0 release, will start from the basics and progressively cover practical topics for building {teal} applications. Together, we will explore key features of {teal} and work through step-by-step exercises designed to build confidence and proficiency in {teal} programming. No prior experience with {teal} or attendance at previous workshops is required - all R users are welcome. Designed to deepen participants’ understanding of the {teal} framework, this session will equip attendees with the skills to leverage the {teal} ecosystem to create scalable, reproducible applications that accelerate insight generation in clinical research.","Workshop",NA,"2025",2025-11-07,"13:00:00","15:00:00","Dony Unardi | Nina Qi","Genentech | Genentech","From Data to Insights: A Hands-On Workshop with {teal} for Clinical Data Exploration",NA,NA," teal  is an innovative open-source R-Shiny framework that has transformed how clinical trial data is analyzed and visualized in recent years. By streamlining the creation of interactive web applications, it enables R programmers and data scientists to deliver insights faster while promoting efficiency, transparency, and reproducibility in data exploration. This hands-on workshop, built on the latest  teal  1.0 release, will start from the basics and progressively cover practical topics for building  teal  applications. Together, we will explore key features of  teal  and work through step-by-step exercises designed to build confidence and proficiency in  teal  programming. No prior experience with  teal  or attendance at previous workshops is required - all R users are welcome. Designed to deepen participants’ understanding of the  teal  framework, this session will equip attendees with the skills to leverage the  teal  ecosystem to create scalable, reproducible applications that accelerate insight generation in clinical research.",NA
"rinpharma_603","genAI Day 2026","How do we build competent data analysis agents? Data analysis requires a willingness to pause, question conclusions, and dig into subtleties. Frontier LLMs, however, are optimized to push tasks toward completion, not to slow down when something seems off. This tendency works well for coding agents, where success is often verifiable. But for data analysis, verification is more complicated, and autonomous work by the agent can be at odds with the spirit of the discipline. Drawing on our experience building data analysis agents, we'll share evaluations that expose where LLM-driven analysis goes wrong and design patterns that keep analyses correct, transparent, and reproducible.","Talk",NA,"2026",2026-06-16,"10:00:00","10:40:00","Sara Altman | Simon Couch","Posit | Posit","Agents for Correct, Transparent, and Reproducible Data Analysis",NA,"https://youtu.be/-LTJb9HkQvs","How do we build competent data analysis agents? Data analysis requires a willingness to pause, question conclusions, and dig into subtleties. Frontier LLMs, however, are optimized to push tasks toward completion, not to slow down when something seems off. This tendency works well for coding agents, where success is often verifiable. But for data analysis, verification is more complicated, and autonomous work by the agent can be at odds with the spirit of the discipline. Drawing on our experience building data analysis agents, we'll share evaluations that expose where LLM-driven analysis goes wrong and design patterns that keep analyses correct, transparent, and reproducible.",NA
"rinpharma_604","genAI Day 2026",NA,"Schedule only",NA,"2026",2026-06-16,"10:40:00","11:00:00",NA,NA,"Break",NA,NA,NA,"Unfortunately we do not currently have an abstract, copy of the slides or link to the video to this presentation"
"rinpharma_605","genAI Day 2026","Large language models (LLMs) can accelerate code generation, making it easier to build proof-of-concept tools and solutions. For example, building R Shiny applications using the Teal framework for clinical data visualisation. However, moving from AI experts building proof-of-concept applications to Statistical Programmers using these tools to build production applications introduces significant challenges. Applications are often highly customised and complex, and their development requires a detailed understanding of specific clinical data, the programming environment, and the company's wider processes. Developers may also be new to AI-assisted coding and the Teal framework. In this presentation, we will discuss these challenges and share how Johnson & Johnson is addressing them to scale adoption of Teal applications and AI-assisted programming, enabling statistical programmers to harness LLMs effectively in their day-to-day work.","Talk",NA,"2026",2026-06-16,"11:00:00","11:20:00","Nikolas Burkoff","Johnson & Johnson","Using LLMs to generate Teal applications: from proof of concept to production",NA,"https://youtu.be/Q8pwUUELlkc","Large language models (LLMs) can accelerate code generation, making it easier to build proof-of-concept tools and solutions. For example, building R Shiny applications using the Teal framework for clinical data visualisation. However, moving from AI experts building proof-of-concept applications to Statistical Programmers using these tools to build production applications introduces significant challenges. Applications are often highly customised and complex, and their development requires a detailed understanding of specific clinical data, the programming environment, and the company's wider processes. Developers may also be new to AI-assisted coding and the Teal framework. In this presentation, we will discuss these challenges and share how Johnson & Johnson is addressing them to scale adoption of Teal applications and AI-assisted programming, enabling statistical programmers to harness LLMs effectively in their day-to-day work.",NA
"rinpharma_606","genAI Day 2026","Throughout this conference, you're going to hear the word ""skill"" a lot. These specifically mean ""agent skills"", specialized tools and behaviors passed to large language models to make them actionable. If you've found yourself wondering, ""What actually is a skill?"""" then join us for Skills 101. We'll break down what they are, what they are not, and how they work, giving you the foundational toolkit to navigate the rest of the conference.","Talk",NA,"2026",2026-06-16,"11:20:00","11:40:00","Isabella Velásquez","Posit","Skils 101",NA,"https://youtu.be/MphOm5LDhi8","Throughout this conference, you're going to hear the word ""skill"" a lot. These specifically mean ""agent skills"", specialized tools and behaviors passed to large language models to make them actionable. If you've found yourself wondering, ""What actually is a skill?"""" then join us for Skills 101. We'll break down what they are, what they are not, and how they work, giving you the foundational toolkit to navigate the rest of the conference.",NA
"rinpharma_607","genAI Day 2026","The R Consortium Submission Working Group has spent the past several years putting modernized components through FDA pilots - R, containers, Shiny, WebAssembly, JSON - demonstrating that open-source tooling can meet regulated-submission standards. Through that work, one limitation kept surfacing: benchmark data. The CDISC SDTM/ADaM Pilot 1 dataset, our de facto test bed for every new technology component, is now nearly two decades old and narrow in scope. When we turned to AI skills for specialized statistical tasks, the gap became acute - there were not enough benchmark test cases for these workflows. Pilot 7 is our response. It has two parts: build modern, varied benchmark clinical trial data for general tooling, and crowdsource benchmark test cases for pharma-skills, an open-source library of AI skills developed jointly with Bay area Biotech-Pharma Statistics Workshop (BBSW). The first skill we open-sourced is Group Sequential Design, built on gsDesign, gsDesign2, graphicalMCP with lrstat Monte Carlo verification and a JSON-driven Word report (https://github.com/RConsortium/pharma-skills). To evaluate the skill, we aim to develop test cases that cover both typical scenarios and edge cases, helping us understand its limits across different AI agents. One week since release, the community has contributed 10+ benchmark test cases. We'd love more — especially the tough ones that stretch the skill. Submitting takes about 15 minutes on GitHub and no coding required: describe a design scenario, state the expected output, write objective rubric criteria. Each case you share helps shape how AI shows up in our field, built by the statisticians who know the work best.","Talk",NA,"2026",2026-06-16,"11:40:00","12:00:00","Eric Zhang | Ning Leng","Eikon Therapeutics | Abbvie","From R, Shiny, and Container to AI Skills: The R Consortium Submissions Working Group Call for Contributors",NA,"https://youtu.be/cMsgD20TW-8","The R Consortium Submission Working Group has spent the past several years putting modernized components through FDA pilots - R, containers, Shiny, WebAssembly, JSON - demonstrating that open-source tooling can meet regulated-submission standards. Through that work, one limitation kept surfacing benchmark data. The CDISC SDTM/ADaM Pilot 1 dataset, our de facto test bed for every new technology component, is now nearly two decades old and narrow in scope. When we turned to AI skills for specialized statistical tasks, the gap became acute - there were not enough benchmark test cases for these workflows. Pilot 7 is our response. It has two parts build modern, varied benchmark clinical trial data for general tooling, and crowdsource benchmark test cases for pharma-skills, an open-source library of AI skills developed jointly with Bay area Biotech-Pharma Statistics Workshop (BBSW). The first skill we open-sourced is Group Sequential Design, built on gsDesign, gsDesign2, graphicalMCP with lrstat Monte Carlo verification and a JSON-driven Word report (https//github.com/RConsortium/pharma-skills). To evaluate the skill, we aim to develop test cases that cover both typical scenarios and edge cases, helping us understand its limits across different AI agents. One week since release, the community has contributed 10+ benchmark test cases. We'd love more — especially the tough ones that stretch the skill. Submitting takes about 15 minutes on GitHub and no coding required describe a design scenario, state the expected output, write objective rubric criteria. Each case you share helps shape how AI shows up in our field, built by the statisticians who know the work best.",NA
"rinpharma_608","genAI Day 2026","Shiny is a proven way to build interactive data applications, but a Shiny app lives behind a URL. As AI assistants become a common place to explore and analyze data, that separation means users leave the conversation to use the app, then carry the results back by hand. In this edition of the R/Pharma Hangout sessions, James Wade (Dow) demonstrates [{shinymcp}](https://jameshwade.github.io/shinymcp/), which converts Shiny apps into MCP-compatible interfaces that render inside chat-based tools. Plots, inputs, and summaries appear inline, respond to user input, and execute code within the conversation ([background post](https://jameshwade.com/posts/2026-02-21_shinymcp.html)). The session also covers two related packages built on ellmer: {dsprrr}, which brings DSPy-style signatures, optimization, and tracing to R so prompts can be improved with data instead of hand-tuning, and {deputy}, an agent runtime for building tool-using AI agents with permissions, hooks, and multi-agent coordination. Together, these tools treat Shiny components as building blocks for agent-connected workflows rather than standalone dashboards.","Talk",NA,"2026",2026-06-16,"12:00:00","13:00:00","James Wade","Dow","R/Pharma Hangout: Shinymcp",NA,"https://youtu.be/M5UUuBWJ6h4","Shiny is a proven way to build interactive data applications, but a Shiny app lives behind a URL. As AI assistants become a common place to explore and analyze data, that separation means users leave the conversation to use the app, then carry the results back by hand. In this edition of the R/Pharma Hangout sessions, James Wade (Dow) demonstrates [ shinymcp ](https//jameshwade.github.io/shinymcp/), which converts Shiny apps into MCP-compatible interfaces that render inside chat-based tools. Plots, inputs, and summaries appear inline, respond to user input, and execute code within the conversation ([background post](https//jameshwade.com/posts/2026-02-21_shinymcp.html)). The session also covers two related packages built on ellmer  dsprrr , which brings DSPy-style signatures, optimization, and tracing to R so prompts can be improved with data instead of hand-tuning, and  deputy , an agent runtime for building tool-using AI agents with permissions, hooks, and multi-agent coordination. Together, these tools treat Shiny components as building blocks for agent-connected workflows rather than standalone dashboards.",NA
"rinpharma_609","genAI Day 2026",NA,"Schedule only",NA,"2026",2026-06-16,"13:00:00","13:20:00",NA,NA,"Break",NA,NA,NA,"Unfortunately we do not currently have an abstract, copy of the slides or link to the video to this presentation"
"rinpharma_610","genAI Day 2026","2026 has been a banner year for AI and has pushed LLM capabilities across a new operational threshold that makes it practical for agents to execute structured workflows through explicit orchestration frameworks such as Claude Code, with task-specific guidance encoded in lightweight markdown artifacts such as skill files. In a biostatistical and clinical data context, this can facilitate tasks such as authoring statistical documentation and programming code, which in turn produce analysis datasets and outputs. In practice, however, building such workflows reliably raises substantial concerns around accuracy, evaluation, domain knowledge, GxP validation, data privacy, and human accountability. This presentation shares practical experience and reflections from building agentic workflows, organized in three parts: early exploration, observations after diving in, and considerations for those preparing to do the same. Examples will be presented to illustrate the ideas.","Talk",NA,"2026",2026-06-16,"13:20:00","13:40:00","Peng Zhang","CIMS Global","Hands Dirty First: Practical Notes from Before, During, and After Building Agentic Workflows",NA,"https://youtu.be/s5JMeqBhrTE","2026 has been a banner year for AI and has pushed LLM capabilities across a new operational threshold that makes it practical for agents to execute structured workflows through explicit orchestration frameworks such as Claude Code, with task-specific guidance encoded in lightweight markdown artifacts such as skill files. In a biostatistical and clinical data context, this can facilitate tasks such as authoring statistical documentation and programming code, which in turn produce analysis datasets and outputs. In practice, however, building such workflows reliably raises substantial concerns around accuracy, evaluation, domain knowledge, GxP validation, data privacy, and human accountability. This presentation shares practical experience and reflections from building agentic workflows, organized in three parts early exploration, observations after diving in, and considerations for those preparing to do the same. Examples will be presented to illustrate the ideas.",NA
"rinpharma_611","genAI Day 2026","As R users in pharma begin integrating LLMs into analytical and reporting workflows, a practical question keeps coming up: how do we check what goes into the model and what comes back, in a way that is transparent, auditable, and fits into how we already work in R? This talk presents {llmshieldr}, an open-source R package I've been developing as an attempt to fill that gap. It adds a transparent, model-agnostic guardrail layer that scans prompts, retrieved context, and model outputs before anything risky leaves or enters your workflow. The rule engine supports regex pattern matching, lightweight NLP intent detection, and optional semantic review using local LLMs, keeping sensitive data off third-party APIs entirely. Controls are mapped to the OWASP Top 10 for LLM Applications (2025), and every scan produces auditable findings with configurable policies and structured logging. I'll walk through the design with real examples, highlighting pharma-relevant scenarios. This is an experimental project, being built for open source. The goal is to share what's working, what's not, and start a conversation about what secure LLM usage in R focussed pharma teams should actually look like.","Talk",NA,"2026",2026-06-16,"13:40:00","14:00:00","Indraneel Chakraborty","Independent Contributor","""Ignore All Previous Instructions"" and Other Things Your LLM Shouldnt Do in Pharma: Applying GenAI Security Guardrails in R",NA,"https://youtu.be/L0S5ozizddM","As R users in pharma begin integrating LLMs into analytical and reporting workflows, a practical question keeps coming up how do we check what goes into the model and what comes back, in a way that is transparent, auditable, and fits into how we already work in R? This talk presents  llmshieldr , an open-source R package I've been developing as an attempt to fill that gap. It adds a transparent, model-agnostic guardrail layer that scans prompts, retrieved context, and model outputs before anything risky leaves or enters your workflow. The rule engine supports regex pattern matching, lightweight NLP intent detection, and optional semantic review using local LLMs, keeping sensitive data off third-party APIs entirely. Controls are mapped to the OWASP Top 10 for LLM Applications (2025), and every scan produces auditable findings with configurable policies and structured logging. I'll walk through the design with real examples, highlighting pharma-relevant scenarios. This is an experimental project, being built for open source. The goal is to share what's working, what's not, and start a conversation about what secure LLM usage in R focussed pharma teams should actually look like.",NA
"rinpharma_612","genAI Day 2026","Generative AI is rapidly moving from novelty to utility in quantitative drug development. In this talk, I will present a live demo of how genAI can be applied to population PK modeling and simulation workflows in R, from data review and model coding to simulation, interpretation, and reporting. The session will highlight practical use cases where genAI can improve speed and consistency while keeping the pharmacometrician firmly in the loop. Attendees will leave with a grounded view of how genAI can be used today to augment pharmacometrics workflows in a reproducible and scientifically credible way.","Talk",NA,"2026",2026-06-16,"14:00:00","14:20:00","Husain Attarwala","Aera Therapeutics","Accelerating Population PK/PD Modeling and Simulation with GenAI",NA,"https://youtu.be/Fn9PhtuXo90","Generative AI is rapidly moving from novelty to utility in quantitative drug development. In this talk, I will present a live demo of how genAI can be applied to population PK modeling and simulation workflows in R, from data review and model coding to simulation, interpretation, and reporting. The session will highlight practical use cases where genAI can improve speed and consistency while keeping the pharmacometrician firmly in the loop. Attendees will leave with a grounded view of how genAI can be used today to augment pharmacometrics workflows in a reproducible and scientifically credible way.",NA
"rinpharma_613","genAI Day 2026",NA,"Schedule only",NA,"2026",2026-06-16,"14:20:00","14:40:00",NA,NA,"Break",NA,NA,NA,"Unfortunately we do not currently have an abstract, copy of the slides or link to the video to this presentation"
"rinpharma_614","genAI Day 2026","Generative AI agents have strong potential in pharma analytics, but reliable deployment requires more than a conversational interface. Agents need access to domain-specific instructions, approved analytical workflows, validated plotting functions, and internal standards for interpretation and reporting. In this talk, we describe how we introduced a lightweight ""Agent Skills"" layer into an Ellmer-based agent. We implemented skill selection using tool/function calling with structured inputs. Each skill follows a common agent skill format with a YAML header and body content, giving the agent awareness of available capabilities while minimizing context usage. At runtime, the agent selects a skill name through structured input, and the corresponding full skill is dynamically loaded to guide analysis or execution. These skills are used to instruct the agent to perform analyses consistent with internal standards, call approved plotting functions, and generate structured outputs aligned with team expectations. We will share implementation details, practical lessons, and design considerations for building modular, governed, and extensible AI agents for pharma analytics using ellmer.","Talk",NA,"2026",2026-06-16,"14:40:00","15:00:00","Weijie Zhang | Xing Chen","Moderna | Moderna","From Chat to Governed Analysis: Skill-Based AI Agents for Clinical Data Analytics",NA,NA,"Generative AI agents have strong potential in pharma analytics, but reliable deployment requires more than a conversational interface. Agents need access to domain-specific instructions, approved analytical workflows, validated plotting functions, and internal standards for interpretation and reporting. In this talk, we describe how we introduced a lightweight ""Agent Skills"" layer into an Ellmer-based agent. We implemented skill selection using tool/function calling with structured inputs. Each skill follows a common agent skill format with a YAML header and body content, giving the agent awareness of available capabilities while minimizing context usage. At runtime, the agent selects a skill name through structured input, and the corresponding full skill is dynamically loaded to guide analysis or execution. These skills are used to instruct the agent to perform analyses consistent with internal standards, call approved plotting functions, and generate structured outputs aligned with team expectations. We will share implementation details, practical lessons, and design considerations for building modular, governed, and extensible AI agents for pharma analytics using ellmer.",NA
"rinpharma_615","genAI Day 2026","Generating and entering test data into electronic data capture (EDC) systems is a critical yet laborious task, essential for validating study designs and numerous downstream systems and programs. We previously leveraged open-source technology to develop a tool to significantly ease the time-intensive effort of manual test data entry and notable efficiency gains have been achieved since its release; however, it falls short in effectively covering the full spectrum of test cases necessary for clinical system set-up and programming. To overcome these challenges, Takeda has sought to build on this innovative software solution to harness the power of generative AI (GenAI) to expand the range of covered testing scenarios. During the development process, strategies and best practices for maximizing GenAI potential in the clinical test data context have been established, along with valuable lessons learned along the way. Exciting potential future directions have been identified to further reduce clinical trial system set-up times.","Talk",NA,"2026",2026-06-16,"15:00:00","15:20:00","Rita Pecuch | Varun Jagadeesh","Takeda | Takeda","Harnessing Generative AI to Improve Test Data Quality and Efficiency in Clinical Trial Set-Up",NA,"https://youtu.be/NPFtY4LGG6I","Generating and entering test data into electronic data capture (EDC) systems is a critical yet laborious task, essential for validating study designs and numerous downstream systems and programs. We previously leveraged open-source technology to develop a tool to significantly ease the time-intensive effort of manual test data entry and notable efficiency gains have been achieved since its release; however, it falls short in effectively covering the full spectrum of test cases necessary for clinical system set-up and programming. To overcome these challenges, Takeda has sought to build on this innovative software solution to harness the power of generative AI (GenAI) to expand the range of covered testing scenarios. During the development process, strategies and best practices for maximizing GenAI potential in the clinical test data context have been established, along with valuable lessons learned along the way. Exciting potential future directions have been identified to further reduce clinical trial system set-up times.",NA
"rinpharma_616","genAI Day 2026","In a previous effort, we developed a hybrid R Shiny application combining deterministic clinical visualizations with LLM-assisted exploration for early-phase oncology data review. This talk presents an alternative delivery mode we're exploring — an interactive, automated Quarto report generated and delivered daily to end users. The workflow, orchestrated through Posit Connect, queries updated study data, produces an abridged set of key outputs, applies LLM-assisted interpretation to static visualizations, and incorporates a lightweight RAG pipeline (via ragnar) to ground AI-generated insights in study context. We'll share the setup and practical lessons from this early-stage effort. The Shiny app remains primary, but this explores a scheduled, push-based complement for users whose needs are better met by a delivered report than an open-ended tool.","Talk",NA,"2026",2026-06-16,"15:20:00","15:40:00","Matthew Kumar","Bayer","Scheduled Clinical Insights: AI-Assisted Quarto Reporting for Oncology Studies",NA,"https://youtu.be/NkLVLsI4LiY","In a previous effort, we developed a hybrid R Shiny application combining deterministic clinical visualizations with LLM-assisted exploration for early-phase oncology data review. This talk presents an alternative delivery mode we're exploring — an interactive, automated Quarto report generated and delivered daily to end users. The workflow, orchestrated through Posit Connect, queries updated study data, produces an abridged set of key outputs, applies LLM-assisted interpretation to static visualizations, and incorporates a lightweight RAG pipeline (via ragnar) to ground AI-generated insights in study context. We'll share the setup and practical lessons from this early-stage effort. The Shiny app remains primary, but this explores a scheduled, push-based complement for users whose needs are better met by a delivered report than an open-ended tool.",NA
"rinpharma_617","genAI Day 2026","AI is everywhere. No doubt that your organization is exploring how to integrate LLMs and GenAI into daily work. Now we have AI Agents and MCPs - the gap continues to widen between simple prompting in an LLM interface to fully automated agentic coding that can handle routine tasks end-to-end. This presentation will explore how one might help close that gap through a use-case scenario that was delivered as a hands-on workshop at the 2026 PHUSE US Connect in Austin, TX. The objective of the workshop was for participants to leave the session with (i) an understanding of the fundamental concepts of how LLMs and AI solutions operate, (ii) a sense of the ease of entry to get started with agentic coding and (iii) an appreciation for the effort required to engineer the initial ""first solution"" into a robust and stable ready-for-production solution.","Talk",NA,"2026",2026-06-16,"15:40:00","16:00:00","Michael Rimler | Mike Stackhouse","GSK | Atorus","Agentic AI Basics: How LLMs Work",NA,"https://youtu.be/MpXyBePMNwc","AI is everywhere. No doubt that your organization is exploring how to integrate LLMs and GenAI into daily work. Now we have AI Agents and MCPs - the gap continues to widen between simple prompting in an LLM interface to fully automated agentic coding that can handle routine tasks end-to-end. This presentation will explore how one might help close that gap through a use-case scenario that was delivered as a hands-on workshop at the 2026 PHUSE US Connect in Austin, TX. The objective of the workshop was for participants to leave the session with (i) an understanding of the fundamental concepts of how LLMs and AI solutions operate, (ii) a sense of the ease of entry to get started with agentic coding and (iii) an appreciation for the effort required to engineer the initial ""first solution"" into a robust and stable ready-for-production solution.",NA
"rinpharma_618","genAI Day 2026","This short workshop will show you how to enhance your productivity with AI. We will use the free Positron IDE and its integrated AI agents to build and share: - Reports with Quarto. - Dashboards with Quarto. - Interactive apps with Shiny - AI powered apps with QueryChat We will learn how to share these on Posit Connect, where you can control access to your content, schedule automatic updates, monitor usage, and more. Together, these activities help demonstrate the benefit of using AI not simply to find answers, but to build auditable and reproducible code trails that generate answers.","Workshop",NA,"2026",2026-06-16,"22:00:00","23:55:00","Garrett Grolemund | Phil Bowsher","Posit | Posit","Use AI to build and share insights from health data",NA,"https://youtu.be/cPjlQAmw6xU","This short workshop will show you how to enhance your productivity with AI. We will use the free Positron IDE and its integrated AI agents to build and share - Reports with Quarto. - Dashboards with Quarto. - Interactive apps with Shiny - AI powered apps with QueryChat We will learn how to share these on Posit Connect, where you can control access to your content, schedule automatic updates, monitor usage, and more. Together, these activities help demonstrate the benefit of using AI not simply to find answers, but to build auditable and reproducible code trails that generate answers.",NA
"rinpharma_619","genAI Day 2026",NA,"Schedule only",NA,"2026",2026-06-16,"23:55:00","00:00:00",NA,NA,"Break",NA,NA,NA,"Unfortunately we do not currently have an abstract, copy of the slides or link to the video to this presentation"
"rinpharma_620","genAI Day 2026","Large Language Models are powerful, but they are often limited by ""stale"" knowledge. To move toward true Agentic Coding—where AI plans, executes, and iterates autonomously—we must provide them with real-time, high-fidelity context. The Model Context Protocol (MCP) provides the missing link. This session explores the technical ""Deep-Dive"" into MCP's primitives, including dynamic prompts and resource interpolation. We'll demonstrate how agents can now query GitHub issues, run tests, and fetch live documentation using natural language. Stop building isolated chatbots and start building integrated AI partners.","Talk",NA,"2026",2026-06-17,"00:00:00","01:00:00","Harshavardhan Bajoria","UnStop","Beyond the Prompt: Building Truly Autonomous AI Agents with MCP",NA,"https://youtu.be/TFCUDn2EGEE","Large Language Models are powerful, but they are often limited by ""stale"" knowledge. To move toward true Agentic Coding—where AI plans, executes, and iterates autonomously—we must provide them with real-time, high-fidelity context. The Model Context Protocol (MCP) provides the missing link. This session explores the technical ""Deep-Dive"" into MCP's primitives, including dynamic prompts and resource interpolation. We'll demonstrate how agents can now query GitHub issues, run tests, and fetch live documentation using natural language. Stop building isolated chatbots and start building integrated AI partners.",NA
"rinpharma_621","genAI Day 2026","2026 has been a banner year for AI and has pushed LLM capabilities across a new operational threshold that makes it practical for agents to execute structured workflows through explicit orchestration frameworks such as Claude Code, with task-specific guidance encoded in lightweight markdown artifacts such as skill files. In a biostatistical and clinical data context, this can facilitate tasks such as authoring statistical documentation and programming code, which in turn produce analysis datasets and outputs. In practice, however, building such workflows reliably raises substantial concerns around accuracy, evaluation, domain knowledge, GxP validation, data privacy, and human accountability. This presentation shares practical experience and reflections from building agentic workflows, organized in three parts: early exploration, observations after diving in, and considerations for those preparing to do the same. Examples will be presented to illustrate the ideas.","Talk",NA,"2026",2026-06-17,"01:00:00","01:30:00","Mia Chen","CIMS Global","Hands Dirty First: Practical Notes from Before, During, and After Building Agentic Workflows",NA,"https://youtu.be/4CPkxc3Zz8I","2026 has been a banner year for AI and has pushed LLM capabilities across a new operational threshold that makes it practical for agents to execute structured workflows through explicit orchestration frameworks such as Claude Code, with task-specific guidance encoded in lightweight markdown artifacts such as skill files. In a biostatistical and clinical data context, this can facilitate tasks such as authoring statistical documentation and programming code, which in turn produce analysis datasets and outputs. In practice, however, building such workflows reliably raises substantial concerns around accuracy, evaluation, domain knowledge, GxP validation, data privacy, and human accountability. This presentation shares practical experience and reflections from building agentic workflows, organized in three parts early exploration, observations after diving in, and considerations for those preparing to do the same. Examples will be presented to illustrate the ideas.",NA
"rinpharma_622","genAI Day 2026","Open-source agents are easy to plug into workflows. Until they start disagreeing. Give one agent the task of retrieving clinical data, another for budget constraints, another for regulatory or submission checks—and ask a simple question: generate a study-ready output. Watch them conflict, duplicate queries, and loop across tools. Tokens burn, latency spikes, and reproducibility—the thing pharma cares about most—starts to break. I'll demo this failure live. Then, in under 5 minutes, restructure the same system—introducing lightweight orchestration with Strands, clearer agent boundaries, and controlled interaction patterns. The same agents that were “fighting” now coordinate, share context, and produce consistent, auditable results in fewer steps and lower cost. The fix isn't more agents or better prompts. It's rethinking how agents interact in regulated, reproducible environments—what they own, how they communicate, and how their outputs can be trusted. The patterns emerging across open-source systems all point to the same idea: agents don't need more autonomy—they need better coordination.","Talk",NA,"2026",2026-06-17,"01:30:00","02:00:00","Anannya Roy Chowdhury","AWS","My Agents fought and became friends under 5 mins",NA,"https://youtu.be/XzPa-cA7aAE","Open-source agents are easy to plug into workflows. Until they start disagreeing. Give one agent the task of retrieving clinical data, another for budget constraints, another for regulatory or submission checks—and ask a simple question generate a study-ready output. Watch them conflict, duplicate queries, and loop across tools. Tokens burn, latency spikes, and reproducibility—the thing pharma cares about most—starts to break. I'll demo this failure live. Then, in under 5 minutes, restructure the same system—introducing lightweight orchestration with Strands, clearer agent boundaries, and controlled interaction patterns. The same agents that were “fighting” now coordinate, share context, and produce consistent, auditable results in fewer steps and lower cost. The fix isn't more agents or better prompts. It's rethinking how agents interact in regulated, reproducible environments—what they own, how they communicate, and how their outputs can be trusted. The patterns emerging across open-source systems all point to the same idea agents don't need more autonomy—they need better coordination.",NA
